#node1	node2	node1_string_id	node2_string_id	neighborhood_on_chromosome	gene_fusion	phylogenetic_cooccurrence	homology	coexpression	experimentally_determined_interaction	database_annotated	automated_textmining	combined_score
AKT1	DVL2	9606.ENSP00000451828	9606.ENSP00000005340	0	0	0	0	0.095	0.093	0	0.387	0.453
AKT1	FGF4	9606.ENSP00000451828	9606.ENSP00000168712	0	0	0	0	0	0	0	0.664	0.664
AKT1	FGF20	9606.ENSP00000451828	9606.ENSP00000180166	0	0	0	0	0	0	0	0.686	0.686
AKT1	FGF22	9606.ENSP00000451828	9606.ENSP00000215530	0	0	0	0	0	0	0	0.678	0.678
AKT1	MAPK1	9606.ENSP00000451828	9606.ENSP00000215832	0	0	0	0.593	0.118	0.110	0.900	0.872	0.988
AKT1	SOS2	9606.ENSP00000451828	9606.ENSP00000216373	0	0	0	0	0.073	0.084	0	0.567	0.601
AKT1	PIK3R2	9606.ENSP00000451828	9606.ENSP00000222254	0	0	0	0	0.128	0.093	0.900	0.677	0.971
AKT1	WNT3	9606.ENSP00000451828	9606.ENSP00000225512	0	0	0	0	0	0.092	0	0.397	0.429
AKT1	RPS6KB1	9606.ENSP00000451828	9606.ENSP00000225577	0	0	0.068	0.850	0.090	0.772	0.900	0.211	0.982
AKT1	CCND1	9606.ENSP00000451828	9606.ENSP00000227507	0	0	0	0	0.088	0	0	0.919	0.923
AKT1	FGF6	9606.ENSP00000451828	9606.ENSP00000228837	0	0	0	0	0	0	0	0.661	0.661
AKT1	DLL4	9606.ENSP00000451828	9606.ENSP00000249749	0	0	0	0	0.057	0.098	0	0.491	0.530
AKT1	JAG1	9606.ENSP00000451828	9606.ENSP00000254958	0	0	0	0	0.057	0.098	0	0.582	0.613
AKT1	KRAS	9606.ENSP00000451828	9606.ENSP00000256078	0	0	0	0	0.076	0.110	0	0.893	0.904
AKT1	NOTCH2	9606.ENSP00000451828	9606.ENSP00000256646	0	0	0	0	0.125	0.098	0	0.521	0.589
AKT1	APC	9606.ENSP00000451828	9606.ENSP00000257430	0	0	0	0	0	0.097	0	0.440	0.472
AKT1	CDK4	9606.ENSP00000451828	9606.ENSP00000257904	0	0	0.112	0.601	0.068	0.231	0	0.572	0.691
AKT1	LRP6	9606.ENSP00000451828	9606.ENSP00000261349	0	0	0	0	0	0	0	0.516	0.516
AKT1	AXIN1	9606.ENSP00000451828	9606.ENSP00000262320	0	0	0	0	0.232	0.127	0	0.880	0.912
AKT1	PIK3R3	9606.ENSP00000451828	9606.ENSP00000262741	0	0	0	0	0.051	0.093	0.900	0.610	0.962
AKT1	E2F3	9606.ENSP00000451828	9606.ENSP00000262904	0	0	0	0	0.062	0.057	0	0.507	0.526
AKT1	MAP2K2	9606.ENSP00000451828	9606.ENSP00000262948	0	0	0	0.630	0.157	0.161	0	0.471	0.593
AKT1	MAPK3	9606.ENSP00000451828	9606.ENSP00000263025	0	0	0	0.587	0.266	0.110	0.900	0.432	0.957
AKT1	NOTCH3	9606.ENSP00000451828	9606.ENSP00000263388	0	0	0	0	0.089	0.098	0	0.518	0.570
AKT1	PIK3CA	9606.ENSP00000451828	9606.ENSP00000263967	0	0	0	0	0.060	0.738	0.900	0.951	0.998
AKT1	FGF2	9606.ENSP00000451828	9606.ENSP00000264498	0	0	0	0	0	0	0.500	0.859	0.926
AKT1	WNT5A	9606.ENSP00000451828	9606.ENSP00000264634	0	0	0	0	0	0.092	0	0.736	0.750
AKT1	FGF10	9606.ENSP00000451828	9606.ENSP00000264664	0	0	0	0	0	0	0	0.682	0.682
AKT1	LEF1	9606.ENSP00000451828	9606.ENSP00000265165	0	0	0	0	0.078	0.045	0	0.512	0.533
AKT1	EGF	9606.ENSP00000451828	9606.ENSP00000265171	0	0	0	0	0	0	0	0.933	0.933
AKT1	WNT2	9606.ENSP00000451828	9606.ENSP00000265441	0	0	0	0	0	0.092	0	0.528	0.553
AKT1	CDK6	9606.ENSP00000451828	9606.ENSP00000265734	0	0	0	0.603	0.042	0.228	0	0.307	0.443
AKT1	RB1	9606.ENSP00000451828	9606.ENSP00000267163	0	0	0	0	0.060	0.045	0	0.576	0.586
AKT1	FGF7	9606.ENSP00000451828	9606.ENSP00000267843	0	0	0	0	0	0	0	0.686	0.686
AKT1	TP53	9606.ENSP00000451828	9606.ENSP00000269305	0	0	0	0	0.049	0.184	0.900	0.934	0.994
AKT1	ERBB2	9606.ENSP00000451828	9606.ENSP00000269571	0	0	0	0.561	0.060	0.222	0	0.436	0.552
AKT1	FGF18	9606.ENSP00000451828	9606.ENSP00000274625	0	0	0	0	0	0	0	0.663	0.663
AKT1	EGFR	9606.ENSP00000451828	9606.ENSP00000275493	0	0	0	0.559	0.042	0.640	0	0.445	0.792
AKT1	WNT3A	9606.ENSP00000451828	9606.ENSP00000284523	0	0	0	0	0	0.092	0	0.597	0.618
AKT1	WNT7A	9606.ENSP00000451828	9606.ENSP00000285018	0	0	0	0	0	0.092	0	0.401	0.433
AKT1	FZD7	9606.ENSP00000451828	9606.ENSP00000286201	0	0	0	0	0	0.071	0	0.387	0.406
AKT1	KIT	9606.ENSP00000451828	9606.ENSP00000288135	0	0	0	0	0.079	0.074	0	0.804	0.818
AKT1	WNT4	9606.ENSP00000451828	9606.ENSP00000290167	0	0	0	0	0	0.092	0	0.580	0.602
AKT1	ARAF	9606.ENSP00000451828	9606.ENSP00000290277	0	0	0.144	0.589	0.076	0.175	0	0.232	0.432
AKT1	BAX	9606.ENSP00000451828	9606.ENSP00000293288	0	0	0	0	0.160	0.292	0	0.631	0.761
AKT1	WNT1	9606.ENSP00000451828	9606.ENSP00000293549	0	0	0	0	0	0.092	0	0.561	0.584
AKT1	LRP5	9606.ENSP00000451828	9606.ENSP00000294304	0	0	0	0	0.086	0	0	0.517	0.540
AKT1	FGF19	9606.ENSP00000451828	9606.ENSP00000294312	0	0	0	0	0	0	0	0.450	0.450
AKT1	MAP2K1	9606.ENSP00000451828	9606.ENSP00000302486	0	0	0.100	0.632	0.060	0.161	0	0.366	0.490
AKT1	AXIN2	9606.ENSP00000451828	9606.ENSP00000302625	0	0	0	0	0.051	0.127	0	0.510	0.558
AKT1	FOS	9606.ENSP00000451828	9606.ENSP00000306245	0	0	0	0	0.069	0.096	0	0.722	0.746
AKT1	RPS6KB2	9606.ENSP00000451828	9606.ENSP00000308413	0	0	0.072	0.850	0.107	0.357	0.900	0.189	0.949
AKT1	FGF5	9606.ENSP00000451828	9606.ENSP00000311697	0	0	0	0	0	0	0	0.662	0.662
AKT1	DVL3	9606.ENSP00000451828	9606.ENSP00000316054	0	0	0	0	0.076	0.093	0	0.345	0.403
AKT1	FGF8	9606.ENSP00000451828	9606.ENSP00000321797	0	0	0	0	0	0	0	0.659	0.659
AKT1	GSK3B	9606.ENSP00000451828	9606.ENSP00000324806	0	0	0	0.579	0.138	0.929	0.900	0.428	0.996
AKT1	PGR	9606.ENSP00000451828	9606.ENSP00000325120	0	0	0	0	0.067	0.071	0	0.664	0.683
AKT1	WNT11	9606.ENSP00000451828	9606.ENSP00000325526	0	0	0	0	0	0.092	0	0.608	0.629
AKT1	JAG2	9606.ENSP00000451828	9606.ENSP00000328169	0	0	0	0	0.087	0.098	0	0.432	0.491
AKT1	SP1	9606.ENSP00000451828	9606.ENSP00000329357	0	0	0	0	0.067	0.314	0	0.544	0.682
AKT1	FGF3	9606.ENSP00000451828	9606.ENSP00000334122	0	0	0	0	0.042	0	0	0.664	0.664
AKT1	HEY1	9606.ENSP00000451828	9606.ENSP00000338272	0	0	0	0	0	0.071	0	0.417	0.436
AKT1	ESR2	9606.ENSP00000451828	9606.ENSP00000343925	0	0	0	0	0.055	0.071	0	0.669	0.684
AKT1	E2F1	9606.ENSP00000451828	9606.ENSP00000345571	0	0	0	0	0.094	0.057	0	0.782	0.797
AKT1	FGF17	9606.ENSP00000451828	9606.ENSP00000352414	0	0	0	0	0.043	0	0	0.661	0.662
AKT1	MTOR	9606.ENSP00000451828	9606.ENSP00000354558	0	0	0	0	0.060	0.925	0.900	0.954	0.999
AKT1	E2F2	9606.ENSP00000451828	9606.ENSP00000355249	0	0	0	0	0.060	0.057	0	0.451	0.471
AKT1	DLL1	9606.ENSP00000451828	9606.ENSP00000355718	0	0	0	0	0.057	0.098	0	0.392	0.437
AKT1	HEY2	9606.ENSP00000451828	9606.ENSP00000357348	0	0	0	0	0	0.071	0	0.465	0.481
AKT1	NRAS	9606.ENSP00000451828	9606.ENSP00000358548	0	0	0	0	0.099	0.164	0	0.774	0.815
AKT1	NFKB2	9606.ENSP00000451828	9606.ENSP00000358983	0	0	0	0	0.079	0.095	0	0.630	0.665
AKT1	GADD45A	9606.ENSP00000451828	9606.ENSP00000360025	0	0	0	0	0	0	0	0.479	0.479
AKT1	JUN	9606.ENSP00000451828	9606.ENSP00000360266	0	0	0	0	0.049	0.085	0.900	0.915	0.991
AKT1	PTEN	9606.ENSP00000451828	9606.ENSP00000361021	0	0	0	0	0	0.648	0	0.967	0.988
AKT1	NCOA3	9606.ENSP00000451828	9606.ENSP00000361066	0	0	0	0	0.058	0	0	0.485	0.495
AKT1	BAK1	9606.ENSP00000451828	9606.ENSP00000363591	0	0	0	0	0.062	0	0	0.412	0.425
AKT1	NOTCH4	9606.ENSP00000451828	9606.ENSP00000364163	0	0	0	0	0	0.098	0.750	0.419	0.857
AKT1	PIK3CD	9606.ENSP00000451828	9606.ENSP00000366563	0	0	0	0	0.042	0.098	0.900	0.757	0.976
AKT1	DVL1	9606.ENSP00000451828	9606.ENSP00000368166	0	0	0	0	0.149	0.093	0	0.690	0.740
AKT1	BRCA2	9606.ENSP00000451828	9606.ENSP00000369497	0	0	0	0	0.057	0	0	0.598	0.605
AKT1	FGF9	9606.ENSP00000451828	9606.ENSP00000371790	0	0	0	0	0	0	0	0.689	0.689
AKT1	AKT2	9606.ENSP00000451828	9606.ENSP00000375892	0	0	0.050	0.981	0.131	0.787	0.900	0.569	0.991
AKT1	GRB2	9606.ENSP00000451828	9606.ENSP00000376345	0	0	0	0	0.049	0.100	0	0.900	0.907
AKT1	IGF1	9606.ENSP00000451828	9606.ENSP00000376637	0	0	0	0	0	0.063	0	0.934	0.935
AKT1	TNFSF11	9606.ENSP00000451828	9606.ENSP00000381775	0	0	0	0	0	0	0	0.751	0.751
AKT1	SOS1	9606.ENSP00000451828	9606.ENSP00000384675	0	0	0	0	0.080	0.084	0	0.744	0.765
AKT1	CDKN1A	9606.ENSP00000451828	9606.ENSP00000384849	0	0	0	0	0	0.776	0.900	0.833	0.995
AKT1	FGFR1	9606.ENSP00000451828	9606.ENSP00000393312	0	0	0	0.570	0.050	0.316	0	0.365	0.552
AKT1	FGF16	9606.ENSP00000451828	9606.ENSP00000399324	0	0	0	0	0	0	0	0.687	0.687
AKT1	SHC1	9606.ENSP00000451828	9606.ENSP00000401303	0	0	0	0	0.060	0.073	0	0.758	0.771
AKT1	RAF1	9606.ENSP00000451828	9606.ENSP00000401888	0	0	0.145	0.583	0.075	0.816	0.900	0.557	0.992
AKT1	ESR1	9606.ENSP00000451828	9606.ENSP00000405330	0	0	0	0	0.055	0.314	0	0.877	0.913
AKT1	HRAS	9606.ENSP00000451828	9606.ENSP00000407586	0	0	0	0	0.103	0.110	0	0.880	0.896
AKT1	BRCA1	9606.ENSP00000451828	9606.ENSP00000418960	0	0	0	0	0	0.735	0.900	0.786	0.993
AKT1	BRAF	9606.ENSP00000451828	9606.ENSP00000419060	0	0	0.131	0.586	0	0.631	0	0.376	0.783
AKT1	PIK3R1	9606.ENSP00000451828	9606.ENSP00000428056	0	0	0	0	0.058	0.558	0.900	0.913	0.995
AKT1	TCF7L2	9606.ENSP00000451828	9606.ENSP00000486891	0	0	0	0	0.062	0.045	0	0.409	0.425
AKT1	FGF21	9606.ENSP00000451828	9606.ENSP00000471477	0	0	0	0	0.044	0	0	0.566	0.568
AKT1	FGF1	9606.ENSP00000451828	9606.ENSP00000480791	0	0	0	0	0	0	0	0.575	0.575
AKT1	IGF1R	9606.ENSP00000451828	9606.ENSP00000497069	0	0	0	0.559	0.062	0.294	0	0.470	0.619
AKT1	NOTCH1	9606.ENSP00000451828	9606.ENSP00000498587	0	0	0	0	0.139	0.505	0	0.757	0.887
AKT1	MYC	9606.ENSP00000451828	9606.ENSP00000478887	0	0	0	0	0	0.169	0	0.918	0.928
AKT1	AKT3	9606.ENSP00000451828	9606.ENSP00000500582	0	0	0.050	0.981	0	0.592	0.900	0.057	0.958
AKT1	CTNNB1	9606.ENSP00000451828	9606.ENSP00000495360	0	0	0	0	0.074	0.539	0.400	0.930	0.979
AKT1	PIK3CB	9606.ENSP00000451828	9606.ENSP00000501150	0	0	0	0	0.049	0.334	0.900	0.901	0.992
AKT2	MAPK1	9606.ENSP00000375892	9606.ENSP00000215832	0	0	0	0.592	0.083	0.110	0.900	0.240	0.929
AKT2	PIK3R2	9606.ENSP00000375892	9606.ENSP00000222254	0	0	0	0	0.074	0.093	0.900	0.615	0.963
AKT2	RPS6KB1	9606.ENSP00000375892	9606.ENSP00000225577	0	0	0.070	0.859	0.090	0.095	0.900	0.347	0.940
AKT2	CCND1	9606.ENSP00000375892	9606.ENSP00000227507	0	0	0	0	0.081	0	0	0.705	0.717
AKT2	KRAS	9606.ENSP00000375892	9606.ENSP00000256078	0	0	0	0	0.081	0.148	0	0.584	0.646
AKT2	PIK3R3	9606.ENSP00000375892	9606.ENSP00000262741	0	0	0	0	0.051	0.093	0.900	0.528	0.953
AKT2	MAPK3	9606.ENSP00000375892	9606.ENSP00000263025	0	0	0	0.587	0.062	0.110	0.900	0.604	0.962
AKT2	PIK3CA	9606.ENSP00000375892	9606.ENSP00000263967	0	0	0	0	0.042	0.098	0.900	0.841	0.984
AKT2	EGF	9606.ENSP00000375892	9606.ENSP00000265171	0	0	0	0	0	0	0	0.478	0.478
AKT2	TP53	9606.ENSP00000375892	9606.ENSP00000269305	0	0	0	0	0.072	0	0.900	0.734	0.973
AKT2	EGFR	9606.ENSP00000375892	9606.ENSP00000275493	0	0	0	0.561	0.042	0.175	0	0.549	0.612
AKT2	KIT	9606.ENSP00000375892	9606.ENSP00000288135	0	0	0	0	0.079	0.074	0	0.368	0.413
AKT2	RPS6KB2	9606.ENSP00000375892	9606.ENSP00000308413	0	0	0.072	0.860	0.101	0.095	0.900	0.138	0.923
AKT2	GSK3B	9606.ENSP00000375892	9606.ENSP00000324806	0	0	0	0.582	0.067	0.532	0.900	0.536	0.977
AKT2	PGR	9606.ENSP00000375892	9606.ENSP00000325120	0	0	0	0	0.067	0.071	0	0.575	0.600
AKT2	ESR2	9606.ENSP00000375892	9606.ENSP00000343925	0	0	0	0	0.057	0.071	0	0.389	0.419
AKT2	MTOR	9606.ENSP00000375892	9606.ENSP00000354558	0	0	0	0	0.060	0.073	0.900	0.668	0.967
AKT2	NRAS	9606.ENSP00000375892	9606.ENSP00000358548	0	0	0	0	0.074	0.110	0	0.441	0.499
AKT2	JUN	9606.ENSP00000375892	9606.ENSP00000360266	0	0	0	0	0	0.085	0.900	0.677	0.967
AKT2	PTEN	9606.ENSP00000375892	9606.ENSP00000361021	0	0	0	0	0	0.287	0	0.767	0.826
AKT2	PIK3CD	9606.ENSP00000375892	9606.ENSP00000366563	0	0	0	0	0.042	0.286	0.900	0.520	0.962
AKT2	IGF1R	9606.ENSP00000375892	9606.ENSP00000497069	0	0	0	0.562	0.071	0.045	0	0.378	0.401
AKT2	GRB2	9606.ENSP00000375892	9606.ENSP00000376345	0	0	0	0	0.049	0.100	0	0.397	0.439
AKT2	NOTCH1	9606.ENSP00000375892	9606.ENSP00000498587	0	0	0	0	0.093	0.098	0	0.388	0.456
AKT2	SHC1	9606.ENSP00000375892	9606.ENSP00000401303	0	0	0	0	0.062	0.073	0	0.456	0.486
AKT2	HRAS	9606.ENSP00000375892	9606.ENSP00000407586	0	0	0	0	0.076	0.110	0	0.442	0.501
AKT2	ESR1	9606.ENSP00000375892	9606.ENSP00000405330	0	0	0	0	0.055	0.314	0	0.455	0.616
AKT2	MYC	9606.ENSP00000375892	9606.ENSP00000478887	0	0	0	0	0	0.045	0	0.693	0.694
AKT2	CTNNB1	9606.ENSP00000375892	9606.ENSP00000495360	0	0	0	0	0.074	0.098	0.400	0.508	0.721
AKT2	IGF1	9606.ENSP00000375892	9606.ENSP00000376637	0	0	0	0	0	0.063	0	0.723	0.729
AKT2	RAF1	9606.ENSP00000375892	9606.ENSP00000401888	0	0	0.135	0.586	0.074	0.045	0.900	0.159	0.923
AKT2	BRCA1	9606.ENSP00000375892	9606.ENSP00000418960	0	0	0	0	0.049	0	0.900	0.402	0.938
AKT2	CDKN1A	9606.ENSP00000375892	9606.ENSP00000384849	0	0	0	0	0	0.296	0.900	0.415	0.955
AKT2	AKT3	9606.ENSP00000375892	9606.ENSP00000500582	0	0	0.051	0.979	0	0.162	0.900	0.617	0.965
AKT2	PIK3R1	9606.ENSP00000375892	9606.ENSP00000428056	0	0	0	0	0.066	0.093	0.900	0.789	0.979
AKT2	PIK3CB	9606.ENSP00000375892	9606.ENSP00000501150	0	0	0	0	0.048	0.276	0.900	0.783	0.983
AKT2	AKT1	9606.ENSP00000375892	9606.ENSP00000451828	0	0	0.050	0.981	0.131	0.787	0.900	0.569	0.991
AKT3	MAPK1	9606.ENSP00000500582	9606.ENSP00000215832	0	0	0	0.601	0.085	0.110	0.900	0.218	0.927
AKT3	PIK3R2	9606.ENSP00000500582	9606.ENSP00000222254	0	0	0	0	0.067	0.093	0.900	0.657	0.967
AKT3	RPS6KB1	9606.ENSP00000500582	9606.ENSP00000225577	0	0	0.069	0.852	0.083	0.095	0.900	0.384	0.943
AKT3	CCND1	9606.ENSP00000500582	9606.ENSP00000227507	0	0	0	0	0.081	0	0	0.537	0.557
AKT3	KRAS	9606.ENSP00000500582	9606.ENSP00000256078	0	0	0	0	0.079	0.110	0	0.513	0.566
AKT3	PIK3R3	9606.ENSP00000500582	9606.ENSP00000262741	0	0	0	0	0.051	0.093	0.900	0.733	0.973
AKT3	MAPK3	9606.ENSP00000500582	9606.ENSP00000263025	0	0	0	0.595	0.099	0.110	0.900	0.215	0.928
AKT3	PIK3CA	9606.ENSP00000500582	9606.ENSP00000263967	0	0	0	0	0.075	0.098	0.900	0.838	0.984
AKT3	FGF2	9606.ENSP00000500582	9606.ENSP00000264498	0	0	0	0	0.083	0	0	0.551	0.571
AKT3	EGF	9606.ENSP00000500582	9606.ENSP00000265171	0	0	0	0	0	0	0	0.405	0.405
AKT3	TP53	9606.ENSP00000500582	9606.ENSP00000269305	0	0	0	0	0	0	0.900	0.555	0.953
AKT3	KIT	9606.ENSP00000500582	9606.ENSP00000288135	0	0	0	0	0.086	0.074	0	0.370	0.420
AKT3	RPS6KB2	9606.ENSP00000500582	9606.ENSP00000308413	0	0	0.072	0.853	0.083	0.095	0.900	0.335	0.939
AKT3	GSK3B	9606.ENSP00000500582	9606.ENSP00000324806	0	0	0	0.586	0	0.552	0.900	0.254	0.963
AKT3	MTOR	9606.ENSP00000500582	9606.ENSP00000354558	0	0	0	0	0	0.073	0.900	0.609	0.960
AKT3	NRAS	9606.ENSP00000500582	9606.ENSP00000358548	0	0	0	0	0.074	0.110	0	0.514	0.564
AKT3	JUN	9606.ENSP00000500582	9606.ENSP00000360266	0	0	0	0	0	0.085	0.900	0.407	0.941
AKT3	PTEN	9606.ENSP00000500582	9606.ENSP00000361021	0	0	0	0	0	0.287	0	0.765	0.825
AKT3	PIK3CD	9606.ENSP00000500582	9606.ENSP00000366563	0	0	0	0	0	0.098	0.900	0.494	0.950
AKT3	AKT2	9606.ENSP00000500582	9606.ENSP00000375892	0	0	0.051	0.979	0	0.162	0.900	0.617	0.965
AKT3	IGF1	9606.ENSP00000500582	9606.ENSP00000376637	0	0	0	0	0	0.063	0	0.447	0.459
AKT3	SOS1	9606.ENSP00000500582	9606.ENSP00000384675	0	0	0	0	0.057	0.084	0	0.381	0.420
AKT3	CDKN1A	9606.ENSP00000500582	9606.ENSP00000384849	0	0	0	0	0	0.047	0.900	0.520	0.950
AKT3	SHC1	9606.ENSP00000500582	9606.ENSP00000401303	0	0	0	0	0.043	0.073	0	0.396	0.417
AKT3	RAF1	9606.ENSP00000500582	9606.ENSP00000401888	0	0	0.141	0.590	0	0.045	0.900	0.169	0.922
AKT3	ESR1	9606.ENSP00000500582	9606.ENSP00000405330	0	0	0	0	0.055	0.071	0	0.402	0.429
AKT3	HRAS	9606.ENSP00000500582	9606.ENSP00000407586	0	0	0	0	0.074	0.110	0	0.408	0.470
AKT3	BRCA1	9606.ENSP00000500582	9606.ENSP00000418960	0	0	0	0	0	0	0.900	0.375	0.934
AKT3	PIK3R1	9606.ENSP00000500582	9606.ENSP00000428056	0	0	0	0	0.071	0.093	0.900	0.768	0.977
AKT3	AKT1	9606.ENSP00000500582	9606.ENSP00000451828	0	0	0.050	0.981	0	0.592	0.900	0.057	0.958
AKT3	MYC	9606.ENSP00000500582	9606.ENSP00000478887	0	0	0	0	0	0.045	0	0.477	0.479
AKT3	CTNNB1	9606.ENSP00000500582	9606.ENSP00000495360	0	0	0	0	0.067	0.098	0	0.472	0.518
AKT3	NOTCH1	9606.ENSP00000500582	9606.ENSP00000498587	0	0	0	0	0.092	0.098	0	0.496	0.551
AKT3	PIK3CB	9606.ENSP00000500582	9606.ENSP00000501150	0	0	0	0	0	0.098	0.900	0.636	0.964
APC	DVL2	9606.ENSP00000257430	9606.ENSP00000005340	0	0	0	0	0	0.441	0.900	0.408	0.964
APC	WNT3	9606.ENSP00000257430	9606.ENSP00000225512	0	0	0	0	0	0.058	0.720	0.392	0.825
APC	CCND1	9606.ENSP00000257430	9606.ENSP00000227507	0	0	0	0	0	0.088	0	0.575	0.595
APC	KRAS	9606.ENSP00000257430	9606.ENSP00000256078	0	0	0	0	0.060	0.088	0	0.583	0.611
APC	JUN	9606.ENSP00000257430	9606.ENSP00000360266	0	0	0	0	0	0.088	0	0.370	0.400
APC	WNT7A	9606.ENSP00000257430	9606.ENSP00000285018	0	0	0	0	0	0.058	0	0.393	0.404
APC	EGFR	9606.ENSP00000257430	9606.ENSP00000275493	0	0	0	0	0	0	0	0.418	0.418
APC	BRAF	9606.ENSP00000257430	9606.ENSP00000419060	0	0	0	0	0.049	0.097	0	0.402	0.442
APC	WNT5A	9606.ENSP00000257430	9606.ENSP00000264634	0	0	0	0	0	0.058	0	0.448	0.458
APC	FRAT2	9606.ENSP00000257430	9606.ENSP00000360058	0	0	0	0	0	0	0.400	0.139	0.461
APC	AKT1	9606.ENSP00000257430	9606.ENSP00000451828	0	0	0	0	0	0.097	0	0.440	0.472
APC	PTEN	9606.ENSP00000257430	9606.ENSP00000361021	0	0	0	0	0.118	0	0	0.432	0.478
APC	PIK3CA	9606.ENSP00000257430	9606.ENSP00000263967	0	0	0	0	0.082	0.190	0	0.368	0.489
APC	FRAT1	9606.ENSP00000257430	9606.ENSP00000360060	0	0	0	0	0	0	0.400	0.330	0.580
APC	TP53	9606.ENSP00000257430	9606.ENSP00000269305	0	0	0	0	0	0.126	0	0.573	0.610
APC	WNT8B	9606.ENSP00000257430	9606.ENSP00000340677	0	0	0	0	0	0.058	0.500	0.238	0.610
APC	WNT8A	9606.ENSP00000257430	9606.ENSP00000426653	0	0	0	0	0	0.058	0.500	0.242	0.612
APC	MYC	9606.ENSP00000257430	9606.ENSP00000478887	0	0	0	0	0	0.115	0	0.581	0.613
APC	WNT2	9606.ENSP00000257430	9606.ENSP00000265441	0	0	0	0	0	0.058	0.540	0.326	0.682
APC	FZD1	9606.ENSP00000257430	9606.ENSP00000287934	0	0	0	0	0.042	0	0.540	0.403	0.714
APC	WNT1	9606.ENSP00000257430	9606.ENSP00000293549	0	0	0	0	0	0.058	0.500	0.532	0.760
APC	TCF7L1	9606.ENSP00000257430	9606.ENSP00000282111	0	0	0	0	0	0.071	0.650	0.365	0.775
APC	FZD2	9606.ENSP00000257430	9606.ENSP00000323901	0	0	0	0	0	0	0.500	0.590	0.786
APC	WNT3A	9606.ENSP00000257430	9606.ENSP00000284523	0	0	0	0	0	0.058	0.500	0.600	0.795
APC	TCF7L2	9606.ENSP00000257430	9606.ENSP00000486891	0	0	0	0	0	0.071	0.650	0.475	0.814
APC	LEF1	9606.ENSP00000257430	9606.ENSP00000265165	0	0	0	0	0	0.071	0.650	0.571	0.848
APC	LRP6	9606.ENSP00000257430	9606.ENSP00000261349	0	0	0	0	0.042	0	0.720	0.578	0.877
APC	CSNK1A1L	9606.ENSP00000257430	9606.ENSP00000369126	0	0	0	0	0	0	0.900	0.065	0.902
APC	LRP5	9606.ENSP00000257430	9606.ENSP00000294304	0	0	0	0	0	0	0.720	0.668	0.903
APC	APC2	9606.ENSP00000257430	9606.ENSP00000442954	0	0	0.085	0.819	0.062	0	0.900	0.089	0.911
APC	DVL3	9606.ENSP00000257430	9606.ENSP00000316054	0	0	0	0	0	0.051	0.900	0.337	0.931
APC	TCF7	9606.ENSP00000257430	9606.ENSP00000340347	0	0	0	0	0	0.071	0.900	0.571	0.956
APC	DVL1	9606.ENSP00000257430	9606.ENSP00000368166	0	0	0	0	0	0.512	0.900	0.808	0.989
APC	GSK3B	9606.ENSP00000257430	9606.ENSP00000324806	0	0	0	0	0.095	0.863	0.900	0.996	0.999
APC	AXIN1	9606.ENSP00000257430	9606.ENSP00000262320	0	0	0	0	0.054	0.994	0.900	0.996	0.999
APC	CTNNB1	9606.ENSP00000257430	9606.ENSP00000495360	0	0	0	0	0.099	0.999	0.900	0.996	0.999
APC	AXIN2	9606.ENSP00000257430	9606.ENSP00000302625	0	0	0	0	0.054	0.567	0.900	0.993	0.999
APC2	DVL2	9606.ENSP00000442954	9606.ENSP00000005340	0	0	0	0	0	0.045	0.900	0.121	0.908
APC2	APC	9606.ENSP00000442954	9606.ENSP00000257430	0	0	0.085	0.819	0.062	0	0.900	0.089	0.911
APC2	AXIN1	9606.ENSP00000442954	9606.ENSP00000262320	0	0	0	0	0.054	0.414	0.900	0.894	0.993
APC2	LEF1	9606.ENSP00000442954	9606.ENSP00000265165	0	0	0	0	0	0.071	0.650	0.166	0.705
APC2	TCF7L1	9606.ENSP00000442954	9606.ENSP00000282111	0	0	0	0	0	0.071	0.650	0.166	0.705
APC2	AXIN2	9606.ENSP00000442954	9606.ENSP00000302625	0	0	0	0	0.054	0.529	0.900	0.559	0.977
APC2	DVL3	9606.ENSP00000442954	9606.ENSP00000316054	0	0	0	0	0	0.045	0.900	0.157	0.912
APC2	GSK3B	9606.ENSP00000442954	9606.ENSP00000324806	0	0	0	0	0	0.234	0.900	0.594	0.966
APC2	TCF7	9606.ENSP00000442954	9606.ENSP00000340347	0	0	0	0	0.042	0.071	0.900	0.545	0.954
APC2	DVL1	9606.ENSP00000442954	9606.ENSP00000368166	0	0	0	0	0.072	0.045	0.900	0.263	0.926
APC2	CSNK1A1L	9606.ENSP00000442954	9606.ENSP00000369126	0	0	0	0	0	0	0.900	0.221	0.918
APC2	TCF7L2	9606.ENSP00000442954	9606.ENSP00000486891	0	0	0	0	0	0.071	0.650	0.200	0.717
APC2	CTNNB1	9606.ENSP00000442954	9606.ENSP00000495360	0	0	0	0	0.099	0.881	0.900	0.572	0.994
ARAF	MAPK1	9606.ENSP00000290277	9606.ENSP00000215832	0	0	0	0.592	0.094	0.110	0.500	0.251	0.657
ARAF	SOS2	9606.ENSP00000290277	9606.ENSP00000216373	0	0	0	0	0.064	0.084	0	0.523	0.556
ARAF	RPS6KB1	9606.ENSP00000290277	9606.ENSP00000225577	0	0	0	0.572	0.061	0.091	0	0.394	0.438
ARAF	KRAS	9606.ENSP00000290277	9606.ENSP00000256078	0	0	0	0	0.079	0.745	0.900	0.864	0.996
ARAF	MAP2K2	9606.ENSP00000290277	9606.ENSP00000262948	0	0	0	0.575	0.126	0.925	0.900	0.572	0.996
ARAF	MAPK3	9606.ENSP00000290277	9606.ENSP00000263025	0	0	0	0.592	0.118	0.110	0.500	0.265	0.673
ARAF	PIK3CA	9606.ENSP00000290277	9606.ENSP00000263967	0	0	0	0	0.059	0.327	0	0.553	0.692
ARAF	TP53	9606.ENSP00000290277	9606.ENSP00000269305	0	0	0	0	0.088	0.192	0	0.431	0.544
ARAF	EGFR	9606.ENSP00000290277	9606.ENSP00000275493	0	0	0	0.583	0.042	0.102	0	0.552	0.581
ARAF	AKT1	9606.ENSP00000290277	9606.ENSP00000451828	0	0	0.144	0.589	0.076	0.175	0	0.232	0.432
ARAF	MYC	9606.ENSP00000290277	9606.ENSP00000478887	0	0	0	0	0.071	0.169	0	0.430	0.522
ARAF	SHC1	9606.ENSP00000290277	9606.ENSP00000401303	0	0	0	0	0.049	0.073	0	0.506	0.527
ARAF	PTEN	9606.ENSP00000290277	9606.ENSP00000361021	0	0	0	0	0.052	0.092	0	0.511	0.542
ARAF	GRB2	9606.ENSP00000290277	9606.ENSP00000376345	0	0	0	0	0.060	0.100	0	0.555	0.591
ARAF	NCOA3	9606.ENSP00000290277	9606.ENSP00000361066	0	0	0	0	0.058	0	0	0.590	0.597
ARAF	SOS1	9606.ENSP00000290277	9606.ENSP00000384675	0	0	0	0	0.064	0.084	0	0.584	0.612
ARAF	PIK3CB	9606.ENSP00000290277	9606.ENSP00000501150	0	0	0	0	0.059	0.069	0	0.636	0.654
ARAF	PIK3R1	9606.ENSP00000290277	9606.ENSP00000428056	0	0	0	0	0.042	0.536	0	0.576	0.795
ARAF	GSK3B	9606.ENSP00000290277	9606.ENSP00000324806	0	0	0	0.571	0.050	0	0.900	0.129	0.910
ARAF	MAP2K1	9606.ENSP00000290277	9606.ENSP00000302486	0	0	0	0.577	0.109	0.911	0.900	0.372	0.994
ARAF	NRAS	9606.ENSP00000290277	9606.ENSP00000358548	0	0	0	0	0.081	0.568	0.900	0.885	0.994
ARAF	RAF1	9606.ENSP00000290277	9606.ENSP00000401888	0	0	0.060	0.959	0.064	0.786	0.900	0.803	0.995
ARAF	HRAS	9606.ENSP00000290277	9606.ENSP00000407586	0	0	0	0	0.076	0.809	0.900	0.782	0.995
ARAF	BRAF	9606.ENSP00000290277	9606.ENSP00000419060	0	0	0.063	0.954	0	0.880	0.900	0.861	0.998
AXIN1	DVL2	9606.ENSP00000262320	9606.ENSP00000005340	0	0	0	0.551	0.138	0.982	0.900	0.937	0.999
AXIN1	FGF4	9606.ENSP00000262320	9606.ENSP00000168712	0	0	0	0	0.055	0.046	0	0.418	0.430
AXIN1	FGF20	9606.ENSP00000262320	9606.ENSP00000180166	0	0	0	0	0.055	0.046	0	0.416	0.428
AXIN1	WNT16	9606.ENSP00000262320	9606.ENSP00000222462	0	0	0	0	0.053	0.092	0	0.489	0.522
AXIN1	WNT3	9606.ENSP00000262320	9606.ENSP00000225512	0	0	0	0	0.053	0.092	0.360	0.627	0.767
AXIN1	CCND1	9606.ENSP00000262320	9606.ENSP00000227507	0	0	0	0	0.058	0	0	0.775	0.779
AXIN1	FZD10	9606.ENSP00000262320	9606.ENSP00000229030	0	0	0	0	0.053	0	0	0.428	0.435
AXIN1	WNT6	9606.ENSP00000262320	9606.ENSP00000233948	0	0	0	0	0.053	0.092	0	0.543	0.572
AXIN1	FZD3	9606.ENSP00000262320	9606.ENSP00000240093	0	0	0	0	0.053	0	0	0.450	0.457
AXIN1	JAG1	9606.ENSP00000262320	9606.ENSP00000254958	0	0	0	0	0	0.065	0	0.392	0.407
AXIN1	KRAS	9606.ENSP00000262320	9606.ENSP00000256078	0	0	0	0	0.049	0	0	0.478	0.482
AXIN1	APC	9606.ENSP00000262320	9606.ENSP00000257430	0	0	0	0	0.054	0.994	0.900	0.996	0.999
AXIN1	WNT10A	9606.ENSP00000262320	9606.ENSP00000258411	0	0	0	0	0.053	0.068	0	0.523	0.542
AXIN1	LRP6	9606.ENSP00000262320	9606.ENSP00000261349	0	0	0	0	0	0.851	0.500	0.999	0.999
AXIN1	MTOR	9606.ENSP00000262320	9606.ENSP00000354558	0	0	0	0	0.060	0	0	0.390	0.402
AXIN1	FGF10	9606.ENSP00000262320	9606.ENSP00000264664	0	0	0	0	0.055	0.046	0	0.396	0.408
AXIN1	PIK3CA	9606.ENSP00000262320	9606.ENSP00000263967	0	0	0	0	0.060	0	0	0.400	0.411
AXIN1	FGF19	9606.ENSP00000262320	9606.ENSP00000294312	0	0	0	0	0.055	0.046	0	0.401	0.412
AXIN1	FGF16	9606.ENSP00000262320	9606.ENSP00000399324	0	0	0	0	0.060	0.046	0	0.398	0.414
AXIN1	FGF8	9606.ENSP00000262320	9606.ENSP00000321797	0	0	0	0	0.055	0.046	0	0.407	0.418
AXIN1	FGF18	9606.ENSP00000262320	9606.ENSP00000274625	0	0	0	0	0.055	0.046	0	0.409	0.420
AXIN1	MAP2K1	9606.ENSP00000262320	9606.ENSP00000302486	0	0	0	0	0.064	0.154	0	0.327	0.421
AXIN1	SP1	9606.ENSP00000262320	9606.ENSP00000329357	0	0	0	0	0.122	0.294	0	0.141	0.422
AXIN1	FGF9	9606.ENSP00000262320	9606.ENSP00000371790	0	0	0	0	0.055	0.046	0	0.415	0.427
AXIN1	FGF3	9606.ENSP00000262320	9606.ENSP00000334122	0	0	0	0	0.055	0.046	0	0.419	0.430
AXIN1	ERBB2	9606.ENSP00000262320	9606.ENSP00000269571	0	0	0	0	0.049	0	0	0.452	0.456
AXIN1	BRAF	9606.ENSP00000262320	9606.ENSP00000419060	0	0	0	0	0.051	0.127	0	0.404	0.463
AXIN1	FZD6	9606.ENSP00000262320	9606.ENSP00000351605	0	0	0	0	0.053	0	0	0.494	0.501
AXIN1	FZD9	9606.ENSP00000262320	9606.ENSP00000345785	0	0	0	0	0.058	0	0	0.495	0.505
AXIN1	DLL1	9606.ENSP00000262320	9606.ENSP00000355718	0	0	0	0	0	0.065	0	0.495	0.508
AXIN1	EGF	9606.ENSP00000262320	9606.ENSP00000265171	0	0	0	0	0	0.091	0	0.491	0.517
AXIN1	BRCA1	9606.ENSP00000262320	9606.ENSP00000418960	0	0	0	0	0	0	0	0.535	0.535
AXIN1	WNT9B	9606.ENSP00000262320	9606.ENSP00000290015	0	0	0	0	0.053	0.068	0	0.517	0.536
AXIN1	PTEN	9606.ENSP00000262320	9606.ENSP00000361021	0	0	0	0	0	0	0	0.538	0.538
AXIN1	WNT9A	9606.ENSP00000262320	9606.ENSP00000272164	0	0	0	0	0.053	0.068	0	0.531	0.550
AXIN1	FZD8	9606.ENSP00000262320	9606.ENSP00000363826	0	0	0	0	0.053	0	0	0.551	0.556
AXIN1	JUN	9606.ENSP00000262320	9606.ENSP00000360266	0	0	0	0	0	0	0	0.559	0.559
AXIN1	WNT5B	9606.ENSP00000262320	9606.ENSP00000380379	0	0	0	0	0.053	0.092	0	0.545	0.574
AXIN1	WNT7B	9606.ENSP00000262320	9606.ENSP00000341032	0	0	0	0	0.058	0.092	0	0.543	0.575
AXIN1	FRAT2	9606.ENSP00000262320	9606.ENSP00000360058	0	0	0	0	0.080	0	0.400	0.298	0.578
AXIN1	WNT2B	9606.ENSP00000262320	9606.ENSP00000358698	0	0	0	0	0.053	0.092	0	0.555	0.584
AXIN1	WNT10B	9606.ENSP00000262320	9606.ENSP00000301061	0	0	0	0	0.055	0.068	0	0.610	0.627
AXIN1	WNT7A	9606.ENSP00000262320	9606.ENSP00000285018	0	0	0	0	0.053	0.092	0	0.603	0.628
AXIN1	WNT11	9606.ENSP00000262320	9606.ENSP00000325526	0	0	0	0	0.054	0.092	0	0.607	0.634
AXIN1	MAPK3	9606.ENSP00000262320	9606.ENSP00000263025	0	0	0	0	0.155	0.363	0	0.380	0.637
AXIN1	WNT4	9606.ENSP00000262320	9606.ENSP00000290167	0	0	0	0	0.053	0.092	0	0.615	0.640
AXIN1	EGFR	9606.ENSP00000262320	9606.ENSP00000275493	0	0	0	0	0	0	0	0.656	0.656
AXIN1	NOTCH1	9606.ENSP00000262320	9606.ENSP00000498587	0	0	0	0	0.113	0.065	0	0.636	0.672
AXIN1	WNT5A	9606.ENSP00000262320	9606.ENSP00000264634	0	0	0	0	0.053	0.092	0	0.690	0.710
AXIN1	WNT8B	9606.ENSP00000262320	9606.ENSP00000340677	0	0	0	0	0.053	0.092	0.500	0.418	0.716
AXIN1	FZD7	9606.ENSP00000262320	9606.ENSP00000286201	0	0	0	0	0.053	0	0	0.722	0.725
AXIN1	WNT2	9606.ENSP00000262320	9606.ENSP00000265441	0	0	0	0	0.053	0.092	0.360	0.581	0.738
AXIN1	WNT8A	9606.ENSP00000262320	9606.ENSP00000426653	0	0	0	0	0.053	0.092	0.500	0.466	0.739
AXIN1	FZD4	9606.ENSP00000262320	9606.ENSP00000434034	0	0	0	0	0.053	0	0	0.758	0.761
AXIN1	FZD5	9606.ENSP00000262320	9606.ENSP00000354607	0	0	0	0	0.053	0	0.500	0.551	0.768
AXIN1	MYC	9606.ENSP00000262320	9606.ENSP00000478887	0	0	0	0	0.065	0.292	0	0.720	0.798
AXIN1	TCF7L1	9606.ENSP00000262320	9606.ENSP00000282111	0	0	0	0	0.051	0.106	0.650	0.463	0.819
AXIN1	ESR1	9606.ENSP00000262320	9606.ENSP00000405330	0	0	0	0	0	0	0.750	0.353	0.831
AXIN1	FZD2	9606.ENSP00000262320	9606.ENSP00000323901	0	0	0	0	0.053	0	0.500	0.750	0.871
AXIN1	TP53	9606.ENSP00000262320	9606.ENSP00000269305	0	0	0	0	0.049	0.639	0	0.746	0.905
AXIN1	AKT1	9606.ENSP00000262320	9606.ENSP00000451828	0	0	0	0	0.232	0.127	0	0.880	0.912
AXIN1	TCF7L2	9606.ENSP00000262320	9606.ENSP00000486891	0	0	0	0	0.051	0.106	0.650	0.739	0.912
AXIN1	WNT1	9606.ENSP00000262320	9606.ENSP00000293549	0	0	0	0	0.056	0.092	0.500	0.831	0.918
AXIN1	FZD1	9606.ENSP00000262320	9606.ENSP00000287934	0	0	0	0	0.060	0	0.500	0.860	0.928
AXIN1	CSNK1A1L	9606.ENSP00000262320	9606.ENSP00000369126	0	0	0	0	0	0.138	0.900	0.341	0.938
AXIN1	LEF1	9606.ENSP00000262320	9606.ENSP00000265165	0	0	0	0	0.051	0.106	0.650	0.880	0.959
AXIN1	WNT3A	9606.ENSP00000262320	9606.ENSP00000284523	0	0	0	0	0.053	0.092	0.500	0.927	0.964
AXIN1	TCF7	9606.ENSP00000262320	9606.ENSP00000340347	0	0	0	0	0.086	0.106	0.900	0.728	0.974
AXIN1	DVL3	9606.ENSP00000262320	9606.ENSP00000316054	0	0	0	0.551	0.067	0.699	0.900	0.714	0.990
AXIN1	FRAT1	9606.ENSP00000262320	9606.ENSP00000360060	0	0	0	0	0.072	0.292	0.400	0.984	0.992
AXIN1	APC2	9606.ENSP00000262320	9606.ENSP00000442954	0	0	0	0	0.054	0.414	0.900	0.894	0.993
AXIN1	CTNNB1	9606.ENSP00000262320	9606.ENSP00000495360	0	0	0	0	0.057	0.982	0.900	0.999	0.999
AXIN1	DVL1	9606.ENSP00000262320	9606.ENSP00000368166	0	0	0	0	0.192	0.699	0.900	0.999	0.999
AXIN1	AXIN2	9606.ENSP00000262320	9606.ENSP00000302625	0	0	0	0.884	0	0.503	0.900	0.984	0.999
AXIN1	GSK3B	9606.ENSP00000262320	9606.ENSP00000324806	0	0	0	0	0.093	0.996	0.900	0.999	0.999
AXIN1	LRP5	9606.ENSP00000262320	9606.ENSP00000294304	0	0	0	0	0.074	0.658	0.500	0.999	0.999
AXIN2	DVL2	9606.ENSP00000302625	9606.ENSP00000005340	0	0	0	0.551	0.060	0.232	0.900	0.628	0.969
AXIN2	FGF4	9606.ENSP00000302625	9606.ENSP00000168712	0	0	0	0	0.055	0.046	0	0.446	0.457
AXIN2	FGF20	9606.ENSP00000302625	9606.ENSP00000180166	0	0	0	0	0.062	0.046	0	0.419	0.435
AXIN2	WNT16	9606.ENSP00000302625	9606.ENSP00000222462	0	0	0	0	0.053	0.092	0	0.562	0.591
AXIN2	WNT3	9606.ENSP00000302625	9606.ENSP00000225512	0	0	0	0	0.059	0.092	0	0.668	0.692
AXIN2	CCND1	9606.ENSP00000302625	9606.ENSP00000227507	0	0	0	0	0.058	0	0	0.770	0.774
AXIN2	FGF6	9606.ENSP00000302625	9606.ENSP00000228837	0	0	0	0	0.055	0.046	0	0.389	0.401
AXIN2	FZD10	9606.ENSP00000302625	9606.ENSP00000229030	0	0	0	0	0.059	0	0	0.496	0.506
AXIN2	WNT6	9606.ENSP00000302625	9606.ENSP00000233948	0	0	0	0	0.053	0.092	0	0.605	0.631
AXIN2	FZD3	9606.ENSP00000302625	9606.ENSP00000240093	0	0	0	0	0.060	0	0	0.515	0.525
AXIN2	JAG1	9606.ENSP00000302625	9606.ENSP00000254958	0	0	0	0	0	0.065	0	0.614	0.623
AXIN2	KRAS	9606.ENSP00000302625	9606.ENSP00000256078	0	0	0	0	0	0	0	0.437	0.437
AXIN2	APC	9606.ENSP00000302625	9606.ENSP00000257430	0	0	0	0	0.054	0.567	0.900	0.993	0.999
AXIN2	WNT10A	9606.ENSP00000302625	9606.ENSP00000258411	0	0	0	0	0.054	0.068	0	0.693	0.706
AXIN2	LRP6	9606.ENSP00000302625	9606.ENSP00000261349	0	0	0	0	0.059	0.126	0	0.756	0.782
AXIN2	AXIN1	9606.ENSP00000302625	9606.ENSP00000262320	0	0	0	0.884	0	0.503	0.900	0.984	0.999
AXIN2	MAPK3	9606.ENSP00000302625	9606.ENSP00000263025	0	0	0	0	0.078	0.091	0	0.386	0.441
AXIN2	FGF2	9606.ENSP00000302625	9606.ENSP00000264498	0	0	0	0	0.055	0.046	0	0.603	0.611
AXIN2	WNT5A	9606.ENSP00000302625	9606.ENSP00000264634	0	0	0	0	0.053	0.092	0	0.745	0.761
AXIN2	FGF10	9606.ENSP00000302625	9606.ENSP00000264664	0	0	0	0	0.055	0.046	0	0.472	0.483
AXIN2	LEF1	9606.ENSP00000302625	9606.ENSP00000265165	0	0	0	0	0.159	0.106	0.650	0.879	0.964
AXIN2	EGF	9606.ENSP00000302625	9606.ENSP00000265171	0	0	0	0	0	0.091	0	0.464	0.492
AXIN2	WNT2	9606.ENSP00000302625	9606.ENSP00000265441	0	0	0	0	0.053	0.092	0	0.642	0.665
AXIN2	CDK6	9606.ENSP00000302625	9606.ENSP00000265734	0	0	0	0	0.054	0	0	0.529	0.535
AXIN2	FGF7	9606.ENSP00000302625	9606.ENSP00000267843	0	0	0	0	0.055	0.046	0	0.431	0.442
AXIN2	TP53	9606.ENSP00000302625	9606.ENSP00000269305	0	0	0	0	0	0.071	0	0.512	0.527
AXIN2	WNT9A	9606.ENSP00000302625	9606.ENSP00000272164	0	0	0	0	0.053	0.068	0	0.590	0.606
AXIN2	FGF18	9606.ENSP00000302625	9606.ENSP00000274625	0	0	0	0	0.057	0.046	0	0.443	0.455
AXIN2	EGFR	9606.ENSP00000302625	9606.ENSP00000275493	0	0	0	0	0	0	0	0.441	0.441
AXIN2	TCF7L1	9606.ENSP00000302625	9606.ENSP00000282111	0	0	0	0	0.051	0.106	0.650	0.721	0.906
AXIN2	WNT3A	9606.ENSP00000302625	9606.ENSP00000284523	0	0	0	0	0.053	0.092	0	0.887	0.894
AXIN2	WNT7A	9606.ENSP00000302625	9606.ENSP00000285018	0	0	0	0	0.071	0.092	0	0.612	0.644
AXIN2	FZD7	9606.ENSP00000302625	9606.ENSP00000286201	0	0	0	0	0.073	0	0	0.745	0.753
AXIN2	FZD1	9606.ENSP00000302625	9606.ENSP00000287934	0	0	0	0	0.053	0	0	0.628	0.633
AXIN2	WNT9B	9606.ENSP00000302625	9606.ENSP00000290015	0	0	0	0	0.053	0.068	0	0.617	0.633
AXIN2	WNT4	9606.ENSP00000302625	9606.ENSP00000290167	0	0	0	0	0.053	0.092	0	0.650	0.672
AXIN2	WNT1	9606.ENSP00000302625	9606.ENSP00000293549	0	0	0	0	0.058	0.092	0	0.693	0.715
AXIN2	LRP5	9606.ENSP00000302625	9606.ENSP00000294304	0	0	0	0	0	0.126	0	0.840	0.854
AXIN2	WNT10B	9606.ENSP00000302625	9606.ENSP00000301061	0	0	0	0	0.053	0.068	0	0.646	0.660
AXIN2	FGF16	9606.ENSP00000302625	9606.ENSP00000399324	0	0	0	0	0.055	0.046	0	0.405	0.417
AXIN2	FGF5	9606.ENSP00000302625	9606.ENSP00000311697	0	0	0	0	0.055	0.046	0	0.407	0.419
AXIN2	BRAF	9606.ENSP00000302625	9606.ENSP00000419060	0	0	0	0	0.051	0.127	0	0.377	0.438
AXIN2	NOTCH1	9606.ENSP00000302625	9606.ENSP00000498587	0	0	0	0	0.055	0.065	0	0.429	0.451
AXIN2	FGF3	9606.ENSP00000302625	9606.ENSP00000334122	0	0	0	0	0.060	0.046	0	0.444	0.459
AXIN2	PTEN	9606.ENSP00000302625	9606.ENSP00000361021	0	0	0	0	0	0	0	0.471	0.471
AXIN2	FGF9	9606.ENSP00000302625	9606.ENSP00000371790	0	0	0	0	0.085	0.046	0	0.447	0.476
AXIN2	DLL1	9606.ENSP00000302625	9606.ENSP00000355718	0	0	0	0	0.068	0.065	0	0.451	0.480
AXIN2	FGF8	9606.ENSP00000302625	9606.ENSP00000321797	0	0	0	0	0.055	0.046	0	0.480	0.490
AXIN2	ESR1	9606.ENSP00000302625	9606.ENSP00000405330	0	0	0	0	0.044	0.292	0	0.325	0.503
AXIN2	JUN	9606.ENSP00000302625	9606.ENSP00000360266	0	0	0	0	0	0	0	0.503	0.503
AXIN2	WNT8A	9606.ENSP00000302625	9606.ENSP00000426653	0	0	0	0	0.053	0.092	0	0.490	0.523
AXIN2	WNT8B	9606.ENSP00000302625	9606.ENSP00000340677	0	0	0	0	0.060	0.092	0	0.488	0.525
AXIN2	HES5	9606.ENSP00000302625	9606.ENSP00000367714	0	0	0	0	0.044	0	0	0.548	0.549
AXIN2	FZD6	9606.ENSP00000302625	9606.ENSP00000351605	0	0	0	0	0.053	0	0	0.548	0.554
AXIN2	FZD8	9606.ENSP00000302625	9606.ENSP00000363826	0	0	0	0	0.053	0	0	0.552	0.557
AXIN2	AKT1	9606.ENSP00000302625	9606.ENSP00000451828	0	0	0	0	0.051	0.127	0	0.510	0.558
AXIN2	FZD5	9606.ENSP00000302625	9606.ENSP00000354607	0	0	0	0	0.053	0	0	0.553	0.558
AXIN2	FZD9	9606.ENSP00000302625	9606.ENSP00000345785	0	0	0	0	0.053	0	0	0.563	0.568
AXIN2	FZD4	9606.ENSP00000302625	9606.ENSP00000434034	0	0	0	0	0.059	0	0	0.583	0.592
AXIN2	HEY1	9606.ENSP00000302625	9606.ENSP00000338272	0	0	0	0	0.044	0	0	0.592	0.593
AXIN2	WNT5B	9606.ENSP00000302625	9606.ENSP00000380379	0	0	0	0	0.053	0.092	0	0.589	0.616
AXIN2	WNT11	9606.ENSP00000302625	9606.ENSP00000325526	0	0	0	0	0.069	0.092	0	0.614	0.645
AXIN2	WNT2B	9606.ENSP00000302625	9606.ENSP00000358698	0	0	0	0	0.053	0.092	0	0.660	0.682
AXIN2	FZD2	9606.ENSP00000302625	9606.ENSP00000323901	0	0	0	0	0.053	0	0	0.720	0.724
AXIN2	WNT7B	9606.ENSP00000302625	9606.ENSP00000341032	0	0	0	0	0.053	0.092	0	0.768	0.783
AXIN2	MYC	9606.ENSP00000302625	9606.ENSP00000478887	0	0	0	0	0.053	0	0	0.792	0.794
AXIN2	TCF7L2	9606.ENSP00000302625	9606.ENSP00000486891	0	0	0	0	0.051	0.339	0.650	0.648	0.912
AXIN2	CSNK1A1L	9606.ENSP00000302625	9606.ENSP00000369126	0	0	0	0	0	0.138	0.900	0.475	0.950
AXIN2	DVL3	9606.ENSP00000302625	9606.ENSP00000316054	0	0	0	0.551	0.060	0.232	0.900	0.607	0.967
AXIN2	APC2	9606.ENSP00000302625	9606.ENSP00000442954	0	0	0	0	0.054	0.529	0.900	0.559	0.977
AXIN2	TCF7	9606.ENSP00000302625	9606.ENSP00000340347	0	0	0	0	0.128	0.106	0.900	0.813	0.983
AXIN2	DVL1	9606.ENSP00000302625	9606.ENSP00000368166	0	0	0	0	0.060	0.232	0.900	0.892	0.991
AXIN2	GSK3B	9606.ENSP00000302625	9606.ENSP00000324806	0	0	0	0	0.060	0.921	0.900	0.996	0.999
AXIN2	CTNNB1	9606.ENSP00000302625	9606.ENSP00000495360	0	0	0	0	0.057	0.869	0.900	0.993	0.999
BAK1	TP53	9606.ENSP00000363591	9606.ENSP00000269305	0	0	0	0	0.054	0.791	0.900	0.866	0.997
BAK1	KIT	9606.ENSP00000363591	9606.ENSP00000288135	0	0	0	0	0	0	0	0.525	0.525
BAK1	BAX	9606.ENSP00000363591	9606.ENSP00000293288	0	0	0	0.650	0.100	0.836	0.900	0.801	0.996
BAK1	AKT1	9606.ENSP00000363591	9606.ENSP00000451828	0	0	0	0	0.062	0	0	0.412	0.425
BAK1	CDKN1A	9606.ENSP00000363591	9606.ENSP00000384849	0	0	0	0	0.106	0	0	0.393	0.435
BAX	CCND1	9606.ENSP00000293288	9606.ENSP00000227507	0	0	0	0	0.052	0	0	0.546	0.552
BAX	CDK4	9606.ENSP00000293288	9606.ENSP00000257904	0	0	0	0	0.065	0	0	0.412	0.427
BAX	MAPK3	9606.ENSP00000293288	9606.ENSP00000263025	0	0	0	0	0.212	0	0	0.409	0.515
BAX	TP53	9606.ENSP00000293288	9606.ENSP00000269305	0	0	0	0	0.080	0.782	0.900	0.774	0.994
BAX	EGFR	9606.ENSP00000293288	9606.ENSP00000275493	0	0	0	0	0.048	0	0	0.413	0.418
BAX	CTNNB1	9606.ENSP00000293288	9606.ENSP00000495360	0	0	0	0	0.063	0	0	0.397	0.411
BAX	MYC	9606.ENSP00000293288	9606.ENSP00000478887	0	0	0	0	0.065	0	0	0.400	0.415
BAX	PTEN	9606.ENSP00000293288	9606.ENSP00000361021	0	0	0	0	0	0.057	0	0.432	0.442
BAX	CDKN1A	9606.ENSP00000293288	9606.ENSP00000384849	0	0	0	0	0.111	0	0	0.466	0.505
BAX	MTOR	9606.ENSP00000293288	9606.ENSP00000354558	0	0	0	0	0.054	0	0	0.528	0.534
BAX	JUN	9606.ENSP00000293288	9606.ENSP00000360266	0	0	0	0	0	0	0	0.560	0.560
BAX	GSK3B	9606.ENSP00000293288	9606.ENSP00000324806	0	0	0	0	0.062	0.292	0	0.414	0.576
BAX	AKT1	9606.ENSP00000293288	9606.ENSP00000451828	0	0	0	0	0.160	0.292	0	0.631	0.761
BAX	BAK1	9606.ENSP00000293288	9606.ENSP00000363591	0	0	0	0.650	0.100	0.836	0.900	0.801	0.996
BRAF	MAPK1	9606.ENSP00000419060	9606.ENSP00000215832	0	0	0	0.586	0.094	0.647	0.700	0.539	0.949
BRAF	SOS2	9606.ENSP00000419060	9606.ENSP00000216373	0	0	0	0	0.113	0.084	0	0.582	0.631
BRAF	RPS6KB1	9606.ENSP00000419060	9606.ENSP00000225577	0	0	0	0.571	0.084	0.091	0	0.524	0.569
BRAF	CCND1	9606.ENSP00000419060	9606.ENSP00000227507	0	0	0	0	0	0	0	0.864	0.864
BRAF	KRAS	9606.ENSP00000419060	9606.ENSP00000256078	0	0	0	0	0.081	0.870	0.900	0.973	0.999
BRAF	NOTCH2	9606.ENSP00000419060	9606.ENSP00000256646	0	0	0	0	0.074	0.098	0	0.437	0.489
BRAF	APC	9606.ENSP00000419060	9606.ENSP00000257430	0	0	0	0	0.049	0.097	0	0.402	0.442
BRAF	CDK4	9606.ENSP00000419060	9606.ENSP00000257904	0	0	0	0.610	0	0.098	0	0.385	0.422
BRAF	AXIN1	9606.ENSP00000419060	9606.ENSP00000262320	0	0	0	0	0.051	0.127	0	0.404	0.463
BRAF	MAP2K2	9606.ENSP00000419060	9606.ENSP00000262948	0	0	0	0.575	0.102	0.904	0.900	0.835	0.998
BRAF	MAPK3	9606.ENSP00000419060	9606.ENSP00000263025	0	0	0	0.579	0.087	0.653	0.700	0.632	0.960
BRAF	PIK3CA	9606.ENSP00000419060	9606.ENSP00000263967	0	0	0	0	0.128	0.190	0	0.931	0.947
BRAF	FGF2	9606.ENSP00000419060	9606.ENSP00000264498	0	0	0	0	0	0.045	0	0.630	0.631
BRAF	WNT5A	9606.ENSP00000419060	9606.ENSP00000264634	0	0	0	0	0	0.092	0	0.380	0.413
BRAF	EGF	9606.ENSP00000419060	9606.ENSP00000265171	0	0	0	0	0	0	0	0.651	0.651
BRAF	TP53	9606.ENSP00000419060	9606.ENSP00000269305	0	0	0	0	0.076	0	0	0.883	0.887
BRAF	ERBB2	9606.ENSP00000419060	9606.ENSP00000269571	0	0	0	0.569	0	0.102	0	0.447	0.482
BRAF	FGF18	9606.ENSP00000419060	9606.ENSP00000274625	0	0	0	0	0	0.045	0	0.449	0.451
BRAF	EGFR	9606.ENSP00000419060	9606.ENSP00000275493	0	0	0	0.571	0	0.255	0	0.486	0.601
BRAF	KIT	9606.ENSP00000419060	9606.ENSP00000288135	0	0	0	0.567	0.067	0.074	0	0.389	0.426
BRAF	ARAF	9606.ENSP00000419060	9606.ENSP00000290277	0	0	0.063	0.954	0	0.880	0.900	0.861	0.998
BRAF	MAP2K1	9606.ENSP00000419060	9606.ENSP00000302486	0	0	0	0.580	0.119	0.996	0.900	0.983	0.999
BRAF	AXIN2	9606.ENSP00000419060	9606.ENSP00000302625	0	0	0	0	0.051	0.127	0	0.377	0.438
BRAF	FOS	9606.ENSP00000419060	9606.ENSP00000306245	0	0	0	0	0	0.096	0	0.427	0.460
BRAF	RPS6KB2	9606.ENSP00000419060	9606.ENSP00000308413	0	0	0	0.576	0.062	0.591	0	0.825	0.927
BRAF	GSK3B	9606.ENSP00000419060	9606.ENSP00000324806	0	0	0	0.577	0.049	0	0.900	0.283	0.925
BRAF	PGR	9606.ENSP00000419060	9606.ENSP00000325120	0	0	0	0	0	0.071	0	0.432	0.450
BRAF	SHC4	9606.ENSP00000419060	9606.ENSP00000329668	0	0	0	0	0	0.073	0	0.473	0.491
BRAF	FGF3	9606.ENSP00000419060	9606.ENSP00000334122	0	0	0	0	0	0.045	0	0.399	0.401
BRAF	E2F1	9606.ENSP00000419060	9606.ENSP00000345571	0	0	0	0	0.055	0.057	0	0.450	0.467
BRAF	MTOR	9606.ENSP00000419060	9606.ENSP00000354558	0	0	0	0	0.062	0.073	0	0.634	0.654
BRAF	NRAS	9606.ENSP00000419060	9606.ENSP00000358548	0	0	0	0	0.087	0.871	0.900	0.972	0.999
BRAF	JUN	9606.ENSP00000419060	9606.ENSP00000360266	0	0	0	0	0	0.085	0	0.556	0.576
BRAF	PTEN	9606.ENSP00000419060	9606.ENSP00000361021	0	0	0	0	0.094	0.206	0	0.927	0.943
BRAF	PIK3CD	9606.ENSP00000419060	9606.ENSP00000366563	0	0	0	0	0.052	0.069	0	0.409	0.433
BRAF	BRCA2	9606.ENSP00000419060	9606.ENSP00000369497	0	0	0	0	0.042	0.166	0	0.679	0.721
BRAF	GRB2	9606.ENSP00000419060	9606.ENSP00000376345	0	0	0	0	0	0.100	0	0.592	0.617
BRAF	IGF1	9606.ENSP00000419060	9606.ENSP00000376637	0	0	0	0	0	0.063	0	0.474	0.486
BRAF	SOS1	9606.ENSP00000419060	9606.ENSP00000384675	0	0	0	0	0.158	0.084	0	0.881	0.900
BRAF	CDKN1A	9606.ENSP00000419060	9606.ENSP00000384849	0	0	0	0	0	0.047	0	0.505	0.508
BRAF	FGFR1	9606.ENSP00000419060	9606.ENSP00000393312	0	0	0	0.574	0.052	0.091	0	0.362	0.402
BRAF	SHC1	9606.ENSP00000419060	9606.ENSP00000401303	0	0	0	0	0	0.073	0	0.633	0.645
BRAF	RAF1	9606.ENSP00000419060	9606.ENSP00000401888	0	0	0.066	0.945	0	0.927	0.900	0.983	0.999
BRAF	ESR1	9606.ENSP00000419060	9606.ENSP00000405330	0	0	0	0	0	0.071	0	0.738	0.746
BRAF	HRAS	9606.ENSP00000419060	9606.ENSP00000407586	0	0	0	0	0.074	0.921	0.900	0.952	0.999
BRAF	BRCA1	9606.ENSP00000419060	9606.ENSP00000418960	0	0	0	0	0	0	0	0.678	0.678
BRAF	PIK3CB	9606.ENSP00000419060	9606.ENSP00000501150	0	0	0	0	0.078	0.069	0	0.525	0.557
BRAF	PIK3R1	9606.ENSP00000419060	9606.ENSP00000428056	0	0	0	0	0.049	0.093	0	0.574	0.600
BRAF	NOTCH1	9606.ENSP00000419060	9606.ENSP00000498587	0	0	0	0	0.101	0.098	0	0.624	0.668
BRAF	MYC	9606.ENSP00000419060	9606.ENSP00000478887	0	0	0	0	0.055	0.045	0	0.716	0.722
BRAF	AKT1	9606.ENSP00000419060	9606.ENSP00000451828	0	0	0.131	0.586	0	0.631	0	0.376	0.783
BRAF	CTNNB1	9606.ENSP00000419060	9606.ENSP00000495360	0	0	0	0	0.087	0.098	0	0.771	0.795
BRCA1	MAPK1	9606.ENSP00000418960	9606.ENSP00000215832	0	0	0	0	0.049	0.292	0	0.340	0.516
BRCA1	CCND1	9606.ENSP00000418960	9606.ENSP00000227507	0	0	0	0	0	0.510	0	0.848	0.922
BRCA1	POLK	9606.ENSP00000418960	9606.ENSP00000241436	0	0	0	0	0.079	0	0.400	0.250	0.549
BRCA1	KRAS	9606.ENSP00000418960	9606.ENSP00000256078	0	0	0	0	0	0	0	0.721	0.721
BRCA1	DDB2	9606.ENSP00000418960	9606.ENSP00000256996	0	0	0	0	0.057	0	0	0.496	0.504
BRCA1	CDK4	9606.ENSP00000418960	9606.ENSP00000257904	0	0	0	0	0.127	0.625	0.800	0.633	0.972
BRCA1	AXIN1	9606.ENSP00000418960	9606.ENSP00000262320	0	0	0	0	0	0	0	0.535	0.535
BRCA1	E2F3	9606.ENSP00000418960	9606.ENSP00000262904	0	0	0	0	0.067	0	0	0.424	0.439
BRCA1	MAPK3	9606.ENSP00000418960	9606.ENSP00000263025	0	0	0	0	0	0.292	0	0.412	0.566
BRCA1	PIK3CA	9606.ENSP00000418960	9606.ENSP00000263967	0	0	0	0	0	0	0	0.728	0.728
BRCA1	EGF	9606.ENSP00000418960	9606.ENSP00000265171	0	0	0	0	0	0	0	0.571	0.571
BRCA1	CDK6	9606.ENSP00000418960	9606.ENSP00000265734	0	0	0	0	0.159	0	0	0.519	0.578
BRCA1	RB1	9606.ENSP00000418960	9606.ENSP00000267163	0	0	0	0	0.070	0.727	0	0.485	0.858
BRCA1	TP53	9606.ENSP00000418960	9606.ENSP00000269305	0	0	0	0	0.067	0.895	0.500	0.999	0.999
BRCA1	ERBB2	9606.ENSP00000418960	9606.ENSP00000269571	0	0	0	0	0	0	0	0.918	0.918
BRCA1	EGFR	9606.ENSP00000418960	9606.ENSP00000275493	0	0	0	0	0	0.103	0	0.786	0.800
BRCA1	KIT	9606.ENSP00000418960	9606.ENSP00000288135	0	0	0	0	0	0	0	0.511	0.511
BRCA1	GSK3B	9606.ENSP00000418960	9606.ENSP00000324806	0	0	0	0	0.049	0	0	0.607	0.610
BRCA1	PGR	9606.ENSP00000418960	9606.ENSP00000325120	0	0	0	0	0	0.512	0	0.928	0.963
BRCA1	SP1	9606.ENSP00000418960	9606.ENSP00000329357	0	0	0	0	0.060	0.513	0	0.327	0.665
BRCA1	ESR2	9606.ENSP00000418960	9606.ENSP00000343925	0	0	0	0	0	0.299	0	0.516	0.646
BRCA1	E2F1	9606.ENSP00000418960	9606.ENSP00000345571	0	0	0	0	0.140	0.423	0	0.775	0.879
BRCA1	MTOR	9606.ENSP00000418960	9606.ENSP00000354558	0	0	0	0	0.060	0	0	0.487	0.497
BRCA1	E2F2	9606.ENSP00000418960	9606.ENSP00000355249	0	0	0	0	0.099	0	0	0.412	0.447
BRCA1	NRAS	9606.ENSP00000418960	9606.ENSP00000358548	0	0	0	0	0.081	0	0	0.518	0.538
BRCA1	GADD45A	9606.ENSP00000418960	9606.ENSP00000360025	0	0	0	0	0	0	0	0.710	0.710
BRCA1	JUN	9606.ENSP00000418960	9606.ENSP00000360266	0	0	0	0	0	0.589	0	0.520	0.794
BRCA1	PTEN	9606.ENSP00000418960	9606.ENSP00000361021	0	0	0	0	0.067	0	0	0.816	0.821
BRCA1	NCOA3	9606.ENSP00000418960	9606.ENSP00000361066	0	0	0	0	0.050	0.292	0	0.586	0.697
BRCA1	BRCA2	9606.ENSP00000418960	9606.ENSP00000369497	0	0	0	0	0.383	0.896	0.900	0.999	0.999
BRCA1	AKT2	9606.ENSP00000418960	9606.ENSP00000375892	0	0	0	0	0.049	0	0.900	0.402	0.938
BRCA1	IGF1	9606.ENSP00000418960	9606.ENSP00000376637	0	0	0	0	0	0	0	0.445	0.445
BRCA1	CDKN1A	9606.ENSP00000418960	9606.ENSP00000384849	0	0	0	0	0	0.292	0	0.742	0.809
BRCA1	NCOA1	9606.ENSP00000418960	9606.ENSP00000385216	0	0	0	0	0.044	0.292	0	0.544	0.664
BRCA1	FGFR1	9606.ENSP00000418960	9606.ENSP00000393312	0	0	0	0	0	0	0	0.483	0.483
BRCA1	ESR1	9606.ENSP00000418960	9606.ENSP00000405330	0	0	0	0	0	0.904	0	0.995	0.999
BRCA1	HRAS	9606.ENSP00000418960	9606.ENSP00000407586	0	0	0	0	0	0	0	0.528	0.528
BRCA1	IGF1R	9606.ENSP00000418960	9606.ENSP00000497069	0	0	0	0	0	0	0	0.480	0.480
BRCA1	BRAF	9606.ENSP00000418960	9606.ENSP00000419060	0	0	0	0	0	0	0	0.678	0.678
BRCA1	NOTCH1	9606.ENSP00000418960	9606.ENSP00000498587	0	0	0	0	0.042	0	0	0.698	0.698
BRCA1	CTNNB1	9606.ENSP00000418960	9606.ENSP00000495360	0	0	0	0	0.045	0.292	0	0.634	0.731
BRCA1	PIK3R1	9606.ENSP00000418960	9606.ENSP00000428056	0	0	0	0	0	0.362	0	0.649	0.766
BRCA1	AKT3	9606.ENSP00000418960	9606.ENSP00000500582	0	0	0	0	0	0	0.900	0.375	0.934
BRCA1	AKT1	9606.ENSP00000418960	9606.ENSP00000451828	0	0	0	0	0	0.735	0.900	0.786	0.993
BRCA1	MYC	9606.ENSP00000418960	9606.ENSP00000478887	0	0	0	0	0.049	0.825	0	0.995	0.999
BRCA2	CCND1	9606.ENSP00000369497	9606.ENSP00000227507	0	0	0	0	0	0.510	0	0.727	0.861
BRCA2	POLK	9606.ENSP00000369497	9606.ENSP00000241436	0	0	0	0	0.099	0	0.400	0.175	0.515
BRCA2	KRAS	9606.ENSP00000369497	9606.ENSP00000256078	0	0	0	0	0.044	0	0	0.720	0.721
BRCA2	CDK4	9606.ENSP00000369497	9606.ENSP00000257904	0	0	0	0	0.059	0.046	0.800	0.720	0.943
BRCA2	PIK3CA	9606.ENSP00000369497	9606.ENSP00000263967	0	0	0	0	0.047	0	0	0.811	0.812
BRCA2	EGF	9606.ENSP00000369497	9606.ENSP00000265171	0	0	0	0	0	0	0	0.426	0.426
BRCA2	CDK6	9606.ENSP00000369497	9606.ENSP00000265734	0	0	0	0	0.062	0.046	0	0.476	0.490
BRCA2	TP53	9606.ENSP00000369497	9606.ENSP00000269305	0	0	0	0	0.066	0.828	0	0.974	0.995
BRCA2	ERBB2	9606.ENSP00000369497	9606.ENSP00000269571	0	0	0	0	0	0	0	0.873	0.873
BRCA2	EGFR	9606.ENSP00000369497	9606.ENSP00000275493	0	0	0	0	0	0	0	0.678	0.678
BRCA2	KIT	9606.ENSP00000369497	9606.ENSP00000288135	0	0	0	0	0	0	0	0.484	0.484
BRCA2	PGR	9606.ENSP00000369497	9606.ENSP00000325120	0	0	0	0	0	0	0	0.795	0.795
BRCA2	SP1	9606.ENSP00000369497	9606.ENSP00000329357	0	0	0	0	0.056	0.292	0	0.176	0.401
BRCA2	E2F1	9606.ENSP00000369497	9606.ENSP00000345571	0	0	0	0	0.143	0	0	0.460	0.518
BRCA2	MTOR	9606.ENSP00000369497	9606.ENSP00000354558	0	0	0	0	0	0	0	0.407	0.407
BRCA2	NRAS	9606.ENSP00000369497	9606.ENSP00000358548	0	0	0	0	0.067	0	0	0.508	0.521
BRCA2	PTEN	9606.ENSP00000369497	9606.ENSP00000361021	0	0	0	0	0	0	0	0.877	0.877
BRCA2	PIK3R1	9606.ENSP00000369497	9606.ENSP00000428056	0	0	0	0	0	0	0	0.419	0.418
BRCA2	IGF1R	9606.ENSP00000369497	9606.ENSP00000497069	0	0	0	0	0	0	0	0.418	0.418
BRCA2	TNFSF11	9606.ENSP00000369497	9606.ENSP00000381775	0	0	0	0	0.058	0	0	0.466	0.475
BRCA2	HRAS	9606.ENSP00000369497	9606.ENSP00000407586	0	0	0	0	0	0	0	0.480	0.480
BRCA2	FGFR1	9606.ENSP00000369497	9606.ENSP00000393312	0	0	0	0	0	0	0	0.485	0.485
BRCA2	CTNNB1	9606.ENSP00000369497	9606.ENSP00000495360	0	0	0	0	0.042	0	0	0.543	0.543
BRCA2	NOTCH1	9606.ENSP00000369497	9606.ENSP00000498587	0	0	0	0	0.049	0	0	0.566	0.569
BRCA2	AKT1	9606.ENSP00000369497	9606.ENSP00000451828	0	0	0	0	0.057	0	0	0.598	0.605
BRCA2	CDKN1A	9606.ENSP00000369497	9606.ENSP00000384849	0	0	0	0	0	0	0	0.635	0.635
BRCA2	BRAF	9606.ENSP00000369497	9606.ENSP00000419060	0	0	0	0	0.042	0.166	0	0.679	0.721
BRCA2	ESR1	9606.ENSP00000369497	9606.ENSP00000405330	0	0	0	0	0	0	0	0.723	0.723
BRCA2	MYC	9606.ENSP00000369497	9606.ENSP00000478887	0	0	0	0	0.062	0	0	0.754	0.759
BRCA2	BRCA1	9606.ENSP00000369497	9606.ENSP00000418960	0	0	0	0	0.383	0.896	0.900	0.999	0.999
CCND1	DVL2	9606.ENSP00000227507	9606.ENSP00000005340	0	0	0	0	0	0	0	0.508	0.508
CCND1	FGF4	9606.ENSP00000227507	9606.ENSP00000168712	0	0	0	0	0.066	0	0	0.675	0.683
CCND1	FGF20	9606.ENSP00000227507	9606.ENSP00000180166	0	0	0	0	0.067	0	0	0.474	0.488
CCND1	FGF22	9606.ENSP00000227507	9606.ENSP00000215530	0	0	0	0	0.070	0	0	0.449	0.466
CCND1	MAPK1	9606.ENSP00000227507	9606.ENSP00000215832	0	0	0	0	0.060	0.292	0	0.562	0.683
CCND1	PIK3R2	9606.ENSP00000227507	9606.ENSP00000222254	0	0	0	0	0.043	0	0	0.461	0.462
CCND1	WNT3	9606.ENSP00000227507	9606.ENSP00000225512	0	0	0	0	0.058	0	0	0.518	0.526
CCND1	RPS6KB1	9606.ENSP00000227507	9606.ENSP00000225577	0	0	0	0	0.047	0	0	0.718	0.720
CCND1	FZD9	9606.ENSP00000227507	9606.ENSP00000345785	0	0	0	0	0.062	0	0	0.387	0.400
CCND1	DLL1	9606.ENSP00000227507	9606.ENSP00000355718	0	0	0	0	0.059	0	0	0.391	0.402
CCND1	FZD5	9606.ENSP00000227507	9606.ENSP00000354607	0	0	0	0	0.043	0	0	0.408	0.409
CCND1	FZD6	9606.ENSP00000227507	9606.ENSP00000351605	0	0	0	0	0.086	0	0	0.388	0.416
CCND1	WNT6	9606.ENSP00000227507	9606.ENSP00000233948	0	0	0	0	0	0	0	0.417	0.417
CCND1	FZD8	9606.ENSP00000227507	9606.ENSP00000363826	0	0	0	0	0.086	0	0	0.390	0.418
CCND1	NOTCH4	9606.ENSP00000227507	9606.ENSP00000364163	0	0	0	0	0.042	0	0	0.417	0.418
CCND1	DVL3	9606.ENSP00000227507	9606.ENSP00000316054	0	0	0	0	0	0	0	0.419	0.419
CCND1	FZD4	9606.ENSP00000227507	9606.ENSP00000434034	0	0	0	0	0.067	0	0	0.411	0.427
CCND1	WNT7B	9606.ENSP00000227507	9606.ENSP00000341032	0	0	0	0	0	0	0	0.446	0.446
CCND1	NFKB2	9606.ENSP00000227507	9606.ENSP00000358983	0	0	0	0	0.060	0	0	0.439	0.450
CCND1	HEY1	9606.ENSP00000227507	9606.ENSP00000338272	0	0	0	0	0.062	0	0	0.442	0.454
CCND1	JAG2	9606.ENSP00000227507	9606.ENSP00000328169	0	0	0	0	0.080	0	0	0.431	0.454
CCND1	TCF7	9606.ENSP00000227507	9606.ENSP00000340347	0	0	0	0	0.087	0	0	0.430	0.457
CCND1	FGF17	9606.ENSP00000227507	9606.ENSP00000352414	0	0	0	0	0.061	0	0	0.447	0.458
CCND1	WNT2B	9606.ENSP00000227507	9606.ENSP00000358698	0	0	0	0	0	0	0	0.463	0.463
CCND1	FGF5	9606.ENSP00000227507	9606.ENSP00000311697	0	0	0	0	0.063	0	0	0.449	0.463
CCND1	WNT11	9606.ENSP00000227507	9606.ENSP00000325526	0	0	0	0	0	0	0	0.463	0.463
CCND1	FGF6	9606.ENSP00000227507	9606.ENSP00000228837	0	0	0	0	0.061	0	0	0.451	0.463
CCND1	FGF16	9606.ENSP00000227507	9606.ENSP00000399324	0	0	0	0	0.067	0	0	0.453	0.468
CCND1	SHC1	9606.ENSP00000227507	9606.ENSP00000401303	0	0	0	0	0.127	0	0	0.417	0.469
CCND1	PIK3R1	9606.ENSP00000227507	9606.ENSP00000428056	0	0	0	0	0	0	0	0.474	0.474
CCND1	WNT10B	9606.ENSP00000227507	9606.ENSP00000301061	0	0	0	0	0	0	0	0.475	0.475
CCND1	WNT7A	9606.ENSP00000227507	9606.ENSP00000285018	0	0	0	0	0.042	0	0	0.478	0.479
CCND1	FGF8	9606.ENSP00000227507	9606.ENSP00000321797	0	0	0	0	0.061	0	0	0.470	0.481
CCND1	FZD2	9606.ENSP00000227507	9606.ENSP00000323901	0	0	0	0	0.110	0	0	0.447	0.488
CCND1	RPS6KB2	9606.ENSP00000227507	9606.ENSP00000308413	0	0	0	0	0.044	0	0	0.490	0.491
CCND1	FGF18	9606.ENSP00000227507	9606.ENSP00000274625	0	0	0	0	0.061	0	0	0.482	0.493
CCND1	FGF7	9606.ENSP00000227507	9606.ENSP00000267843	0	0	0	0	0.067	0	0	0.481	0.495
CCND1	FGF10	9606.ENSP00000227507	9606.ENSP00000264664	0	0	0	0	0.070	0	0	0.480	0.495
CCND1	FGF9	9606.ENSP00000227507	9606.ENSP00000371790	0	0	0	0	0.067	0	0	0.482	0.496
CCND1	FZD1	9606.ENSP00000227507	9606.ENSP00000287934	0	0	0	0	0.098	0	0	0.480	0.511
CCND1	GADD45A	9606.ENSP00000227507	9606.ENSP00000360025	0	0	0	0	0.044	0	0	0.520	0.521
CCND1	FZD7	9606.ENSP00000227507	9606.ENSP00000286201	0	0	0	0	0.123	0	0	0.481	0.526
CCND1	NOTCH3	9606.ENSP00000227507	9606.ENSP00000263388	0	0	0	0	0.128	0	0	0.489	0.536
CCND1	WNT2	9606.ENSP00000227507	9606.ENSP00000265441	0	0	0	0	0	0	0	0.543	0.543
CCND1	BAX	9606.ENSP00000227507	9606.ENSP00000293288	0	0	0	0	0.052	0	0	0.546	0.552
CCND1	NOTCH2	9606.ENSP00000227507	9606.ENSP00000256646	0	0	0	0	0.110	0	0	0.519	0.554
CCND1	AKT3	9606.ENSP00000227507	9606.ENSP00000500582	0	0	0	0	0.081	0	0	0.537	0.557
CCND1	TCF7L1	9606.ENSP00000227507	9606.ENSP00000282111	0	0	0	0	0.064	0	0	0.566	0.577
CCND1	RAF1	9606.ENSP00000227507	9606.ENSP00000401888	0	0	0	0	0	0	0	0.581	0.581
CCND1	FGF3	9606.ENSP00000227507	9606.ENSP00000334122	0	0	0	0	0.086	0	0	0.571	0.591
CCND1	APC	9606.ENSP00000227507	9606.ENSP00000257430	0	0	0	0	0	0.088	0	0.575	0.595
CCND1	SP1	9606.ENSP00000227507	9606.ENSP00000329357	0	0	0	0	0	0.292	0	0.474	0.611
CCND1	DVL1	9606.ENSP00000227507	9606.ENSP00000368166	0	0	0	0	0.062	0	0	0.609	0.618
CCND1	FGFR1	9606.ENSP00000227507	9606.ENSP00000393312	0	0	0	0	0.085	0	0	0.609	0.627
CCND1	TNFSF11	9606.ENSP00000227507	9606.ENSP00000381775	0	0	0	0	0	0	0	0.628	0.628
CCND1	LRP6	9606.ENSP00000227507	9606.ENSP00000261349	0	0	0	0	0.083	0	0	0.615	0.632
CCND1	WNT4	9606.ENSP00000227507	9606.ENSP00000290167	0	0	0	0	0	0	0	0.638	0.638
CCND1	WNT5A	9606.ENSP00000227507	9606.ENSP00000264634	0	0	0	0	0.104	0	0	0.613	0.638
CCND1	IGF1	9606.ENSP00000227507	9606.ENSP00000376637	0	0	0	0	0	0	0	0.648	0.648
CCND1	FGF2	9606.ENSP00000227507	9606.ENSP00000264498	0	0	0	0	0.099	0	0	0.629	0.651
CCND1	WNT1	9606.ENSP00000227507	9606.ENSP00000293549	0	0	0	0	0	0	0	0.652	0.652
CCND1	GRB2	9606.ENSP00000227507	9606.ENSP00000376345	0	0	0	0	0.074	0	0	0.646	0.658
CCND1	LRP5	9606.ENSP00000227507	9606.ENSP00000294304	0	0	0	0	0.107	0	0	0.633	0.659
CCND1	IGF1R	9606.ENSP00000227507	9606.ENSP00000497069	0	0	0	0	0.072	0	0	0.665	0.676
CCND1	ESR2	9606.ENSP00000227507	9606.ENSP00000343925	0	0	0	0	0.055	0	0	0.675	0.679
CCND1	FGF19	9606.ENSP00000227507	9606.ENSP00000294312	0	0	0	0	0.077	0	0	0.671	0.683
CCND1	WNT3A	9606.ENSP00000227507	9606.ENSP00000284523	0	0	0	0	0	0	0	0.694	0.694
CCND1	PIK3CA	9606.ENSP00000227507	9606.ENSP00000263967	0	0	0	0	0	0	0	0.704	0.704
CCND1	AKT2	9606.ENSP00000227507	9606.ENSP00000375892	0	0	0	0	0.081	0	0	0.705	0.717
CCND1	EGF	9606.ENSP00000227507	9606.ENSP00000265171	0	0	0	0	0	0	0	0.731	0.731
CCND1	JAG1	9606.ENSP00000227507	9606.ENSP00000254958	0	0	0	0	0.101	0	0	0.725	0.742
CCND1	MAPK3	9606.ENSP00000227507	9606.ENSP00000263025	0	0	0	0	0.060	0	0	0.739	0.744
CCND1	HRAS	9606.ENSP00000227507	9606.ENSP00000407586	0	0	0	0	0.077	0.071	0	0.728	0.747
CCND1	KIT	9606.ENSP00000227507	9606.ENSP00000288135	0	0	0	0	0.069	0	0	0.742	0.749
CCND1	MAP2K1	9606.ENSP00000227507	9606.ENSP00000302486	0	0	0	0	0.059	0	0	0.746	0.751
CCND1	AXIN2	9606.ENSP00000227507	9606.ENSP00000302625	0	0	0	0	0.058	0	0	0.770	0.774
CCND1	NCOA1	9606.ENSP00000227507	9606.ENSP00000385216	0	0	0	0	0	0.292	0	0.694	0.774
CCND1	AXIN1	9606.ENSP00000227507	9606.ENSP00000262320	0	0	0	0	0.058	0	0	0.775	0.779
CCND1	NCOA3	9606.ENSP00000227507	9606.ENSP00000361066	0	0	0	0	0.042	0.292	0	0.715	0.790
CCND1	NRAS	9606.ENSP00000227507	9606.ENSP00000358548	0	0	0	0	0.058	0.071	0	0.780	0.791
CCND1	MTOR	9606.ENSP00000227507	9606.ENSP00000354558	0	0	0	0	0	0	0	0.802	0.802
CCND1	TCF7L2	9606.ENSP00000227507	9606.ENSP00000486891	0	0	0	0	0.063	0.292	0.500	0.522	0.820
CCND1	PGR	9606.ENSP00000227507	9606.ENSP00000325120	0	0	0	0	0.055	0.516	0	0.666	0.834
CCND1	KRAS	9606.ENSP00000227507	9606.ENSP00000256078	0	0	0	0	0.058	0.101	0	0.821	0.835
CCND1	EGFR	9606.ENSP00000227507	9606.ENSP00000275493	0	0	0	0	0.141	0.106	0	0.809	0.841
CCND1	PTEN	9606.ENSP00000227507	9606.ENSP00000361021	0	0	0	0	0.070	0	0	0.850	0.855
CCND1	BRCA2	9606.ENSP00000227507	9606.ENSP00000369497	0	0	0	0	0	0.510	0	0.727	0.861
CCND1	BRAF	9606.ENSP00000227507	9606.ENSP00000419060	0	0	0	0	0	0	0	0.864	0.864
CCND1	E2F2	9606.ENSP00000227507	9606.ENSP00000355249	0	0	0	0	0	0.068	0.500	0.746	0.871
CCND1	E2F3	9606.ENSP00000227507	9606.ENSP00000262904	0	0	0	0	0	0.068	0.500	0.764	0.880
CCND1	NOTCH1	9606.ENSP00000227507	9606.ENSP00000498587	0	0	0	0	0.103	0	0.500	0.800	0.902
CCND1	ERBB2	9606.ENSP00000227507	9606.ENSP00000269571	0	0	0	0	0.084	0.301	0	0.862	0.904
CCND1	JUN	9606.ENSP00000227507	9606.ENSP00000360266	0	0	0	0	0.042	0.292	0.500	0.790	0.919
CCND1	BRCA1	9606.ENSP00000227507	9606.ENSP00000418960	0	0	0	0	0	0.510	0	0.848	0.922
CCND1	AKT1	9606.ENSP00000227507	9606.ENSP00000451828	0	0	0	0	0.088	0	0	0.919	0.923
CCND1	LEF1	9606.ENSP00000227507	9606.ENSP00000265165	0	0	0	0	0.074	0	0.500	0.861	0.930
CCND1	E2F1	9606.ENSP00000227507	9606.ENSP00000345571	0	0	0	0	0.062	0.068	0.500	0.876	0.938
CCND1	FOS	9606.ENSP00000227507	9606.ENSP00000306245	0	0	0	0	0.055	0.469	0.500	0.799	0.942
CCND1	TP53	9606.ENSP00000227507	9606.ENSP00000269305	0	0	0	0	0	0.292	0	0.928	0.946
CCND1	MYC	9606.ENSP00000227507	9606.ENSP00000478887	0	0	0	0	0.067	0	0.400	0.950	0.969
CCND1	CTNNB1	9606.ENSP00000227507	9606.ENSP00000495360	0	0	0	0	0.073	0.300	0.500	0.926	0.972
CCND1	GSK3B	9606.ENSP00000227507	9606.ENSP00000324806	0	0	0	0	0	0.409	0.900	0.803	0.987
CCND1	ESR1	9606.ENSP00000227507	9606.ENSP00000405330	0	0	0	0	0.069	0.625	0.750	0.971	0.997
CCND1	RB1	9606.ENSP00000227507	9606.ENSP00000267163	0	0	0	0	0	0.932	0.900	0.831	0.998
CCND1	CDK4	9606.ENSP00000227507	9606.ENSP00000257904	0	0	0	0	0.131	0.999	0.900	0.999	0.999
CCND1	CDK6	9606.ENSP00000227507	9606.ENSP00000265734	0	0	0	0	0.112	0.995	0.900	0.998	0.999
CCND1	CDKN1A	9606.ENSP00000227507	9606.ENSP00000384849	0	0	0	0	0.118	0.996	0.900	0.995	0.999
CDK4	CCND1	9606.ENSP00000257904	9606.ENSP00000227507	0	0	0	0	0.131	0.999	0.900	0.999	0.999
CDK4	KRAS	9606.ENSP00000257904	9606.ENSP00000256078	0	0	0	0	0.067	0.195	0	0.684	0.743
CDK4	NOTCH2	9606.ENSP00000257904	9606.ENSP00000256646	0	0	0	0	0.055	0.092	0	0.365	0.408
CDK4	BRAF	9606.ENSP00000257904	9606.ENSP00000419060	0	0	0	0.610	0	0.098	0	0.385	0.422
CDK4	MAP2K1	9606.ENSP00000257904	9606.ENSP00000302486	0	0	0.124	0.643	0.106	0.091	0	0.285	0.424
CDK4	BAX	9606.ENSP00000257904	9606.ENSP00000293288	0	0	0	0	0.065	0	0	0.412	0.427
CDK4	GADD45A	9606.ENSP00000257904	9606.ENSP00000360025	0	0	0	0	0	0	0	0.447	0.447
CDK4	PIK3R1	9606.ENSP00000257904	9606.ENSP00000428056	0	0	0	0	0.042	0	0	0.448	0.448
CDK4	IGF1	9606.ENSP00000257904	9606.ENSP00000376637	0	0	0	0	0	0	0	0.448	0.448
CDK4	FGF2	9606.ENSP00000257904	9606.ENSP00000264498	0	0	0	0	0	0.052	0	0.448	0.455
CDK4	FOS	9606.ENSP00000257904	9606.ENSP00000306245	0	0	0	0	0.051	0.079	0	0.451	0.478
CDK4	GRB2	9606.ENSP00000257904	9606.ENSP00000376345	0	0	0	0	0.108	0	0	0.497	0.532
CDK4	ERBB2	9606.ENSP00000257904	9606.ENSP00000269571	0	0	0	0.594	0	0.315	0	0.350	0.536
CDK4	SP1	9606.ENSP00000257904	9606.ENSP00000329357	0	0	0	0	0.066	0.328	0	0.329	0.543
CDK4	NOTCH1	9606.ENSP00000257904	9606.ENSP00000498587	0	0	0	0	0.055	0.092	0	0.531	0.563
CDK4	PGR	9606.ENSP00000257904	9606.ENSP00000325120	0	0	0	0	0	0.045	0	0.577	0.578
CDK4	PIK3CB	9606.ENSP00000257904	9606.ENSP00000501150	0	0	0	0	0	0	0	0.581	0.581
CDK4	EGF	9606.ENSP00000257904	9606.ENSP00000265171	0	0	0	0	0	0	0	0.602	0.602
CDK4	IGF1R	9606.ENSP00000257904	9606.ENSP00000497069	0	0	0	0.600	0	0.270	0	0.489	0.611
CDK4	MTOR	9606.ENSP00000257904	9606.ENSP00000354558	0	0	0	0	0.055	0.068	0	0.628	0.644
CDK4	HRAS	9606.ENSP00000257904	9606.ENSP00000407586	0	0	0	0	0.081	0.190	0	0.599	0.676
CDK4	AKT1	9606.ENSP00000257904	9606.ENSP00000451828	0	0	0.112	0.601	0.068	0.231	0	0.572	0.691
CDK4	PIK3CA	9606.ENSP00000257904	9606.ENSP00000263967	0	0	0	0	0	0	0	0.709	0.709
CDK4	ESR1	9606.ENSP00000257904	9606.ENSP00000405330	0	0	0	0	0	0.045	0	0.717	0.718
CDK4	JUN	9606.ENSP00000257904	9606.ENSP00000360266	0	0	0	0	0	0.188	0	0.716	0.759
CDK4	CTNNB1	9606.ENSP00000257904	9606.ENSP00000495360	0	0	0	0	0.044	0.086	0	0.784	0.795
CDK4	E2F2	9606.ENSP00000257904	9606.ENSP00000355249	0	0	0	0	0.042	0.091	0.500	0.606	0.805
CDK4	GSK3B	9606.ENSP00000257904	9606.ENSP00000324806	0	0	0	0.727	0.044	0.098	0.750	0.202	0.805
CDK4	E2F3	9606.ENSP00000257904	9606.ENSP00000262904	0	0	0	0	0.049	0.091	0.500	0.614	0.811
CDK4	NRAS	9606.ENSP00000257904	9606.ENSP00000358548	0	0	0	0	0.119	0.191	0	0.771	0.822
CDK4	PTEN	9606.ENSP00000257904	9606.ENSP00000361021	0	0	0	0	0.078	0.236	0	0.824	0.865
CDK4	BRCA2	9606.ENSP00000257904	9606.ENSP00000369497	0	0	0	0	0.059	0.046	0.800	0.720	0.943
CDK4	E2F1	9606.ENSP00000257904	9606.ENSP00000345571	0	0	0	0	0.110	0.091	0.500	0.908	0.958
CDK4	MYC	9606.ENSP00000257904	9606.ENSP00000478887	0	0	0	0	0.100	0.642	0	0.904	0.966
CDK4	TP53	9606.ENSP00000257904	9606.ENSP00000269305	0	0	0	0	0.117	0.554	0	0.922	0.966
CDK4	BRCA1	9606.ENSP00000257904	9606.ENSP00000418960	0	0	0	0	0.127	0.625	0.800	0.633	0.972
CDK4	RB1	9606.ENSP00000257904	9606.ENSP00000267163	0	0	0	0	0.077	0.994	0.900	0.984	0.999
CDK4	CDKN1A	9606.ENSP00000257904	9606.ENSP00000384849	0	0	0	0	0.103	0.999	0.900	0.998	0.999
CDK4	CDK6	9606.ENSP00000257904	9606.ENSP00000265734	0	0	0.055	0.970	0.072	0.720	0.900	0.983	0.999
CDK6	CCND1	9606.ENSP00000265734	9606.ENSP00000227507	0	0	0	0	0.112	0.995	0.900	0.998	0.999
CDK6	JAG1	9606.ENSP00000265734	9606.ENSP00000254958	0	0	0	0	0.069	0.092	0	0.347	0.400
CDK6	KRAS	9606.ENSP00000265734	9606.ENSP00000256078	0	0	0	0	0.067	0.095	0	0.603	0.636
CDK6	NOTCH2	9606.ENSP00000265734	9606.ENSP00000256646	0	0	0	0	0.075	0.092	0	0.405	0.457
CDK6	CDK4	9606.ENSP00000265734	9606.ENSP00000257904	0	0	0.055	0.970	0.072	0.720	0.900	0.983	0.999
CDK6	E2F3	9606.ENSP00000265734	9606.ENSP00000262904	0	0	0	0	0.067	0.091	0.500	0.650	0.832
CDK6	PIK3CA	9606.ENSP00000265734	9606.ENSP00000263967	0	0	0	0	0	0	0	0.596	0.596
CDK6	EGF	9606.ENSP00000265734	9606.ENSP00000265171	0	0	0	0	0	0	0	0.462	0.462
CDK6	FOS	9606.ENSP00000265734	9606.ENSP00000306245	0	0	0	0	0.051	0.079	0	0.374	0.405
CDK6	PIK3R1	9606.ENSP00000265734	9606.ENSP00000428056	0	0	0	0	0.044	0	0	0.434	0.435
CDK6	AKT1	9606.ENSP00000265734	9606.ENSP00000451828	0	0	0	0.603	0.042	0.228	0	0.307	0.443
CDK6	BRCA2	9606.ENSP00000265734	9606.ENSP00000369497	0	0	0	0	0.062	0.046	0	0.476	0.490
CDK6	MTOR	9606.ENSP00000265734	9606.ENSP00000354558	0	0	0	0	0.055	0.068	0	0.475	0.497
CDK6	PIK3CB	9606.ENSP00000265734	9606.ENSP00000501150	0	0	0	0	0.042	0	0	0.515	0.516
CDK6	AXIN2	9606.ENSP00000265734	9606.ENSP00000302625	0	0	0	0	0.054	0	0	0.529	0.535
CDK6	NRAS	9606.ENSP00000265734	9606.ENSP00000358548	0	0	0	0	0.108	0.095	0	0.503	0.564
CDK6	BRCA1	9606.ENSP00000265734	9606.ENSP00000418960	0	0	0	0	0.159	0	0	0.519	0.578
CDK6	NOTCH1	9606.ENSP00000265734	9606.ENSP00000498587	0	0	0	0	0.071	0.092	0	0.539	0.578
CDK6	ESR1	9606.ENSP00000265734	9606.ENSP00000405330	0	0	0	0	0	0.045	0	0.584	0.585
CDK6	GADD45A	9606.ENSP00000265734	9606.ENSP00000360025	0	0	0	0	0.057	0	0	0.606	0.612
CDK6	HRAS	9606.ENSP00000265734	9606.ENSP00000407586	0	0	0	0	0.067	0.095	0	0.641	0.670
CDK6	CTNNB1	9606.ENSP00000265734	9606.ENSP00000495360	0	0	0	0	0.042	0.415	0	0.593	0.752
CDK6	E2F2	9606.ENSP00000265734	9606.ENSP00000355249	0	0	0	0	0.044	0.091	0.500	0.545	0.776
CDK6	JUN	9606.ENSP00000265734	9606.ENSP00000360266	0	0	0	0	0.042	0.188	0	0.748	0.787
CDK6	MYC	9606.ENSP00000265734	9606.ENSP00000478887	0	0	0	0	0.097	0.242	0	0.716	0.788
CDK6	PTEN	9606.ENSP00000265734	9606.ENSP00000361021	0	0	0	0	0.078	0.126	0	0.773	0.801
CDK6	TP53	9606.ENSP00000265734	9606.ENSP00000269305	0	0	0	0	0.063	0.179	0	0.771	0.808
CDK6	E2F1	9606.ENSP00000265734	9606.ENSP00000345571	0	0	0	0	0.075	0.091	0.500	0.856	0.931
CDK6	RB1	9606.ENSP00000265734	9606.ENSP00000267163	0	0	0	0	0.095	0.871	0.900	0.840	0.997
CDK6	CDKN1A	9606.ENSP00000265734	9606.ENSP00000384849	0	0	0	0	0.087	0.994	0.900	0.994	0.999
CDKN1A	GADD45B	9606.ENSP00000384849	9606.ENSP00000215631	0	0	0	0	0.215	0.046	0	0.703	0.758
CDKN1A	MAPK1	9606.ENSP00000384849	9606.ENSP00000215832	0	0	0	0	0	0	0	0.732	0.732
CDKN1A	RPS6KB1	9606.ENSP00000384849	9606.ENSP00000225577	0	0	0	0	0	0	0	0.475	0.475
CDKN1A	CCND1	9606.ENSP00000384849	9606.ENSP00000227507	0	0	0	0	0.118	0.996	0.900	0.995	0.999
CDKN1A	GADD45G	9606.ENSP00000384849	9606.ENSP00000252506	0	0	0	0	0.088	0.513	0	0.439	0.729
CDKN1A	JAG1	9606.ENSP00000384849	9606.ENSP00000254958	0	0	0	0	0.083	0.045	0	0.427	0.454
CDKN1A	KRAS	9606.ENSP00000384849	9606.ENSP00000256078	0	0	0	0	0.055	0.053	0	0.568	0.579
CDKN1A	NOTCH2	9606.ENSP00000384849	9606.ENSP00000256646	0	0	0	0	0.073	0.045	0	0.581	0.597
CDKN1A	DDB2	9606.ENSP00000384849	9606.ENSP00000256996	0	0	0	0	0.065	0.292	0	0.587	0.702
CDKN1A	CDK4	9606.ENSP00000384849	9606.ENSP00000257904	0	0	0	0	0.103	0.999	0.900	0.998	0.999
CDKN1A	E2F3	9606.ENSP00000384849	9606.ENSP00000262904	0	0	0	0	0	0	0.500	0.550	0.765
CDKN1A	MAPK3	9606.ENSP00000384849	9606.ENSP00000263025	0	0	0	0	0.044	0	0	0.606	0.608
CDKN1A	NOTCH3	9606.ENSP00000384849	9606.ENSP00000263388	0	0	0	0	0.061	0.045	0	0.384	0.400
CDKN1A	PIK3CA	9606.ENSP00000384849	9606.ENSP00000263967	0	0	0	0	0	0	0	0.445	0.445
CDKN1A	FGF2	9606.ENSP00000384849	9606.ENSP00000264498	0	0	0	0	0.042	0	0	0.446	0.446
CDKN1A	EGF	9606.ENSP00000384849	9606.ENSP00000265171	0	0	0	0	0	0	0	0.570	0.570
CDKN1A	CDK6	9606.ENSP00000384849	9606.ENSP00000265734	0	0	0	0	0.087	0.994	0.900	0.994	0.999
CDKN1A	RB1	9606.ENSP00000384849	9606.ENSP00000267163	0	0	0	0	0	0.332	0.500	0.658	0.876
CDKN1A	TP53	9606.ENSP00000384849	9606.ENSP00000269305	0	0	0	0	0	0.925	0.900	0.960	0.999
CDKN1A	ERBB2	9606.ENSP00000384849	9606.ENSP00000269571	0	0	0	0	0	0	0	0.588	0.588
CDKN1A	EGFR	9606.ENSP00000384849	9606.ENSP00000275493	0	0	0	0	0.061	0	0	0.746	0.752
CDKN1A	KIT	9606.ENSP00000384849	9606.ENSP00000288135	0	0	0	0	0.067	0	0	0.419	0.434
CDKN1A	BAX	9606.ENSP00000384849	9606.ENSP00000293288	0	0	0	0	0.111	0	0	0.466	0.505
CDKN1A	MAP2K1	9606.ENSP00000384849	9606.ENSP00000302486	0	0	0	0	0.054	0	0	0.447	0.454
CDKN1A	FOS	9606.ENSP00000384849	9606.ENSP00000306245	0	0	0	0	0.126	0	0	0.729	0.753
CDKN1A	GSK3B	9606.ENSP00000384849	9606.ENSP00000324806	0	0	0	0	0.042	0.047	0	0.525	0.529
CDKN1A	PGR	9606.ENSP00000384849	9606.ENSP00000325120	0	0	0	0	0	0.292	0	0.397	0.555
CDKN1A	SP1	9606.ENSP00000384849	9606.ENSP00000329357	0	0	0	0	0.065	0.294	0	0.463	0.615
CDKN1A	E2F1	9606.ENSP00000384849	9606.ENSP00000345571	0	0	0	0	0	0.226	0.500	0.947	0.977
CDKN1A	MTOR	9606.ENSP00000384849	9606.ENSP00000354558	0	0	0	0	0	0	0	0.521	0.521
CDKN1A	E2F2	9606.ENSP00000384849	9606.ENSP00000355249	0	0	0	0	0	0	0.500	0.575	0.778
CDKN1A	NRAS	9606.ENSP00000384849	9606.ENSP00000358548	0	0	0	0	0.055	0.053	0	0.453	0.468
CDKN1A	NFKB2	9606.ENSP00000384849	9606.ENSP00000358983	0	0	0	0	0.135	0.049	0	0.464	0.520
CDKN1A	GADD45A	9606.ENSP00000384849	9606.ENSP00000360025	0	0	0	0	0.163	0.625	0	0.926	0.974
CDKN1A	JUN	9606.ENSP00000384849	9606.ENSP00000360266	0	0	0	0	0.122	0.510	0	0.639	0.831
CDKN1A	PTEN	9606.ENSP00000384849	9606.ENSP00000361021	0	0	0	0	0	0	0	0.792	0.792
CDKN1A	BAK1	9606.ENSP00000384849	9606.ENSP00000363591	0	0	0	0	0.106	0	0	0.393	0.435
CDKN1A	BRCA2	9606.ENSP00000384849	9606.ENSP00000369497	0	0	0	0	0	0	0	0.635	0.635
CDKN1A	AKT2	9606.ENSP00000384849	9606.ENSP00000375892	0	0	0	0	0	0.296	0.900	0.415	0.955
CDKN1A	IGF1	9606.ENSP00000384849	9606.ENSP00000376637	0	0	0	0	0	0	0	0.506	0.506
CDKN1A	PIK3CB	9606.ENSP00000384849	9606.ENSP00000501150	0	0	0	0	0	0	0	0.432	0.432
CDKN1A	FGF1	9606.ENSP00000384849	9606.ENSP00000480791	0	0	0	0	0	0	0	0.482	0.482
CDKN1A	BRAF	9606.ENSP00000384849	9606.ENSP00000419060	0	0	0	0	0	0.047	0	0.505	0.508
CDKN1A	IGF1R	9606.ENSP00000384849	9606.ENSP00000497069	0	0	0	0	0.058	0.069	0	0.487	0.510
CDKN1A	PIK3R1	9606.ENSP00000384849	9606.ENSP00000428056	0	0	0	0	0	0	0.400	0.321	0.575
CDKN1A	CTNNB1	9606.ENSP00000384849	9606.ENSP00000495360	0	0	0	0	0.043	0	0	0.624	0.625
CDKN1A	HRAS	9606.ENSP00000384849	9606.ENSP00000407586	0	0	0	0	0.072	0.053	0	0.660	0.675
CDKN1A	NOTCH1	9606.ENSP00000384849	9606.ENSP00000498587	0	0	0	0	0.044	0.045	0	0.678	0.680
CDKN1A	BRCA1	9606.ENSP00000384849	9606.ENSP00000418960	0	0	0	0	0	0.292	0	0.742	0.809
CDKN1A	ESR1	9606.ENSP00000384849	9606.ENSP00000405330	0	0	0	0	0	0.625	0	0.597	0.842
CDKN1A	AKT3	9606.ENSP00000384849	9606.ENSP00000500582	0	0	0	0	0	0.047	0.900	0.520	0.950
CDKN1A	MYC	9606.ENSP00000384849	9606.ENSP00000478887	0	0	0	0	0.105	0.320	0.500	0.945	0.981
CDKN1A	AKT1	9606.ENSP00000384849	9606.ENSP00000451828	0	0	0	0	0	0.776	0.900	0.833	0.995
CSNK1A1L	APC	9606.ENSP00000369126	9606.ENSP00000257430	0	0	0	0	0	0	0.900	0.065	0.902
CSNK1A1L	AXIN1	9606.ENSP00000369126	9606.ENSP00000262320	0	0	0	0	0	0.138	0.900	0.341	0.938
CSNK1A1L	AXIN2	9606.ENSP00000369126	9606.ENSP00000302625	0	0	0	0	0	0.138	0.900	0.475	0.950
CSNK1A1L	GSK3B	9606.ENSP00000369126	9606.ENSP00000324806	0	0	0	0	0.055	0.077	0.900	0.375	0.938
CSNK1A1L	APC2	9606.ENSP00000369126	9606.ENSP00000442954	0	0	0	0	0	0	0.900	0.221	0.918
CSNK1A1L	CTNNB1	9606.ENSP00000369126	9606.ENSP00000495360	0	0	0	0	0.070	0.140	0.900	0.206	0.928
CTNNB1	DVL2	9606.ENSP00000495360	9606.ENSP00000005340	0	0	0	0	0.051	0.368	0.500	0.795	0.930
CTNNB1	FGF4	9606.ENSP00000495360	9606.ENSP00000168712	0	0	0	0	0	0	0	0.669	0.669
CTNNB1	FGF20	9606.ENSP00000495360	9606.ENSP00000180166	0	0	0	0	0	0	0	0.684	0.684
CTNNB1	FGF22	9606.ENSP00000495360	9606.ENSP00000215530	0	0	0	0	0	0	0	0.662	0.662
CTNNB1	MAPK1	9606.ENSP00000495360	9606.ENSP00000215832	0	0	0	0	0.117	0	0	0.713	0.736
CTNNB1	WNT16	9606.ENSP00000495360	9606.ENSP00000222462	0	0	0	0	0	0.137	0	0.762	0.785
CTNNB1	WNT3	9606.ENSP00000495360	9606.ENSP00000225512	0	0	0	0	0	0.137	0.720	0.778	0.941
CTNNB1	RPS6KB1	9606.ENSP00000495360	9606.ENSP00000225577	0	0	0	0	0.044	0	0	0.589	0.591
CTNNB1	CCND1	9606.ENSP00000495360	9606.ENSP00000227507	0	0	0	0	0.073	0.300	0.500	0.926	0.972
CTNNB1	FGF6	9606.ENSP00000495360	9606.ENSP00000228837	0	0	0	0	0	0	0	0.647	0.647
CTNNB1	FZD10	9606.ENSP00000495360	9606.ENSP00000229030	0	0	0	0	0	0.065	0	0.724	0.731
CTNNB1	HES1	9606.ENSP00000495360	9606.ENSP00000232424	0	0	0	0	0.049	0	0	0.395	0.400
CTNNB1	WNT6	9606.ENSP00000495360	9606.ENSP00000233948	0	0	0	0	0	0.137	0	0.649	0.684
CTNNB1	FGF23	9606.ENSP00000495360	9606.ENSP00000237837	0	0	0	0	0	0	0	0.455	0.455
CTNNB1	FZD3	9606.ENSP00000495360	9606.ENSP00000240093	0	0	0	0	0.049	0.065	0	0.758	0.766
CTNNB1	DLL4	9606.ENSP00000495360	9606.ENSP00000249749	0	0	0	0	0.056	0.098	0	0.691	0.713
CTNNB1	JAG1	9606.ENSP00000495360	9606.ENSP00000254958	0	0	0	0	0.081	0.098	0	0.774	0.796
CTNNB1	KRAS	9606.ENSP00000495360	9606.ENSP00000256078	0	0	0	0	0.077	0.197	0	0.857	0.885
CTNNB1	NOTCH2	9606.ENSP00000495360	9606.ENSP00000256646	0	0	0	0	0.105	0.098	0	0.598	0.647
CTNNB1	APC	9606.ENSP00000495360	9606.ENSP00000257430	0	0	0	0	0.099	0.999	0.900	0.996	0.999
CTNNB1	CDK4	9606.ENSP00000495360	9606.ENSP00000257904	0	0	0	0	0.044	0.086	0	0.784	0.795
CTNNB1	WNT10A	9606.ENSP00000495360	9606.ENSP00000258411	0	0	0	0	0	0.113	0	0.663	0.689
CTNNB1	LRP6	9606.ENSP00000495360	9606.ENSP00000261349	0	0	0	0	0	0.532	0.720	0.948	0.992
CTNNB1	FLT4	9606.ENSP00000495360	9606.ENSP00000261937	0	0	0	0	0.095	0	0	0.398	0.431
CTNNB1	AXIN1	9606.ENSP00000495360	9606.ENSP00000262320	0	0	0	0	0.057	0.982	0.900	0.999	0.999
CTNNB1	PIK3R3	9606.ENSP00000495360	9606.ENSP00000262741	0	0	0	0	0	0.050	0	0.534	0.538
CTNNB1	E2F3	9606.ENSP00000495360	9606.ENSP00000262904	0	0	0	0	0	0.101	0	0.423	0.460
CTNNB1	MAP2K2	9606.ENSP00000495360	9606.ENSP00000262948	0	0	0	0	0.093	0.091	0	0.750	0.776
CTNNB1	MAPK3	9606.ENSP00000495360	9606.ENSP00000263025	0	0	0	0	0.091	0	0	0.866	0.873
CTNNB1	NOTCH3	9606.ENSP00000495360	9606.ENSP00000263388	0	0	0	0	0.081	0.098	0	0.559	0.603
CTNNB1	PIK3CA	9606.ENSP00000495360	9606.ENSP00000263967	0	0	0	0	0.049	0.130	0	0.890	0.901
CTNNB1	FGF2	9606.ENSP00000495360	9606.ENSP00000264498	0	0	0	0	0	0	0	0.718	0.718
CTNNB1	WNT5A	9606.ENSP00000495360	9606.ENSP00000264634	0	0	0	0	0.058	0.137	0	0.851	0.869
CTNNB1	FGF10	9606.ENSP00000495360	9606.ENSP00000264664	0	0	0	0	0	0	0	0.686	0.686
CTNNB1	LEF1	9606.ENSP00000495360	9606.ENSP00000265165	0	0	0	0	0	0.996	0.900	0.999	0.999
CTNNB1	EGF	9606.ENSP00000495360	9606.ENSP00000265171	0	0	0	0	0	0.065	0	0.864	0.868
CTNNB1	WNT2	9606.ENSP00000495360	9606.ENSP00000265441	0	0	0	0	0	0.137	0.540	0.753	0.893
CTNNB1	CDK6	9606.ENSP00000495360	9606.ENSP00000265734	0	0	0	0	0.042	0.415	0	0.593	0.752
CTNNB1	RB1	9606.ENSP00000495360	9606.ENSP00000267163	0	0	0	0	0.061	0.067	0	0.448	0.474
CTNNB1	FGF7	9606.ENSP00000495360	9606.ENSP00000267843	0	0	0	0	0.042	0	0	0.683	0.683
CTNNB1	TP53	9606.ENSP00000495360	9606.ENSP00000269305	0	0	0	0	0.049	0	0	0.927	0.927
CTNNB1	ERBB2	9606.ENSP00000495360	9606.ENSP00000269571	0	0	0	0	0	0.662	0.900	0.954	0.998
CTNNB1	WNT9A	9606.ENSP00000495360	9606.ENSP00000272164	0	0	0	0	0	0.113	0	0.742	0.761
CTNNB1	FGF18	9606.ENSP00000495360	9606.ENSP00000274625	0	0	0	0	0	0	0	0.686	0.686
CTNNB1	EGFR	9606.ENSP00000495360	9606.ENSP00000275493	0	0	0	0	0.064	0.718	0.900	0.940	0.998
CTNNB1	TCF7L1	9606.ENSP00000495360	9606.ENSP00000282111	0	0	0	0	0	0.808	0.900	0.963	0.999
CTNNB1	WNT3A	9606.ENSP00000495360	9606.ENSP00000284523	0	0	0	0	0	0.137	0.500	0.949	0.976
CTNNB1	WNT7A	9606.ENSP00000495360	9606.ENSP00000285018	0	0	0	0	0	0.137	0	0.740	0.766
CTNNB1	FZD7	9606.ENSP00000495360	9606.ENSP00000286201	0	0	0	0	0.044	0.065	0	0.802	0.808
CTNNB1	FZD1	9606.ENSP00000495360	9606.ENSP00000287934	0	0	0	0	0.042	0.065	0.540	0.815	0.913
CTNNB1	KIT	9606.ENSP00000495360	9606.ENSP00000288135	0	0	0	0	0.100	0	0	0.667	0.687
CTNNB1	WNT9B	9606.ENSP00000495360	9606.ENSP00000290015	0	0	0	0	0	0.113	0	0.599	0.629
CTNNB1	WNT4	9606.ENSP00000495360	9606.ENSP00000290167	0	0	0	0	0	0.137	0	0.872	0.885
CTNNB1	BAX	9606.ENSP00000495360	9606.ENSP00000293288	0	0	0	0	0.063	0	0	0.397	0.411
CTNNB1	WNT1	9606.ENSP00000495360	9606.ENSP00000293549	0	0	0	0	0	0.137	0.500	0.944	0.973
CTNNB1	LRP5	9606.ENSP00000495360	9606.ENSP00000294304	0	0	0	0	0	0.325	0.720	0.964	0.992
CTNNB1	FGF19	9606.ENSP00000495360	9606.ENSP00000294312	0	0	0	0	0	0	0	0.644	0.644
CTNNB1	WNT10B	9606.ENSP00000495360	9606.ENSP00000301061	0	0	0	0	0	0.113	0	0.731	0.751
CTNNB1	MAP2K1	9606.ENSP00000495360	9606.ENSP00000302486	0	0	0	0	0.115	0.091	0	0.608	0.657
CTNNB1	AXIN2	9606.ENSP00000495360	9606.ENSP00000302625	0	0	0	0	0.057	0.869	0.900	0.993	0.999
CTNNB1	FOS	9606.ENSP00000495360	9606.ENSP00000306245	0	0	0	0	0.061	0	0	0.610	0.618
CTNNB1	FGF5	9606.ENSP00000495360	9606.ENSP00000311697	0	0	0	0	0	0	0	0.681	0.681
CTNNB1	DVL3	9606.ENSP00000495360	9606.ENSP00000316054	0	0	0	0	0.051	0.368	0.500	0.669	0.887
CTNNB1	FGF8	9606.ENSP00000495360	9606.ENSP00000321797	0	0	0	0	0	0	0	0.769	0.769
CTNNB1	FZD2	9606.ENSP00000495360	9606.ENSP00000323901	0	0	0	0	0	0.065	0.500	0.871	0.934
CTNNB1	GSK3B	9606.ENSP00000495360	9606.ENSP00000324806	0	0	0	0	0.054	0.991	0.900	0.999	0.999
CTNNB1	PGR	9606.ENSP00000495360	9606.ENSP00000325120	0	0	0	0	0.052	0	0	0.591	0.596
CTNNB1	WNT11	9606.ENSP00000495360	9606.ENSP00000325526	0	0	0	0	0	0.137	0	0.737	0.763
CTNNB1	JAG2	9606.ENSP00000495360	9606.ENSP00000328169	0	0	0	0	0.056	0.098	0	0.469	0.508
CTNNB1	SP1	9606.ENSP00000495360	9606.ENSP00000329357	0	0	0	0	0.091	0.524	0.098	0.647	0.844
CTNNB1	FGF3	9606.ENSP00000495360	9606.ENSP00000334122	0	0	0	0	0	0	0	0.664	0.664
CTNNB1	HEY1	9606.ENSP00000495360	9606.ENSP00000338272	0	0	0	0	0	0	0	0.480	0.480
CTNNB1	TCF7	9606.ENSP00000495360	9606.ENSP00000340347	0	0	0	0	0	0.886	0.900	0.996	0.999
CTNNB1	WNT8B	9606.ENSP00000495360	9606.ENSP00000340677	0	0	0	0	0	0.137	0.500	0.543	0.785
CTNNB1	WNT7B	9606.ENSP00000495360	9606.ENSP00000341032	0	0	0	0	0	0.137	0	0.718	0.746
CTNNB1	ESR2	9606.ENSP00000495360	9606.ENSP00000343925	0	0	0	0	0.052	0.060	0	0.507	0.522
CTNNB1	E2F1	9606.ENSP00000495360	9606.ENSP00000345571	0	0	0	0	0	0.064	0	0.615	0.624
CTNNB1	FZD9	9606.ENSP00000495360	9606.ENSP00000345785	0	0	0	0	0	0.065	0	0.772	0.778
CTNNB1	FZD6	9606.ENSP00000495360	9606.ENSP00000351605	0	0	0	0	0	0.065	0	0.654	0.663
CTNNB1	FGF17	9606.ENSP00000495360	9606.ENSP00000352414	0	0	0	0	0	0	0	0.650	0.650
CTNNB1	MTOR	9606.ENSP00000495360	9606.ENSP00000354558	0	0	0	0	0.049	0	0	0.692	0.694
CTNNB1	FZD5	9606.ENSP00000495360	9606.ENSP00000354607	0	0	0	0	0.042	0.065	0	0.792	0.797
CTNNB1	DLL1	9606.ENSP00000495360	9606.ENSP00000355718	0	0	0	0	0.056	0.098	0.500	0.507	0.762
CTNNB1	NRAS	9606.ENSP00000495360	9606.ENSP00000358548	0	0	0	0	0.066	0.145	0	0.676	0.719
CTNNB1	WNT2B	9606.ENSP00000495360	9606.ENSP00000358698	0	0	0	0	0	0.137	0	0.725	0.752
CTNNB1	FRAT2	9606.ENSP00000495360	9606.ENSP00000360058	0	0	0	0	0	0	0.400	0.568	0.729
CTNNB1	FRAT1	9606.ENSP00000495360	9606.ENSP00000360060	0	0	0	0	0	0	0.400	0.697	0.810
CTNNB1	JUN	9606.ENSP00000495360	9606.ENSP00000360266	0	0	0	0	0.045	0.095	0	0.891	0.898
CTNNB1	PTEN	9606.ENSP00000495360	9606.ENSP00000361021	0	0	0	0	0.069	0.527	0	0.881	0.943
CTNNB1	FZD8	9606.ENSP00000495360	9606.ENSP00000363826	0	0	0	0	0	0.065	0	0.793	0.798
CTNNB1	NOTCH4	9606.ENSP00000495360	9606.ENSP00000364163	0	0	0	0	0	0.091	0	0.448	0.477
CTNNB1	HES5	9606.ENSP00000495360	9606.ENSP00000367714	0	0	0	0	0	0	0	0.567	0.567
CTNNB1	DVL1	9606.ENSP00000495360	9606.ENSP00000368166	0	0	0	0	0.058	0.640	0.500	0.972	0.994
CTNNB1	CSNK1A1L	9606.ENSP00000495360	9606.ENSP00000369126	0	0	0	0	0.070	0.140	0.900	0.206	0.928
CTNNB1	BRCA2	9606.ENSP00000495360	9606.ENSP00000369497	0	0	0	0	0.042	0	0	0.543	0.543
CTNNB1	FGF9	9606.ENSP00000495360	9606.ENSP00000371790	0	0	0	0	0	0	0	0.692	0.692
CTNNB1	AKT2	9606.ENSP00000495360	9606.ENSP00000375892	0	0	0	0	0.074	0.098	0.400	0.508	0.721
CTNNB1	GRB2	9606.ENSP00000495360	9606.ENSP00000376345	0	0	0	0	0.049	0	0	0.502	0.506
CTNNB1	IGF1	9606.ENSP00000495360	9606.ENSP00000376637	0	0	0	0	0	0	0	0.687	0.687
CTNNB1	WNT5B	9606.ENSP00000495360	9606.ENSP00000380379	0	0	0	0	0	0.137	0	0.649	0.684
CTNNB1	TNFSF11	9606.ENSP00000495360	9606.ENSP00000381775	0	0	0	0	0	0	0	0.697	0.697
CTNNB1	CDKN1A	9606.ENSP00000495360	9606.ENSP00000384849	0	0	0	0	0.043	0	0	0.624	0.625
CTNNB1	NCOA1	9606.ENSP00000495360	9606.ENSP00000385216	0	0	0	0	0	0	0	0.698	0.698
CTNNB1	FGFR1	9606.ENSP00000495360	9606.ENSP00000393312	0	0	0	0	0.088	0.777	0	0.762	0.947
CTNNB1	FGF16	9606.ENSP00000495360	9606.ENSP00000399324	0	0	0	0	0	0	0	0.672	0.672
CTNNB1	SHC1	9606.ENSP00000495360	9606.ENSP00000401303	0	0	0	0	0.048	0	0	0.618	0.620
CTNNB1	RAF1	9606.ENSP00000495360	9606.ENSP00000401888	0	0	0	0	0.116	0.098	0	0.629	0.679
CTNNB1	ESR1	9606.ENSP00000495360	9606.ENSP00000405330	0	0	0	0	0.052	0.301	0	0.952	0.965
CTNNB1	HRAS	9606.ENSP00000495360	9606.ENSP00000407586	0	0	0	0	0.059	0.168	0	0.841	0.865
CTNNB1	BRCA1	9606.ENSP00000495360	9606.ENSP00000418960	0	0	0	0	0.045	0.292	0	0.634	0.731
CTNNB1	BRAF	9606.ENSP00000495360	9606.ENSP00000419060	0	0	0	0	0.087	0.098	0	0.771	0.795
CTNNB1	WNT8A	9606.ENSP00000495360	9606.ENSP00000426653	0	0	0	0	0	0.137	0.500	0.578	0.802
CTNNB1	PIK3R1	9606.ENSP00000495360	9606.ENSP00000428056	0	0	0	0	0.075	0.683	0	0.555	0.858
CTNNB1	FZD4	9606.ENSP00000495360	9606.ENSP00000434034	0	0	0	0	0	0.065	0	0.826	0.830
CTNNB1	APC2	9606.ENSP00000495360	9606.ENSP00000442954	0	0	0	0	0.099	0.881	0.900	0.572	0.994
CTNNB1	AKT1	9606.ENSP00000495360	9606.ENSP00000451828	0	0	0	0	0.074	0.539	0.400	0.930	0.979
CTNNB1	MYC	9606.ENSP00000495360	9606.ENSP00000478887	0	0	0	0	0.058	0.567	0.500	0.937	0.985
CTNNB1	FGF1	9606.ENSP00000495360	9606.ENSP00000480791	0	0	0	0	0	0	0	0.464	0.464
CTNNB1	TCF7L2	9606.ENSP00000495360	9606.ENSP00000486891	0	0	0	0	0.049	0.997	0.900	0.998	0.999
CTNNB1	AKT3	9606.ENSP00000495360	9606.ENSP00000500582	0	0	0	0	0.067	0.098	0	0.472	0.518
CTNNB1	NOTCH1	9606.ENSP00000495360	9606.ENSP00000498587	0	0	0	0	0.083	0.328	0.500	0.931	0.976
CTNNB1	IGF1R	9606.ENSP00000495360	9606.ENSP00000497069	0	0	0	0	0.063	0.397	0.900	0.777	0.985
DDB2	MAPK1	9606.ENSP00000256996	9606.ENSP00000215832	0	0	0	0	0.049	0	0	0.431	0.436
DDB2	BRCA1	9606.ENSP00000256996	9606.ENSP00000418960	0	0	0	0	0.057	0	0	0.496	0.504
DDB2	E2F1	9606.ENSP00000256996	9606.ENSP00000345571	0	0	0	0	0.044	0.292	0	0.336	0.511
DDB2	GADD45A	9606.ENSP00000256996	9606.ENSP00000360025	0	0	0	0	0.049	0	0	0.618	0.621
DDB2	CDKN1A	9606.ENSP00000256996	9606.ENSP00000384849	0	0	0	0	0.065	0.292	0	0.587	0.702
DDB2	TP53	9606.ENSP00000256996	9606.ENSP00000269305	0	0	0	0	0.202	0.095	0.900	0.745	0.979
DLL1	DLL3	9606.ENSP00000355718	9606.ENSP00000205143	0	0	0	0.807	0.042	0	0.900	0.428	0.940
DLL1	WNT3	9606.ENSP00000355718	9606.ENSP00000225512	0	0	0	0	0	0.094	0	0.417	0.449
DLL1	CCND1	9606.ENSP00000355718	9606.ENSP00000227507	0	0	0	0	0.059	0	0	0.391	0.402
DLL1	HES1	9606.ENSP00000355718	9606.ENSP00000232424	0	0	0	0	0.079	0.072	0	0.609	0.637
DLL1	DLL4	9606.ENSP00000355718	9606.ENSP00000249749	0	0	0.068	0.932	0.075	0	0.900	0.413	0.942
DLL1	JAG1	9606.ENSP00000355718	9606.ENSP00000254958	0	0	0	0.853	0.050	0	0.400	0.684	0.804
DLL1	NOTCH2	9606.ENSP00000355718	9606.ENSP00000256646	0	0	0	0.670	0	0.625	0.900	0.990	0.999
DLL1	AXIN1	9606.ENSP00000355718	9606.ENSP00000262320	0	0	0	0	0	0.065	0	0.495	0.508
DLL1	NOTCH3	9606.ENSP00000355718	9606.ENSP00000263388	0	0	0	0.663	0.063	0.292	0.900	0.987	0.999
DLL1	LEF1	9606.ENSP00000355718	9606.ENSP00000265165	0	0	0	0	0.065	0.051	0.500	0.595	0.796
DLL1	EGF	9606.ENSP00000355718	9606.ENSP00000265171	0	0	0	0.551	0.055	0	0	0.487	0.494
DLL1	EGFR	9606.ENSP00000355718	9606.ENSP00000275493	0	0	0	0	0	0.097	0	0.378	0.414
DLL1	WNT3A	9606.ENSP00000355718	9606.ENSP00000284523	0	0	0	0	0.049	0.094	0	0.467	0.501
DLL1	WNT4	9606.ENSP00000355718	9606.ENSP00000290167	0	0	0	0	0.049	0.094	0	0.382	0.421
DLL1	AXIN2	9606.ENSP00000355718	9606.ENSP00000302625	0	0	0	0	0.068	0.065	0	0.451	0.480
DLL1	FGF8	9606.ENSP00000355718	9606.ENSP00000321797	0	0	0	0	0.049	0.042	0	0.423	0.428
DLL1	JAG2	9606.ENSP00000355718	9606.ENSP00000328169	0	0	0	0.839	0.075	0	0.400	0.189	0.510
DLL1	HEY1	9606.ENSP00000355718	9606.ENSP00000338272	0	0	0	0	0.064	0.071	0	0.857	0.864
DLL1	AKT1	9606.ENSP00000355718	9606.ENSP00000451828	0	0	0	0	0.057	0.098	0	0.392	0.437
DLL1	MYC	9606.ENSP00000355718	9606.ENSP00000478887	0	0	0	0	0.062	0.067	0	0.420	0.448
DLL1	HEYL	9606.ENSP00000355718	9606.ENSP00000361943	0	0	0	0	0.062	0.071	0	0.610	0.631
DLL1	HEY2	9606.ENSP00000355718	9606.ENSP00000357348	0	0	0	0	0.067	0.071	0	0.677	0.696
DLL1	CTNNB1	9606.ENSP00000355718	9606.ENSP00000495360	0	0	0	0	0.056	0.098	0.500	0.507	0.762
DLL1	HES5	9606.ENSP00000355718	9606.ENSP00000367714	0	0	0	0	0.086	0	0	0.853	0.859
DLL1	NOTCH4	9606.ENSP00000355718	9606.ENSP00000364163	0	0	0	0.644	0.115	0.087	0.900	0.987	0.998
DLL1	NOTCH1	9606.ENSP00000355718	9606.ENSP00000498587	0	0	0	0.676	0.099	0.615	0.900	0.987	0.999
DLL3	EGFR	9606.ENSP00000205143	9606.ENSP00000275493	0	0	0	0	0	0.075	0	0.384	0.405
DLL3	HES1	9606.ENSP00000205143	9606.ENSP00000232424	0	0	0	0	0	0.071	0	0.482	0.498
DLL3	HEYL	9606.ENSP00000205143	9606.ENSP00000361943	0	0	0	0	0.047	0.071	0	0.515	0.533
DLL3	HEY2	9606.ENSP00000205143	9606.ENSP00000357348	0	0	0	0	0.047	0.071	0	0.599	0.614
DLL3	HEY1	9606.ENSP00000205143	9606.ENSP00000338272	0	0	0	0	0.079	0.071	0	0.677	0.699
DLL3	HES5	9606.ENSP00000205143	9606.ENSP00000367714	0	0	0	0	0.054	0	0	0.719	0.723
DLL3	EGF	9606.ENSP00000205143	9606.ENSP00000265171	0	0	0	0	0	0	0	0.756	0.756
DLL3	DLL4	9606.ENSP00000205143	9606.ENSP00000249749	0	0	0	0.787	0	0	0.900	0.229	0.919
DLL3	DLL1	9606.ENSP00000205143	9606.ENSP00000355718	0	0	0	0.807	0.042	0	0.900	0.428	0.940
DLL3	NOTCH1	9606.ENSP00000205143	9606.ENSP00000498587	0	0	0	0.632	0	0	0.900	0.987	0.998
DLL3	NOTCH3	9606.ENSP00000205143	9606.ENSP00000263388	0	0	0	0.633	0	0	0.900	0.981	0.998
DLL3	NOTCH2	9606.ENSP00000205143	9606.ENSP00000256646	0	0	0	0.648	0	0	0.900	0.988	0.998
DLL3	NOTCH4	9606.ENSP00000205143	9606.ENSP00000364163	0	0	0	0.630	0.042	0	0.900	0.988	0.998
DLL4	DLL3	9606.ENSP00000249749	9606.ENSP00000205143	0	0	0	0.787	0	0	0.900	0.229	0.919
DLL4	WNT3	9606.ENSP00000249749	9606.ENSP00000225512	0	0	0	0	0	0.094	0	0.440	0.471
DLL4	HES1	9606.ENSP00000249749	9606.ENSP00000232424	0	0	0	0	0.054	0.072	0	0.544	0.565
DLL4	WNT3A	9606.ENSP00000249749	9606.ENSP00000284523	0	0	0	0	0	0.094	0	0.372	0.407
DLL4	KIT	9606.ENSP00000249749	9606.ENSP00000288135	0	0	0	0	0.067	0	0	0.400	0.416
DLL4	MYC	9606.ENSP00000249749	9606.ENSP00000478887	0	0	0	0	0.060	0.067	0	0.400	0.427
DLL4	AKT1	9606.ENSP00000249749	9606.ENSP00000451828	0	0	0	0	0.057	0.098	0	0.491	0.530
DLL4	EGF	9606.ENSP00000249749	9606.ENSP00000265171	0	0	0	0	0.055	0	0	0.550	0.556
DLL4	JAG2	9606.ENSP00000249749	9606.ENSP00000328169	0	0	0	0.852	0.083	0	0.400	0.322	0.594
DLL4	HES5	9606.ENSP00000249749	9606.ENSP00000367714	0	0	0	0	0.055	0	0	0.619	0.625
DLL4	HEYL	9606.ENSP00000249749	9606.ENSP00000361943	0	0	0	0	0.078	0.071	0	0.599	0.626
DLL4	FGF2	9606.ENSP00000249749	9606.ENSP00000264498	0	0	0	0	0.054	0.042	0	0.637	0.642
DLL4	EGFR	9606.ENSP00000249749	9606.ENSP00000275493	0	0	0	0	0	0.097	0	0.638	0.659
DLL4	JAG1	9606.ENSP00000249749	9606.ENSP00000254958	0	0	0	0.851	0.049	0	0.400	0.463	0.666
DLL4	CTNNB1	9606.ENSP00000249749	9606.ENSP00000495360	0	0	0	0	0.056	0.098	0	0.691	0.713
DLL4	HEY2	9606.ENSP00000249749	9606.ENSP00000357348	0	0	0	0	0.049	0.071	0	0.748	0.758
DLL4	HEY1	9606.ENSP00000249749	9606.ENSP00000338272	0	0	0	0	0.062	0.071	0	0.792	0.803
DLL4	FLT4	9606.ENSP00000249749	9606.ENSP00000261937	0	0	0	0	0.133	0	0	0.803	0.822
DLL4	DLL1	9606.ENSP00000249749	9606.ENSP00000355718	0	0	0.068	0.932	0.075	0	0.900	0.413	0.942
DLL4	NOTCH4	9606.ENSP00000249749	9606.ENSP00000364163	0	0	0	0.645	0.181	0.087	0.900	0.988	0.998
DLL4	NOTCH3	9606.ENSP00000249749	9606.ENSP00000263388	0	0	0	0.654	0.050	0	0.900	0.986	0.998
DLL4	NOTCH1	9606.ENSP00000249749	9606.ENSP00000498587	0	0	0	0.665	0.062	0.824	0.900	0.987	0.999
DLL4	NOTCH2	9606.ENSP00000249749	9606.ENSP00000256646	0	0	0	0.667	0	0	0.900	0.990	0.999
DVL1	DVL2	9606.ENSP00000368166	9606.ENSP00000005340	0	0	0.060	0.955	0.097	0.811	0.900	0.575	0.991
DVL1	WNT16	9606.ENSP00000368166	9606.ENSP00000222462	0	0	0	0	0	0.132	0	0.476	0.526
DVL1	WNT3	9606.ENSP00000368166	9606.ENSP00000225512	0	0	0	0	0	0.132	0.360	0.614	0.767
DVL1	CCND1	9606.ENSP00000368166	9606.ENSP00000227507	0	0	0	0	0.062	0	0	0.609	0.618
DVL1	FZD10	9606.ENSP00000368166	9606.ENSP00000229030	0	0	0	0	0.052	0.169	0.650	0.465	0.832
DVL1	WNT6	9606.ENSP00000368166	9606.ENSP00000233948	0	0	0	0	0	0.132	0	0.517	0.563
DVL1	FZD3	9606.ENSP00000368166	9606.ENSP00000240093	0	0	0	0	0	0.169	0.650	0.867	0.958
DVL1	NOTCH2	9606.ENSP00000368166	9606.ENSP00000256646	0	0	0	0	0	0.114	0.900	0.283	0.930
DVL1	APC	9606.ENSP00000368166	9606.ENSP00000257430	0	0	0	0	0	0.512	0.900	0.808	0.989
DVL1	WNT10A	9606.ENSP00000368166	9606.ENSP00000258411	0	0	0	0	0	0.129	0	0.462	0.511
DVL1	LRP6	9606.ENSP00000368166	9606.ENSP00000261349	0	0	0	0	0.053	0.108	0.650	0.994	0.998
DVL1	AXIN1	9606.ENSP00000368166	9606.ENSP00000262320	0	0	0	0	0.192	0.699	0.900	0.999	0.999
DVL1	NOTCH3	9606.ENSP00000368166	9606.ENSP00000263388	0	0	0	0	0	0.114	0.900	0.274	0.930
DVL1	WNT5A	9606.ENSP00000368166	9606.ENSP00000264634	0	0	0	0	0	0.132	0.500	0.918	0.961
DVL1	LEF1	9606.ENSP00000368166	9606.ENSP00000265165	0	0	0	0	0	0	0	0.796	0.796
DVL1	EGF	9606.ENSP00000368166	9606.ENSP00000265171	0	0	0	0	0	0.097	0	0.385	0.421
DVL1	WNT2	9606.ENSP00000368166	9606.ENSP00000265441	0	0	0	0	0	0.132	0.360	0.700	0.819
DVL1	WNT9A	9606.ENSP00000368166	9606.ENSP00000272164	0	0	0	0	0.049	0.129	0	0.518	0.566
DVL1	TCF7L1	9606.ENSP00000368166	9606.ENSP00000282111	0	0	0	0	0	0	0	0.452	0.452
DVL1	WNT3A	9606.ENSP00000368166	9606.ENSP00000284523	0	0	0	0	0	0.132	0.500	0.928	0.966
DVL1	WNT7A	9606.ENSP00000368166	9606.ENSP00000285018	0	0	0	0	0.042	0.132	0	0.858	0.872
DVL1	FZD7	9606.ENSP00000368166	9606.ENSP00000286201	0	0	0	0	0	0.386	0.650	0.969	0.992
DVL1	FZD1	9606.ENSP00000368166	9606.ENSP00000287934	0	0	0	0	0.067	0.169	0.650	0.936	0.980
DVL1	WNT9B	9606.ENSP00000368166	9606.ENSP00000290015	0	0	0	0	0	0.129	0	0.517	0.561
DVL1	WNT4	9606.ENSP00000368166	9606.ENSP00000290167	0	0	0	0	0	0.132	0.500	0.610	0.815
DVL1	WNT1	9606.ENSP00000368166	9606.ENSP00000293549	0	0	0	0	0	0.132	0.500	0.893	0.949
DVL1	LRP5	9606.ENSP00000368166	9606.ENSP00000294304	0	0	0	0	0.128	0.108	0.650	0.997	0.999
DVL1	WNT10B	9606.ENSP00000368166	9606.ENSP00000301061	0	0	0	0	0.076	0.129	0	0.542	0.599
DVL1	AXIN2	9606.ENSP00000368166	9606.ENSP00000302625	0	0	0	0	0.060	0.232	0.900	0.892	0.991
DVL1	DVL3	9606.ENSP00000368166	9606.ENSP00000316054	0	0	0.056	0.966	0.062	0.367	0.900	0.501	0.966
DVL1	FZD2	9606.ENSP00000368166	9606.ENSP00000323901	0	0	0	0	0.067	0.169	0.650	0.802	0.939
DVL1	GSK3B	9606.ENSP00000368166	9606.ENSP00000324806	0	0	0	0	0.049	0.093	0.900	0.995	0.999
DVL1	WNT11	9606.ENSP00000368166	9606.ENSP00000325526	0	0	0	0	0	0.132	0.500	0.908	0.956
DVL1	TCF7	9606.ENSP00000368166	9606.ENSP00000340347	0	0	0	0	0.044	0	0	0.492	0.493
DVL1	WNT8B	9606.ENSP00000368166	9606.ENSP00000340677	0	0	0	0	0	0.132	0.500	0.417	0.725
DVL1	WNT7B	9606.ENSP00000368166	9606.ENSP00000341032	0	0	0	0	0.048	0.132	0	0.767	0.791
DVL1	FZD9	9606.ENSP00000368166	9606.ENSP00000345785	0	0	0	0	0.094	0.169	0.650	0.655	0.897
DVL1	FZD6	9606.ENSP00000368166	9606.ENSP00000351605	0	0	0	0	0	0.165	0.650	0.888	0.964
DVL1	FZD5	9606.ENSP00000368166	9606.ENSP00000354607	0	0	0	0	0	0.169	0.650	0.878	0.961
DVL1	WNT2B	9606.ENSP00000368166	9606.ENSP00000358698	0	0	0	0	0	0.132	0	0.516	0.562
DVL1	FRAT2	9606.ENSP00000368166	9606.ENSP00000360058	0	0	0	0	0.060	0	0.900	0.227	0.920
DVL1	FRAT1	9606.ENSP00000368166	9606.ENSP00000360060	0	0	0	0	0.061	0.292	0.900	0.954	0.996
DVL1	JUN	9606.ENSP00000368166	9606.ENSP00000360266	0	0	0	0	0.064	0.113	0	0.710	0.738
DVL1	PTEN	9606.ENSP00000368166	9606.ENSP00000361021	0	0	0	0	0.086	0.071	0	0.389	0.436
DVL1	FZD8	9606.ENSP00000368166	9606.ENSP00000363826	0	0	0	0	0.067	0.169	0.650	0.609	0.879
DVL1	NOTCH4	9606.ENSP00000368166	9606.ENSP00000364163	0	0	0	0	0	0.094	0.900	0.179	0.919
DVL1	MYC	9606.ENSP00000368166	9606.ENSP00000478887	0	0	0	0	0.049	0	0	0.585	0.589
DVL1	TCF7L2	9606.ENSP00000368166	9606.ENSP00000486891	0	0	0	0	0.044	0	0	0.653	0.654
DVL1	AKT1	9606.ENSP00000368166	9606.ENSP00000451828	0	0	0	0	0.149	0.093	0	0.690	0.740
DVL1	WNT8A	9606.ENSP00000368166	9606.ENSP00000426653	0	0	0	0	0	0.132	0.500	0.457	0.743
DVL1	WNT5B	9606.ENSP00000368166	9606.ENSP00000380379	0	0	0	0	0	0.132	0.500	0.520	0.773
DVL1	APC2	9606.ENSP00000368166	9606.ENSP00000442954	0	0	0	0	0.072	0.045	0.900	0.263	0.926
DVL1	NOTCH1	9606.ENSP00000368166	9606.ENSP00000498587	0	0	0	0	0.083	0.094	0.900	0.313	0.935
DVL1	FZD4	9606.ENSP00000368166	9606.ENSP00000434034	0	0	0	0	0.059	0.169	0.650	0.849	0.953
DVL1	CTNNB1	9606.ENSP00000368166	9606.ENSP00000495360	0	0	0	0	0.058	0.640	0.500	0.972	0.994
DVL2	WNT16	9606.ENSP00000005340	9606.ENSP00000222462	0	0	0	0	0	0.132	0	0.346	0.408
DVL2	JUN	9606.ENSP00000005340	9606.ENSP00000360266	0	0	0	0	0	0.113	0	0.370	0.417
DVL2	WNT2B	9606.ENSP00000005340	9606.ENSP00000358698	0	0	0	0	0	0.132	0	0.387	0.445
DVL2	WNT2	9606.ENSP00000005340	9606.ENSP00000265441	0	0	0	0	0	0.132	0	0.394	0.452
DVL2	AKT1	9606.ENSP00000005340	9606.ENSP00000451828	0	0	0	0	0.095	0.093	0	0.387	0.453
DVL2	WNT6	9606.ENSP00000005340	9606.ENSP00000233948	0	0	0	0	0	0.132	0	0.407	0.463
DVL2	WNT10A	9606.ENSP00000005340	9606.ENSP00000258411	0	0	0	0	0	0.129	0	0.416	0.470
DVL2	TCF7L1	9606.ENSP00000005340	9606.ENSP00000282111	0	0	0	0	0.044	0	0	0.475	0.477
DVL2	WNT10B	9606.ENSP00000005340	9606.ENSP00000301061	0	0	0	0	0.042	0.129	0	0.424	0.477
DVL2	MYC	9606.ENSP00000005340	9606.ENSP00000478887	0	0	0	0	0	0	0	0.479	0.479
DVL2	WNT9A	9606.ENSP00000005340	9606.ENSP00000272164	0	0	0	0	0	0.129	0	0.443	0.494
DVL2	CCND1	9606.ENSP00000005340	9606.ENSP00000227507	0	0	0	0	0	0	0	0.508	0.508
DVL2	WNT7A	9606.ENSP00000005340	9606.ENSP00000285018	0	0	0	0	0	0.132	0	0.463	0.514
DVL2	WNT9B	9606.ENSP00000005340	9606.ENSP00000290015	0	0	0	0	0	0.129	0	0.469	0.518
DVL2	WNT3	9606.ENSP00000005340	9606.ENSP00000225512	0	0	0	0	0	0.132	0	0.476	0.526
DVL2	LEF1	9606.ENSP00000005340	9606.ENSP00000265165	0	0	0	0	0	0	0	0.542	0.542
DVL2	TP53	9606.ENSP00000005340	9606.ENSP00000269305	0	0	0	0	0.067	0.360	0	0.326	0.562
DVL2	PTEN	9606.ENSP00000005340	9606.ENSP00000361021	0	0	0	0	0.086	0.104	0	0.543	0.594
DVL2	WNT8B	9606.ENSP00000005340	9606.ENSP00000340677	0	0	0	0	0	0.132	0.500	0.285	0.662
DVL2	WNT7B	9606.ENSP00000005340	9606.ENSP00000341032	0	0	0	0	0	0.132	0	0.645	0.678
DVL2	WNT8A	9606.ENSP00000005340	9606.ENSP00000426653	0	0	0	0	0	0.132	0.500	0.366	0.701
DVL2	WNT5B	9606.ENSP00000005340	9606.ENSP00000380379	0	0	0	0	0	0.132	0.500	0.462	0.746
DVL2	WNT4	9606.ENSP00000005340	9606.ENSP00000290167	0	0	0	0	0	0.132	0.500	0.464	0.747
DVL2	WNT1	9606.ENSP00000005340	9606.ENSP00000293549	0	0	0	0	0	0.132	0.500	0.542	0.784
DVL2	FZD10	9606.ENSP00000005340	9606.ENSP00000229030	0	0	0	0	0.052	0.169	0.650	0.352	0.797
DVL2	WNT11	9606.ENSP00000005340	9606.ENSP00000325526	0	0	0	0	0	0.132	0.500	0.746	0.880
DVL2	LRP5	9606.ENSP00000005340	9606.ENSP00000294304	0	0	0	0	0.093	0.108	0.650	0.627	0.880
DVL2	FZD3	9606.ENSP00000005340	9606.ENSP00000240093	0	0	0	0	0	0.169	0.650	0.629	0.882
DVL2	FRAT2	9606.ENSP00000005340	9606.ENSP00000360058	0	0	0	0	0	0	0.900	0.082	0.904
DVL2	APC2	9606.ENSP00000005340	9606.ENSP00000442954	0	0	0	0	0	0.045	0.900	0.121	0.908
DVL2	NOTCH4	9606.ENSP00000005340	9606.ENSP00000364163	0	0	0	0	0	0.094	0.900	0.134	0.914
DVL2	WNT3A	9606.ENSP00000005340	9606.ENSP00000284523	0	0	0	0	0	0.132	0.500	0.823	0.916
DVL2	FRAT1	9606.ENSP00000005340	9606.ENSP00000360060	0	0	0	0	0.042	0	0.900	0.247	0.921
DVL2	NOTCH2	9606.ENSP00000005340	9606.ENSP00000256646	0	0	0	0	0	0.114	0.900	0.235	0.926
DVL2	FZD9	9606.ENSP00000005340	9606.ENSP00000345785	0	0	0	0	0.053	0.169	0.650	0.767	0.927
DVL2	FZD1	9606.ENSP00000005340	9606.ENSP00000287934	0	0	0	0	0.049	0.169	0.650	0.773	0.928
DVL2	NOTCH3	9606.ENSP00000005340	9606.ENSP00000263388	0	0	0	0	0.045	0.114	0.900	0.272	0.930
DVL2	CTNNB1	9606.ENSP00000005340	9606.ENSP00000495360	0	0	0	0	0.051	0.368	0.500	0.795	0.930
DVL2	NOTCH1	9606.ENSP00000005340	9606.ENSP00000498587	0	0	0	0	0.060	0.094	0.900	0.289	0.931
DVL2	FZD6	9606.ENSP00000005340	9606.ENSP00000351605	0	0	0	0	0	0.165	0.650	0.789	0.933
DVL2	FZD8	9606.ENSP00000005340	9606.ENSP00000363826	0	0	0	0	0	0.169	0.650	0.801	0.937
DVL2	FZD2	9606.ENSP00000005340	9606.ENSP00000323901	0	0	0	0	0.060	0.169	0.650	0.860	0.956
DVL2	FZD5	9606.ENSP00000005340	9606.ENSP00000354607	0	0	0	0	0	0.386	0.650	0.847	0.964
DVL2	FZD7	9606.ENSP00000005340	9606.ENSP00000286201	0	0	0	0	0	0.169	0.650	0.889	0.964
DVL2	APC	9606.ENSP00000005340	9606.ENSP00000257430	0	0	0	0	0	0.441	0.900	0.408	0.964
DVL2	AXIN2	9606.ENSP00000005340	9606.ENSP00000302625	0	0	0	0.551	0.060	0.232	0.900	0.628	0.969
DVL2	GSK3B	9606.ENSP00000005340	9606.ENSP00000324806	0	0	0	0	0.049	0.093	0.900	0.764	0.976
DVL2	WNT5A	9606.ENSP00000005340	9606.ENSP00000264634	0	0	0	0	0	0.132	0.800	0.887	0.978
DVL2	FZD4	9606.ENSP00000005340	9606.ENSP00000434034	0	0	0	0	0.059	0.169	0.800	0.919	0.985
DVL2	DVL3	9606.ENSP00000005340	9606.ENSP00000316054	0	0	0.056	0.967	0.074	0.775	0.900	0.593	0.990
DVL2	DVL1	9606.ENSP00000005340	9606.ENSP00000368166	0	0	0.060	0.955	0.097	0.811	0.900	0.575	0.991
DVL2	LRP6	9606.ENSP00000005340	9606.ENSP00000261349	0	0	0	0	0.053	0.108	0.650	0.980	0.993
DVL2	AXIN1	9606.ENSP00000005340	9606.ENSP00000262320	0	0	0	0.551	0.138	0.982	0.900	0.937	0.999
DVL3	DVL2	9606.ENSP00000316054	9606.ENSP00000005340	0	0	0.056	0.967	0.074	0.775	0.900	0.593	0.990
DVL3	WNT16	9606.ENSP00000316054	9606.ENSP00000222462	0	0	0	0	0	0.132	0	0.346	0.408
DVL3	WNT3	9606.ENSP00000316054	9606.ENSP00000225512	0	0	0	0	0	0.132	0	0.487	0.536
DVL3	CCND1	9606.ENSP00000316054	9606.ENSP00000227507	0	0	0	0	0	0	0	0.419	0.419
DVL3	FZD10	9606.ENSP00000316054	9606.ENSP00000229030	0	0	0	0	0.052	0.169	0.650	0.385	0.807
DVL3	WNT6	9606.ENSP00000316054	9606.ENSP00000233948	0	0	0	0	0	0.132	0	0.364	0.425
DVL3	FZD3	9606.ENSP00000316054	9606.ENSP00000240093	0	0	0	0	0	0.169	0.650	0.551	0.858
DVL3	NOTCH2	9606.ENSP00000316054	9606.ENSP00000256646	0	0	0	0	0.047	0.114	0.900	0.181	0.921
DVL3	APC	9606.ENSP00000316054	9606.ENSP00000257430	0	0	0	0	0	0.051	0.900	0.337	0.931
DVL3	LRP6	9606.ENSP00000316054	9606.ENSP00000261349	0	0	0	0	0.053	0.108	0.650	0.748	0.915
DVL3	AXIN1	9606.ENSP00000316054	9606.ENSP00000262320	0	0	0	0.551	0.067	0.699	0.900	0.714	0.990
DVL3	NOTCH3	9606.ENSP00000316054	9606.ENSP00000263388	0	0	0	0	0.072	0.114	0.900	0.233	0.928
DVL3	WNT5A	9606.ENSP00000316054	9606.ENSP00000264634	0	0	0	0	0.047	0.132	0.500	0.814	0.913
DVL3	LEF1	9606.ENSP00000316054	9606.ENSP00000265165	0	0	0	0	0	0	0	0.516	0.516
DVL3	WNT2	9606.ENSP00000316054	9606.ENSP00000265441	0	0	0	0	0	0.132	0	0.347	0.409
DVL3	WNT9A	9606.ENSP00000316054	9606.ENSP00000272164	0	0	0	0	0	0.129	0	0.354	0.413
DVL3	WNT3A	9606.ENSP00000316054	9606.ENSP00000284523	0	0	0	0	0	0.132	0.500	0.763	0.888
DVL3	WNT7A	9606.ENSP00000316054	9606.ENSP00000285018	0	0	0	0	0.042	0.132	0	0.441	0.494
DVL3	FZD7	9606.ENSP00000316054	9606.ENSP00000286201	0	0	0	0	0.042	0.169	0.650	0.879	0.962
DVL3	FZD1	9606.ENSP00000316054	9606.ENSP00000287934	0	0	0	0	0.049	0.169	0.650	0.550	0.859
DVL3	WNT9B	9606.ENSP00000316054	9606.ENSP00000290015	0	0	0	0	0	0.129	0	0.409	0.463
DVL3	WNT4	9606.ENSP00000316054	9606.ENSP00000290167	0	0	0	0	0	0.132	0.500	0.375	0.705
DVL3	WNT1	9606.ENSP00000316054	9606.ENSP00000293549	0	0	0	0	0	0.132	0.500	0.678	0.848
DVL3	LRP5	9606.ENSP00000316054	9606.ENSP00000294304	0	0	0	0	0.083	0.108	0.650	0.544	0.852
DVL3	WNT10B	9606.ENSP00000316054	9606.ENSP00000301061	0	0	0	0	0	0.129	0	0.367	0.425
DVL3	AXIN2	9606.ENSP00000316054	9606.ENSP00000302625	0	0	0	0.551	0.060	0.232	0.900	0.607	0.967
DVL3	AKT1	9606.ENSP00000316054	9606.ENSP00000451828	0	0	0	0	0.076	0.093	0	0.345	0.403
DVL3	WNT2B	9606.ENSP00000316054	9606.ENSP00000358698	0	0	0	0	0	0.132	0	0.414	0.470
DVL3	PTEN	9606.ENSP00000316054	9606.ENSP00000361021	0	0	0	0	0.086	0.071	0	0.513	0.550
DVL3	WNT8A	9606.ENSP00000316054	9606.ENSP00000426653	0	0	0	0	0	0.132	0.500	0.255	0.648
DVL3	WNT8B	9606.ENSP00000316054	9606.ENSP00000340677	0	0	0	0	0	0.132	0.500	0.265	0.653
DVL3	WNT7B	9606.ENSP00000316054	9606.ENSP00000341032	0	0	0	0	0.042	0.132	0	0.654	0.687
DVL3	WNT5B	9606.ENSP00000316054	9606.ENSP00000380379	0	0	0	0	0.044	0.132	0.500	0.419	0.726
DVL3	WNT11	9606.ENSP00000316054	9606.ENSP00000325526	0	0	0	0	0	0.132	0.500	0.518	0.772
DVL3	FZD2	9606.ENSP00000316054	9606.ENSP00000323901	0	0	0	0	0.042	0.169	0.650	0.551	0.858
DVL3	FZD9	9606.ENSP00000316054	9606.ENSP00000345785	0	0	0	0	0.052	0.169	0.650	0.549	0.859
DVL3	CTNNB1	9606.ENSP00000316054	9606.ENSP00000495360	0	0	0	0	0.051	0.368	0.500	0.669	0.887
DVL3	FZD5	9606.ENSP00000316054	9606.ENSP00000354607	0	0	0	0	0	0.169	0.650	0.699	0.905
DVL3	APC2	9606.ENSP00000316054	9606.ENSP00000442954	0	0	0	0	0	0.045	0.900	0.157	0.912
DVL3	NOTCH4	9606.ENSP00000316054	9606.ENSP00000364163	0	0	0	0	0	0.094	0.900	0.119	0.913
DVL3	FRAT1	9606.ENSP00000316054	9606.ENSP00000360060	0	0	0	0	0.042	0	0.900	0.213	0.918
DVL3	FZD6	9606.ENSP00000316054	9606.ENSP00000351605	0	0	0	0	0	0.165	0.650	0.758	0.923
DVL3	FRAT2	9606.ENSP00000316054	9606.ENSP00000360058	0	0	0	0	0	0	0.900	0.272	0.924
DVL3	NOTCH1	9606.ENSP00000316054	9606.ENSP00000498587	0	0	0	0	0.059	0.094	0.900	0.238	0.926
DVL3	FZD8	9606.ENSP00000316054	9606.ENSP00000363826	0	0	0	0	0	0.386	0.650	0.683	0.926
DVL3	FZD4	9606.ENSP00000316054	9606.ENSP00000434034	0	0	0	0	0.059	0.169	0.650	0.828	0.946
DVL3	GSK3B	9606.ENSP00000316054	9606.ENSP00000324806	0	0	0	0	0.067	0.093	0.900	0.544	0.956
DVL3	DVL1	9606.ENSP00000316054	9606.ENSP00000368166	0	0	0.056	0.966	0.062	0.367	0.900	0.501	0.966
E2F1	CCND1	9606.ENSP00000345571	9606.ENSP00000227507	0	0	0	0	0.062	0.068	0.500	0.876	0.938
E2F1	KRAS	9606.ENSP00000345571	9606.ENSP00000256078	0	0	0	0	0	0	0	0.591	0.591
E2F1	DDB2	9606.ENSP00000345571	9606.ENSP00000256996	0	0	0	0	0.044	0.292	0	0.336	0.511
E2F1	CDK4	9606.ENSP00000345571	9606.ENSP00000257904	0	0	0	0	0.110	0.091	0.500	0.908	0.958
E2F1	E2F3	9606.ENSP00000345571	9606.ENSP00000262904	0	0	0.066	0.860	0.078	0.599	0.900	0.499	0.979
E2F1	MAPK3	9606.ENSP00000345571	9606.ENSP00000263025	0	0	0	0	0.044	0	0	0.450	0.452
E2F1	PIK3CA	9606.ENSP00000345571	9606.ENSP00000263967	0	0	0	0	0	0	0	0.400	0.400
E2F1	LEF1	9606.ENSP00000345571	9606.ENSP00000265165	0	0	0	0	0.049	0.310	0	0.625	0.732
E2F1	EGF	9606.ENSP00000345571	9606.ENSP00000265171	0	0	0	0	0.057	0	0	0.448	0.457
E2F1	CDK6	9606.ENSP00000345571	9606.ENSP00000265734	0	0	0	0	0.075	0.091	0.500	0.856	0.931
E2F1	RB1	9606.ENSP00000345571	9606.ENSP00000267163	0	0	0	0	0.067	0.999	0.900	0.995	0.999
E2F1	TP53	9606.ENSP00000345571	9606.ENSP00000269305	0	0	0	0	0	0.510	0	0.974	0.986
E2F1	ERBB2	9606.ENSP00000345571	9606.ENSP00000269571	0	0	0	0	0	0	0	0.585	0.585
E2F1	EGFR	9606.ENSP00000345571	9606.ENSP00000275493	0	0	0	0	0	0	0	0.734	0.734
E2F1	FOS	9606.ENSP00000345571	9606.ENSP00000306245	0	0	0	0	0	0	0	0.699	0.699
E2F1	GSK3B	9606.ENSP00000345571	9606.ENSP00000324806	0	0	0	0	0	0.314	0	0.451	0.607
E2F1	PGR	9606.ENSP00000345571	9606.ENSP00000325120	0	0	0	0	0	0	0	0.412	0.412
E2F1	SP1	9606.ENSP00000345571	9606.ENSP00000329357	0	0	0	0	0	0.745	0.500	0.883	0.983
E2F1	IGF1R	9606.ENSP00000345571	9606.ENSP00000497069	0	0	0	0	0	0.057	0	0.437	0.447
E2F1	GADD45A	9606.ENSP00000345571	9606.ENSP00000360025	0	0	0	0	0	0	0	0.447	0.447
E2F1	BRAF	9606.ENSP00000345571	9606.ENSP00000419060	0	0	0	0	0.055	0.057	0	0.450	0.467
E2F1	MTOR	9606.ENSP00000345571	9606.ENSP00000354558	0	0	0	0	0.071	0.071	0	0.448	0.483
E2F1	IGF1	9606.ENSP00000345571	9606.ENSP00000376637	0	0	0	0	0	0.230	0	0.393	0.512
E2F1	BRCA2	9606.ENSP00000345571	9606.ENSP00000369497	0	0	0	0	0.143	0	0	0.460	0.518
E2F1	HRAS	9606.ENSP00000345571	9606.ENSP00000407586	0	0	0	0	0.072	0	0	0.592	0.605
E2F1	CTNNB1	9606.ENSP00000345571	9606.ENSP00000495360	0	0	0	0	0	0.064	0	0.615	0.624
E2F1	ESR1	9606.ENSP00000345571	9606.ENSP00000405330	0	0	0	0	0	0.292	0	0.611	0.713
E2F1	NOTCH1	9606.ENSP00000345571	9606.ENSP00000498587	0	0	0	0	0.060	0.045	0.500	0.437	0.713
E2F1	JUN	9606.ENSP00000345571	9606.ENSP00000360266	0	0	0	0	0	0	0	0.743	0.743
E2F1	AKT1	9606.ENSP00000345571	9606.ENSP00000451828	0	0	0	0	0.094	0.057	0	0.782	0.797
E2F1	PTEN	9606.ENSP00000345571	9606.ENSP00000361021	0	0	0	0	0.055	0.292	0	0.779	0.839
E2F1	BRCA1	9606.ENSP00000345571	9606.ENSP00000418960	0	0	0	0	0.140	0.423	0	0.775	0.879
E2F1	NCOA3	9606.ENSP00000345571	9606.ENSP00000361066	0	0	0	0	0.047	0.621	0	0.708	0.885
E2F1	CDKN1A	9606.ENSP00000345571	9606.ENSP00000384849	0	0	0	0	0	0.226	0.500	0.947	0.977
E2F1	E2F2	9606.ENSP00000345571	9606.ENSP00000355249	0	0	0.089	0.850	0.137	0.609	0.900	0.810	0.993
E2F1	MYC	9606.ENSP00000345571	9606.ENSP00000478887	0	0	0	0	0.084	0.166	0.500	0.990	0.995
E2F2	CCND1	9606.ENSP00000355249	9606.ENSP00000227507	0	0	0	0	0	0.068	0.500	0.746	0.871
E2F2	CDK4	9606.ENSP00000355249	9606.ENSP00000257904	0	0	0	0	0.042	0.091	0.500	0.606	0.805
E2F2	E2F3	9606.ENSP00000355249	9606.ENSP00000262904	0	0	0.079	0.891	0.049	0.329	0.900	0.460	0.962
E2F2	CDK6	9606.ENSP00000355249	9606.ENSP00000265734	0	0	0	0	0.044	0.091	0.500	0.545	0.776
E2F2	RB1	9606.ENSP00000355249	9606.ENSP00000267163	0	0	0	0	0.086	0.990	0.900	0.756	0.999
E2F2	TP53	9606.ENSP00000355249	9606.ENSP00000269305	0	0	0	0	0.067	0	0	0.786	0.791
E2F2	FOS	9606.ENSP00000355249	9606.ENSP00000306245	0	0	0	0	0	0	0	0.462	0.462
E2F2	SP1	9606.ENSP00000355249	9606.ENSP00000329357	0	0	0	0	0.062	0.053	0.500	0.209	0.601
E2F2	E2F1	9606.ENSP00000355249	9606.ENSP00000345571	0	0	0.089	0.850	0.137	0.609	0.900	0.810	0.993
E2F2	BRCA1	9606.ENSP00000355249	9606.ENSP00000418960	0	0	0	0	0.099	0	0	0.412	0.447
E2F2	PTEN	9606.ENSP00000355249	9606.ENSP00000361021	0	0	0	0	0.055	0	0	0.447	0.456
E2F2	AKT1	9606.ENSP00000355249	9606.ENSP00000451828	0	0	0	0	0.060	0.057	0	0.451	0.471
E2F2	CDKN1A	9606.ENSP00000355249	9606.ENSP00000384849	0	0	0	0	0	0	0.500	0.575	0.778
E2F2	MYC	9606.ENSP00000355249	9606.ENSP00000478887	0	0	0	0	0	0	0	0.814	0.814
E2F3	CCND1	9606.ENSP00000262904	9606.ENSP00000227507	0	0	0	0	0	0.068	0.500	0.764	0.880
E2F3	KRAS	9606.ENSP00000262904	9606.ENSP00000256078	0	0	0	0	0.110	0	0	0.383	0.427
E2F3	CDK4	9606.ENSP00000262904	9606.ENSP00000257904	0	0	0	0	0.049	0.091	0.500	0.614	0.811
E2F3	JUN	9606.ENSP00000262904	9606.ENSP00000360266	0	0	0	0	0	0	0	0.417	0.417
E2F3	BRCA1	9606.ENSP00000262904	9606.ENSP00000418960	0	0	0	0	0.067	0	0	0.424	0.439
E2F3	EGFR	9606.ENSP00000262904	9606.ENSP00000275493	0	0	0	0	0	0	0	0.445	0.445
E2F3	CTNNB1	9606.ENSP00000262904	9606.ENSP00000495360	0	0	0	0	0	0.101	0	0.423	0.460
E2F3	ERBB2	9606.ENSP00000262904	9606.ENSP00000269571	0	0	0	0	0	0	0	0.463	0.463
E2F3	AKT1	9606.ENSP00000262904	9606.ENSP00000451828	0	0	0	0	0.062	0.057	0	0.507	0.526
E2F3	PTEN	9606.ENSP00000262904	9606.ENSP00000361021	0	0	0	0	0.075	0	0	0.543	0.559
E2F3	SP1	9606.ENSP00000262904	9606.ENSP00000329357	0	0	0	0	0.142	0.082	0.500	0.211	0.648
E2F3	NOTCH1	9606.ENSP00000262904	9606.ENSP00000498587	0	0	0	0	0.067	0.045	0.500	0.364	0.679
E2F3	TP53	9606.ENSP00000262904	9606.ENSP00000269305	0	0	0	0	0	0	0	0.707	0.707
E2F3	MYC	9606.ENSP00000262904	9606.ENSP00000478887	0	0	0	0	0.074	0.128	0	0.720	0.754
E2F3	CDKN1A	9606.ENSP00000262904	9606.ENSP00000384849	0	0	0	0	0	0	0.500	0.550	0.765
E2F3	CDK6	9606.ENSP00000262904	9606.ENSP00000265734	0	0	0	0	0.067	0.091	0.500	0.650	0.832
E2F3	E2F2	9606.ENSP00000262904	9606.ENSP00000355249	0	0	0.079	0.891	0.049	0.329	0.900	0.460	0.962
E2F3	E2F1	9606.ENSP00000262904	9606.ENSP00000345571	0	0	0.066	0.860	0.078	0.599	0.900	0.499	0.979
E2F3	RB1	9606.ENSP00000262904	9606.ENSP00000267163	0	0	0	0	0.104	0.900	0.900	0.897	0.998
EGF	FGF4	9606.ENSP00000265171	9606.ENSP00000168712	0	0	0	0	0	0.053	0	0.988	0.989
EGF	FGF20	9606.ENSP00000265171	9606.ENSP00000180166	0	0	0	0	0	0.053	0	0.988	0.988
EGF	DLL3	9606.ENSP00000265171	9606.ENSP00000205143	0	0	0	0	0	0	0	0.756	0.756
EGF	FGF22	9606.ENSP00000265171	9606.ENSP00000215530	0	0	0	0	0	0.053	0	0.988	0.989
EGF	MAPK1	9606.ENSP00000265171	9606.ENSP00000215832	0	0	0	0	0	0	0	0.789	0.789
EGF	SOS2	9606.ENSP00000265171	9606.ENSP00000216373	0	0	0	0	0	0	0	0.632	0.632
EGF	PIK3R2	9606.ENSP00000265171	9606.ENSP00000222254	0	0	0	0	0	0	0	0.579	0.579
EGF	WNT3	9606.ENSP00000265171	9606.ENSP00000225512	0	0	0	0	0	0.091	0	0.472	0.499
EGF	RPS6KB1	9606.ENSP00000265171	9606.ENSP00000225577	0	0	0	0	0	0	0	0.588	0.588
EGF	CCND1	9606.ENSP00000265171	9606.ENSP00000227507	0	0	0	0	0	0	0	0.731	0.731
EGF	FGF6	9606.ENSP00000265171	9606.ENSP00000228837	0	0	0	0	0	0.053	0	0.988	0.988
EGF	WNT6	9606.ENSP00000265171	9606.ENSP00000233948	0	0	0	0	0	0.091	0	0.512	0.537
EGF	FGF23	9606.ENSP00000265171	9606.ENSP00000237837	0	0	0	0	0	0.053	0	0.475	0.481
EGF	DLL4	9606.ENSP00000265171	9606.ENSP00000249749	0	0	0	0	0.055	0	0	0.550	0.556
EGF	JAG1	9606.ENSP00000265171	9606.ENSP00000254958	0	0	0	0	0.055	0	0	0.867	0.869
EGF	KRAS	9606.ENSP00000265171	9606.ENSP00000256078	0	0	0	0	0	0	0.500	0.720	0.854
EGF	CDK4	9606.ENSP00000265171	9606.ENSP00000257904	0	0	0	0	0	0	0	0.602	0.602
EGF	FLT4	9606.ENSP00000265171	9606.ENSP00000261937	0	0	0	0	0	0	0.650	0.758	0.911
EGF	AXIN1	9606.ENSP00000265171	9606.ENSP00000262320	0	0	0	0	0	0.091	0	0.491	0.517
EGF	MAPK3	9606.ENSP00000265171	9606.ENSP00000263025	0	0	0	0	0	0	0	0.841	0.841
EGF	NOTCH3	9606.ENSP00000265171	9606.ENSP00000263388	0	0	0	0.548	0.055	0	0.500	0.568	0.778
EGF	PIK3CA	9606.ENSP00000265171	9606.ENSP00000263967	0	0	0	0	0	0	0.400	0.595	0.746
EGF	FGF2	9606.ENSP00000265171	9606.ENSP00000264498	0	0	0	0	0	0.053	0	0.968	0.969
EGF	SHC2	9606.ENSP00000265171	9606.ENSP00000264554	0	0	0	0	0.052	0	0	0.459	0.465
EGF	WNT5A	9606.ENSP00000265171	9606.ENSP00000264634	0	0	0	0	0	0.091	0	0.499	0.525
EGF	FGF10	9606.ENSP00000265171	9606.ENSP00000264664	0	0	0	0	0	0.053	0	0.989	0.990
EGF	LEF1	9606.ENSP00000265171	9606.ENSP00000265165	0	0	0	0	0	0	0	0.446	0.446
EGF	PIK3CB	9606.ENSP00000265171	9606.ENSP00000501150	0	0	0	0	0.055	0	0	0.392	0.401
EGF	AKT3	9606.ENSP00000265171	9606.ENSP00000500582	0	0	0	0	0	0	0	0.405	0.405
EGF	SP1	9606.ENSP00000265171	9606.ENSP00000329357	0	0	0	0	0	0	0	0.417	0.416
EGF	RPS6KB2	9606.ENSP00000265171	9606.ENSP00000308413	0	0	0	0	0	0	0	0.419	0.418
EGF	TNFSF11	9606.ENSP00000265171	9606.ENSP00000381775	0	0	0	0	0	0	0	0.420	0.420
EGF	DVL1	9606.ENSP00000265171	9606.ENSP00000368166	0	0	0	0	0	0.097	0	0.385	0.421
EGF	BRCA2	9606.ENSP00000265171	9606.ENSP00000369497	0	0	0	0	0	0	0	0.426	0.426
EGF	HES5	9606.ENSP00000265171	9606.ENSP00000367714	0	0	0	0	0	0	0	0.432	0.432
EGF	HEY1	9606.ENSP00000265171	9606.ENSP00000338272	0	0	0	0	0.043	0	0	0.435	0.436
EGF	WNT2	9606.ENSP00000265171	9606.ENSP00000265441	0	0	0	0	0	0.091	0	0.419	0.449
EGF	E2F1	9606.ENSP00000265171	9606.ENSP00000345571	0	0	0	0	0.057	0	0	0.448	0.457
EGF	CDK6	9606.ENSP00000265171	9606.ENSP00000265734	0	0	0	0	0	0	0	0.462	0.462
EGF	FGF21	9606.ENSP00000265171	9606.ENSP00000471477	0	0	0	0	0	0.053	0	0.460	0.467
EGF	AKT2	9606.ENSP00000265171	9606.ENSP00000375892	0	0	0	0	0	0	0	0.478	0.478
EGF	SHC3	9606.ENSP00000265171	9606.ENSP00000364995	0	0	0	0	0.052	0	0	0.475	0.481
EGF	AXIN2	9606.ENSP00000265171	9606.ENSP00000302625	0	0	0	0	0	0.091	0	0.464	0.492
EGF	DLL1	9606.ENSP00000265171	9606.ENSP00000355718	0	0	0	0.551	0.055	0	0	0.487	0.494
EGF	WNT1	9606.ENSP00000265171	9606.ENSP00000293549	0	0	0	0	0	0.091	0	0.493	0.520
EGF	CDKN1A	9606.ENSP00000265171	9606.ENSP00000384849	0	0	0	0	0	0	0	0.570	0.570
EGF	BRCA1	9606.ENSP00000265171	9606.ENSP00000418960	0	0	0	0	0	0	0	0.571	0.571
EGF	ESR2	9606.ENSP00000265171	9606.ENSP00000343925	0	0	0	0	0	0	0	0.578	0.578
EGF	RAF1	9606.ENSP00000265171	9606.ENSP00000401888	0	0	0	0	0	0	0	0.603	0.603
EGF	GSK3B	9606.ENSP00000265171	9606.ENSP00000324806	0	0	0	0	0	0	0	0.632	0.632
EGF	WNT4	9606.ENSP00000265171	9606.ENSP00000290167	0	0	0	0	0	0.091	0	0.617	0.637
EGF	MTOR	9606.ENSP00000265171	9606.ENSP00000354558	0	0	0	0	0	0	0	0.647	0.647
EGF	BRAF	9606.ENSP00000265171	9606.ENSP00000419060	0	0	0	0	0	0	0	0.651	0.651
EGF	MAP2K1	9606.ENSP00000265171	9606.ENSP00000302486	0	0	0	0	0	0	0	0.686	0.686
EGF	FGF19	9606.ENSP00000265171	9606.ENSP00000294312	0	0	0	0	0	0.053	0	0.718	0.721
EGF	PGR	9606.ENSP00000265171	9606.ENSP00000325120	0	0	0	0	0	0	0	0.736	0.736
EGF	PTEN	9606.ENSP00000265171	9606.ENSP00000361021	0	0	0	0	0.065	0.045	0	0.738	0.746
EGF	NRAS	9606.ENSP00000265171	9606.ENSP00000358548	0	0	0	0	0	0	0.500	0.538	0.759
EGF	JAG2	9606.ENSP00000265171	9606.ENSP00000328169	0	0	0	0	0.055	0	0	0.770	0.774
EGF	TP53	9606.ENSP00000265171	9606.ENSP00000269305	0	0	0	0	0	0	0	0.780	0.780
EGF	FOS	9606.ENSP00000265171	9606.ENSP00000306245	0	0	0	0	0	0	0.400	0.662	0.788
EGF	ESR1	9606.ENSP00000265171	9606.ENSP00000405330	0	0	0	0	0	0	0	0.802	0.802
EGF	SOS1	9606.ENSP00000265171	9606.ENSP00000384675	0	0	0	0	0	0	0.400	0.691	0.806
EGF	MYC	9606.ENSP00000265171	9606.ENSP00000478887	0	0	0	0	0	0	0	0.836	0.836
EGF	FGF1	9606.ENSP00000265171	9606.ENSP00000480791	0	0	0	0	0.042	0.053	0	0.839	0.841
EGF	WNT3A	9606.ENSP00000265171	9606.ENSP00000284523	0	0	0	0	0	0.091	0	0.837	0.846
EGF	CTNNB1	9606.ENSP00000265171	9606.ENSP00000495360	0	0	0	0	0	0.065	0	0.864	0.868
EGF	HRAS	9606.ENSP00000265171	9606.ENSP00000407586	0	0	0	0	0	0	0.500	0.750	0.869
EGF	JUN	9606.ENSP00000265171	9606.ENSP00000360266	0	0	0	0	0	0	0	0.890	0.890
EGF	PIK3R1	9606.ENSP00000265171	9606.ENSP00000428056	0	0	0	0	0	0.292	0.400	0.809	0.911
EGF	SHC1	9606.ENSP00000265171	9606.ENSP00000401303	0	0	0	0	0.052	0.292	0.400	0.834	0.924
EGF	FGFR1	9606.ENSP00000265171	9606.ENSP00000393312	0	0	0	0	0	0	0.650	0.799	0.926
EGF	AKT1	9606.ENSP00000265171	9606.ENSP00000451828	0	0	0	0	0	0	0	0.933	0.933
EGF	KIT	9606.ENSP00000265171	9606.ENSP00000288135	0	0	0	0	0.044	0	0.900	0.741	0.973
EGF	FGF9	9606.ENSP00000265171	9606.ENSP00000371790	0	0	0	0	0	0.053	0	0.988	0.988
EGF	FGF17	9606.ENSP00000265171	9606.ENSP00000352414	0	0	0	0	0	0.053	0	0.988	0.988
EGF	FGF18	9606.ENSP00000265171	9606.ENSP00000274625	0	0	0	0	0	0.053	0	0.988	0.988
EGF	FGF3	9606.ENSP00000265171	9606.ENSP00000334122	0	0	0	0	0	0.053	0	0.988	0.988
EGF	FGF16	9606.ENSP00000265171	9606.ENSP00000399324	0	0	0	0	0	0.053	0	0.988	0.988
EGF	FGF8	9606.ENSP00000265171	9606.ENSP00000321797	0	0	0	0	0	0.053	0	0.991	0.991
EGF	FGF7	9606.ENSP00000265171	9606.ENSP00000267843	0	0	0	0	0	0.053	0	0.992	0.992
EGF	FGF5	9606.ENSP00000265171	9606.ENSP00000311697	0	0	0	0	0	0.410	0	0.988	0.993
EGF	IGF1	9606.ENSP00000265171	9606.ENSP00000376637	0	0	0	0	0	0	0.900	0.957	0.995
EGF	GRB2	9606.ENSP00000265171	9606.ENSP00000376345	0	0	0	0	0	0	0.400	0.993	0.995
EGF	IGF1R	9606.ENSP00000265171	9606.ENSP00000497069	0	0	0	0	0	0.062	0.900	0.979	0.997
EGF	ERBB2	9606.ENSP00000265171	9606.ENSP00000269571	0	0	0	0	0.128	0.314	0.900	0.998	0.999
EGF	EGFR	9606.ENSP00000265171	9606.ENSP00000275493	0	0	0	0	0.128	0.999	0.900	0.999	0.999
EGFR	FGF4	9606.ENSP00000275493	9606.ENSP00000168712	0	0	0	0	0	0	0.650	0.788	0.922
EGFR	FGF20	9606.ENSP00000275493	9606.ENSP00000180166	0	0	0	0	0.062	0	0.650	0.796	0.927
EGFR	DLL3	9606.ENSP00000275493	9606.ENSP00000205143	0	0	0	0	0	0.075	0	0.384	0.405
EGFR	FGF22	9606.ENSP00000275493	9606.ENSP00000215530	0	0	0	0	0.062	0	0.650	0.794	0.926
EGFR	MAPK1	9606.ENSP00000275493	9606.ENSP00000215832	0	0	0	0.579	0.047	0.042	0	0.609	0.612
EGFR	SOS2	9606.ENSP00000275493	9606.ENSP00000216373	0	0	0	0	0.044	0.857	0.900	0.902	0.998
EGFR	PIK3R2	9606.ENSP00000275493	9606.ENSP00000222254	0	0	0	0	0.044	0.848	0.900	0.623	0.993
EGFR	CCND1	9606.ENSP00000275493	9606.ENSP00000227507	0	0	0	0	0.141	0.106	0	0.809	0.841
EGFR	FGF6	9606.ENSP00000275493	9606.ENSP00000228837	0	0	0	0	0.066	0	0.650	0.787	0.924
EGFR	FGF23	9606.ENSP00000275493	9606.ENSP00000237837	0	0	0	0	0.067	0	0.650	0.452	0.805
EGFR	DLL4	9606.ENSP00000275493	9606.ENSP00000249749	0	0	0	0	0	0.097	0	0.638	0.659
EGFR	JAG1	9606.ENSP00000275493	9606.ENSP00000254958	0	0	0	0	0.104	0.097	0	0.504	0.563
EGFR	KRAS	9606.ENSP00000275493	9606.ENSP00000256078	0	0	0	0	0.053	0.662	0.900	0.918	0.997
EGFR	NOTCH2	9606.ENSP00000275493	9606.ENSP00000256646	0	0	0	0	0.080	0.142	0	0.701	0.744
EGFR	APC	9606.ENSP00000275493	9606.ENSP00000257430	0	0	0	0	0	0	0	0.418	0.418
EGFR	LRP6	9606.ENSP00000275493	9606.ENSP00000261349	0	0	0	0	0.126	0.051	0	0.389	0.449
EGFR	AXIN1	9606.ENSP00000275493	9606.ENSP00000262320	0	0	0	0	0	0	0	0.656	0.656
EGFR	PIK3R3	9606.ENSP00000275493	9606.ENSP00000262741	0	0	0	0	0	0.810	0.900	0.554	0.990
EGFR	E2F3	9606.ENSP00000275493	9606.ENSP00000262904	0	0	0	0	0	0	0	0.445	0.445
EGFR	MAP2K2	9606.ENSP00000275493	9606.ENSP00000262948	0	0	0	0.593	0.042	0.181	0	0.520	0.591
EGFR	MAPK3	9606.ENSP00000275493	9606.ENSP00000263025	0	0	0	0.582	0.042	0.230	0	0.411	0.528
EGFR	NOTCH3	9606.ENSP00000275493	9606.ENSP00000263388	0	0	0	0	0.107	0.097	0.500	0.530	0.785
EGFR	PIK3CA	9606.ENSP00000275493	9606.ENSP00000263967	0	0	0	0	0	0.790	0.900	0.976	0.999
EGFR	FGF2	9606.ENSP00000275493	9606.ENSP00000264498	0	0	0	0	0.099	0	0.650	0.877	0.957
EGFR	SHC2	9606.ENSP00000275493	9606.ENSP00000264554	0	0	0	0	0.074	0.753	0.900	0.529	0.987
EGFR	WNT5A	9606.ENSP00000275493	9606.ENSP00000264634	0	0	0	0	0.109	0	0	0.511	0.545
EGFR	FGF10	9606.ENSP00000275493	9606.ENSP00000264664	0	0	0	0	0.062	0	0.650	0.794	0.926
EGFR	LEF1	9606.ENSP00000275493	9606.ENSP00000265165	0	0	0	0	0	0	0	0.463	0.463
EGFR	EGF	9606.ENSP00000275493	9606.ENSP00000265171	0	0	0	0	0.128	0.999	0.900	0.999	0.999
EGFR	WNT2	9606.ENSP00000275493	9606.ENSP00000265441	0	0	0	0	0.062	0	0	0.710	0.716
EGFR	RB1	9606.ENSP00000275493	9606.ENSP00000267163	0	0	0	0	0.042	0	0	0.519	0.520
EGFR	FGF7	9606.ENSP00000275493	9606.ENSP00000267843	0	0	0	0	0.067	0	0.650	0.797	0.927
EGFR	TP53	9606.ENSP00000275493	9606.ENSP00000269305	0	0	0	0	0	0.329	0	0.919	0.943
EGFR	ERBB2	9606.ENSP00000275493	9606.ENSP00000269571	0	0	0.064	0.939	0.080	0.998	0.900	0.983	0.999
EGFR	FGF18	9606.ENSP00000275493	9606.ENSP00000274625	0	0	0	0	0	0	0.650	0.811	0.931
EGFR	WNT7B	9606.ENSP00000275493	9606.ENSP00000341032	0	0	0	0	0.067	0.163	0	0.304	0.409
EGFR	DLL1	9606.ENSP00000275493	9606.ENSP00000355718	0	0	0	0	0	0.097	0	0.378	0.414
EGFR	BAX	9606.ENSP00000275493	9606.ENSP00000293288	0	0	0	0	0.048	0	0	0.413	0.418
EGFR	NOTCH4	9606.ENSP00000275493	9606.ENSP00000364163	0	0	0	0	0	0.075	0	0.399	0.421
EGFR	LRP5	9606.ENSP00000275493	9606.ENSP00000294304	0	0	0	0	0.129	0.051	0	0.358	0.424
EGFR	KIT	9606.ENSP00000275493	9606.ENSP00000288135	0	0	0	0.572	0	0.101	0	0.389	0.428
EGFR	TCF7	9606.ENSP00000275493	9606.ENSP00000340347	0	0	0	0	0	0	0	0.436	0.436
EGFR	AXIN2	9606.ENSP00000275493	9606.ENSP00000302625	0	0	0	0	0	0	0	0.441	0.441
EGFR	WNT1	9606.ENSP00000275493	9606.ENSP00000293549	0	0	0	0	0	0	0	0.453	0.453
EGFR	SP1	9606.ENSP00000275493	9606.ENSP00000329357	0	0	0	0	0.044	0.045	0	0.451	0.455
EGFR	FGFR1	9606.ENSP00000275493	9606.ENSP00000393312	0	0	0	0.604	0.067	0.215	0	0.346	0.479
EGFR	NCOA1	9606.ENSP00000275493	9606.ENSP00000385216	0	0	0	0	0	0	0	0.493	0.493
EGFR	WNT7A	9606.ENSP00000275493	9606.ENSP00000285018	0	0	0	0	0	0	0	0.550	0.550
EGFR	GSK3B	9606.ENSP00000275493	9606.ENSP00000324806	0	0	0	0.568	0.047	0.091	0	0.548	0.574
EGFR	MAP2K1	9606.ENSP00000275493	9606.ENSP00000302486	0	0	0	0.597	0.049	0.098	0	0.549	0.579
EGFR	ARAF	9606.ENSP00000275493	9606.ENSP00000290277	0	0	0	0.583	0.042	0.102	0	0.552	0.581
EGFR	WNT3A	9606.ENSP00000275493	9606.ENSP00000284523	0	0	0	0	0	0	0	0.585	0.585
EGFR	BRAF	9606.ENSP00000275493	9606.ENSP00000419060	0	0	0	0.571	0	0.255	0	0.486	0.601
EGFR	AKT2	9606.ENSP00000275493	9606.ENSP00000375892	0	0	0	0.561	0.042	0.175	0	0.549	0.612
EGFR	NCOA3	9606.ENSP00000275493	9606.ENSP00000361066	0	0	0	0	0.044	0	0	0.629	0.630
EGFR	JAG2	9606.ENSP00000275493	9606.ENSP00000328169	0	0	0	0	0.074	0.097	0	0.625	0.659
EGFR	BRCA2	9606.ENSP00000275493	9606.ENSP00000369497	0	0	0	0	0	0	0	0.678	0.678
EGFR	E2F1	9606.ENSP00000275493	9606.ENSP00000345571	0	0	0	0	0	0	0	0.734	0.734
EGFR	FGF21	9606.ENSP00000275493	9606.ENSP00000471477	0	0	0	0	0	0	0.650	0.280	0.737
EGFR	CDKN1A	9606.ENSP00000275493	9606.ENSP00000384849	0	0	0	0	0.061	0	0	0.746	0.752
EGFR	ESR2	9606.ENSP00000275493	9606.ENSP00000343925	0	0	0	0	0	0.329	0	0.650	0.755
EGFR	TNFSF11	9606.ENSP00000275493	9606.ENSP00000381775	0	0	0	0	0	0	0	0.756	0.756
EGFR	AKT1	9606.ENSP00000275493	9606.ENSP00000451828	0	0	0	0.559	0.042	0.640	0	0.445	0.792
EGFR	FGF19	9606.ENSP00000275493	9606.ENSP00000294312	0	0	0	0	0	0	0.650	0.438	0.795
EGFR	BRCA1	9606.ENSP00000275493	9606.ENSP00000418960	0	0	0	0	0	0.103	0	0.786	0.800
EGFR	MTOR	9606.ENSP00000275493	9606.ENSP00000354558	0	0	0	0	0.042	0.181	0	0.769	0.802
EGFR	PGR	9606.ENSP00000275493	9606.ENSP00000325120	0	0	0	0	0	0.092	0	0.820	0.830
EGFR	RAF1	9606.ENSP00000275493	9606.ENSP00000401888	0	0	0	0.575	0.042	0.645	0	0.590	0.848
EGFR	JUN	9606.ENSP00000275493	9606.ENSP00000360266	0	0	0	0	0.059	0.250	0	0.832	0.871
EGFR	MYC	9606.ENSP00000275493	9606.ENSP00000478887	0	0	0	0	0.044	0.103	0	0.866	0.875
EGFR	NOTCH1	9606.ENSP00000275493	9606.ENSP00000498587	0	0	0	0	0.042	0.075	0	0.872	0.877
EGFR	FGF1	9606.ENSP00000275493	9606.ENSP00000480791	0	0	0	0	0.102	0	0.650	0.670	0.887
EGFR	FGF8	9606.ENSP00000275493	9606.ENSP00000321797	0	0	0	0	0	0	0.650	0.781	0.920
EGFR	FGF5	9606.ENSP00000275493	9606.ENSP00000311697	0	0	0	0	0.049	0	0.650	0.786	0.922
EGFR	FGF17	9606.ENSP00000275493	9606.ENSP00000352414	0	0	0	0	0	0	0.650	0.787	0.922
EGFR	FGF16	9606.ENSP00000275493	9606.ENSP00000399324	0	0	0	0	0.062	0	0.650	0.797	0.927
EGFR	FGF9	9606.ENSP00000275493	9606.ENSP00000371790	0	0	0	0	0.062	0	0.650	0.798	0.928
EGFR	FGF3	9606.ENSP00000275493	9606.ENSP00000334122	0	0	0	0	0	0	0.650	0.804	0.928
EGFR	FOS	9606.ENSP00000275493	9606.ENSP00000306245	0	0	0	0	0.086	0.591	0.400	0.765	0.940
EGFR	PIK3CD	9606.ENSP00000275493	9606.ENSP00000366563	0	0	0	0	0.042	0	0.900	0.443	0.942
EGFR	PTEN	9606.ENSP00000275493	9606.ENSP00000361021	0	0	0	0	0	0.608	0	0.925	0.969
EGFR	ESR1	9606.ENSP00000275493	9606.ENSP00000405330	0	0	0	0	0	0.583	0	0.974	0.988
EGFR	SHC3	9606.ENSP00000275493	9606.ENSP00000364995	0	0	0	0	0.086	0.849	0.900	0.282	0.988
EGFR	SHC4	9606.ENSP00000275493	9606.ENSP00000329668	0	0	0	0	0	0.857	0.900	0.251	0.988
EGFR	IGF1R	9606.ENSP00000275493	9606.ENSP00000497069	0	0	0	0.571	0.113	0.585	0	0.972	0.989
EGFR	NRAS	9606.ENSP00000275493	9606.ENSP00000358548	0	0	0	0	0.053	0.249	0.900	0.899	0.991
EGFR	IGF1	9606.ENSP00000275493	9606.ENSP00000376637	0	0	0	0	0	0	0.900	0.919	0.991
EGFR	PIK3CB	9606.ENSP00000275493	9606.ENSP00000501150	0	0	0	0	0	0.622	0.900	0.842	0.993
EGFR	HRAS	9606.ENSP00000275493	9606.ENSP00000407586	0	0	0	0	0.053	0.315	0.900	0.931	0.994
EGFR	PIK3R1	9606.ENSP00000275493	9606.ENSP00000428056	0	0	0	0	0.042	0.900	0.900	0.901	0.998
EGFR	CTNNB1	9606.ENSP00000275493	9606.ENSP00000495360	0	0	0	0	0.064	0.718	0.900	0.940	0.998
EGFR	SHC1	9606.ENSP00000275493	9606.ENSP00000401303	0	0	0	0	0.067	0.995	0.900	0.994	0.999
EGFR	SOS1	9606.ENSP00000275493	9606.ENSP00000384675	0	0	0	0	0.044	0.994	0.900	0.942	0.999
EGFR	GRB2	9606.ENSP00000275493	9606.ENSP00000376345	0	0	0	0	0.042	0.996	0.900	0.996	0.999
ERBB2	FGF4	9606.ENSP00000269571	9606.ENSP00000168712	0	0	0	0	0.044	0	0.650	0.527	0.828
ERBB2	FGF20	9606.ENSP00000269571	9606.ENSP00000180166	0	0	0	0	0.062	0	0.650	0.519	0.828
ERBB2	FGF22	9606.ENSP00000269571	9606.ENSP00000215530	0	0	0	0	0.062	0	0.650	0.509	0.824
ERBB2	SOS2	9606.ENSP00000269571	9606.ENSP00000216373	0	0	0	0	0	0.115	0	0.620	0.649
ERBB2	PIK3R2	9606.ENSP00000269571	9606.ENSP00000222254	0	0	0	0	0.049	0.794	0.900	0.365	0.985
ERBB2	CCND1	9606.ENSP00000269571	9606.ENSP00000227507	0	0	0	0	0.084	0.301	0	0.862	0.904
ERBB2	FGF6	9606.ENSP00000269571	9606.ENSP00000228837	0	0	0	0	0.071	0	0.650	0.497	0.822
ERBB2	FGF23	9606.ENSP00000269571	9606.ENSP00000237837	0	0	0	0	0.067	0	0.650	0.145	0.696
ERBB2	JAG1	9606.ENSP00000269571	9606.ENSP00000254958	0	0	0	0	0	0.097	0	0.460	0.492
ERBB2	KRAS	9606.ENSP00000269571	9606.ENSP00000256078	0	0	0	0	0.053	0.199	0.500	0.923	0.966
ERBB2	NOTCH2	9606.ENSP00000269571	9606.ENSP00000256646	0	0	0	0	0.062	0.097	0	0.462	0.505
ERBB2	CDK4	9606.ENSP00000269571	9606.ENSP00000257904	0	0	0	0.594	0	0.315	0	0.350	0.536
ERBB2	FLT4	9606.ENSP00000269571	9606.ENSP00000261937	0	0	0	0.564	0.055	0.637	0	0.255	0.722
ERBB2	AXIN1	9606.ENSP00000269571	9606.ENSP00000262320	0	0	0	0	0.049	0	0	0.452	0.456
ERBB2	PIK3R3	9606.ENSP00000269571	9606.ENSP00000262741	0	0	0	0	0.044	0.440	0.900	0.593	0.975
ERBB2	E2F3	9606.ENSP00000269571	9606.ENSP00000262904	0	0	0	0	0	0	0	0.463	0.463
ERBB2	NOTCH3	9606.ENSP00000269571	9606.ENSP00000263388	0	0	0	0	0.110	0.097	0	0.472	0.539
ERBB2	PIK3CA	9606.ENSP00000269571	9606.ENSP00000263967	0	0	0	0	0	0.115	0.900	0.927	0.992
ERBB2	FGF2	9606.ENSP00000269571	9606.ENSP00000264498	0	0	0	0	0.055	0	0.650	0.604	0.857
ERBB2	SHC2	9606.ENSP00000269571	9606.ENSP00000264554	0	0	0	0	0.044	0.521	0.900	0.239	0.960
ERBB2	WNT5A	9606.ENSP00000269571	9606.ENSP00000264634	0	0	0	0	0	0	0	0.409	0.409
ERBB2	FGF10	9606.ENSP00000269571	9606.ENSP00000264664	0	0	0	0	0.062	0	0.650	0.514	0.826
ERBB2	EGF	9606.ENSP00000269571	9606.ENSP00000265171	0	0	0	0	0.128	0.314	0.900	0.998	0.999
ERBB2	WNT2	9606.ENSP00000269571	9606.ENSP00000265441	0	0	0	0	0	0	0	0.545	0.545
ERBB2	RB1	9606.ENSP00000269571	9606.ENSP00000267163	0	0	0	0	0	0	0	0.461	0.461
ERBB2	FGF7	9606.ENSP00000269571	9606.ENSP00000267843	0	0	0	0	0.047	0	0.650	0.514	0.824
ERBB2	TP53	9606.ENSP00000269571	9606.ENSP00000269305	0	0	0	0	0.060	0.172	0	0.924	0.935
ERBB2	TNFSF11	9606.ENSP00000269571	9606.ENSP00000381775	0	0	0	0	0	0	0	0.401	0.400
ERBB2	MAP2K1	9606.ENSP00000269571	9606.ENSP00000302486	0	0	0	0.609	0	0.176	0	0.314	0.410
ERBB2	NOTCH4	9606.ENSP00000269571	9606.ENSP00000364163	0	0	0	0	0.044	0.075	0	0.428	0.450
ERBB2	RAF1	9606.ENSP00000269571	9606.ENSP00000401888	0	0	0	0.578	0	0.224	0	0.327	0.455
ERBB2	BRAF	9606.ENSP00000269571	9606.ENSP00000419060	0	0	0	0.569	0	0.102	0	0.447	0.482
ERBB2	TCF7	9606.ENSP00000269571	9606.ENSP00000340347	0	0	0	0	0	0	0	0.502	0.502
ERBB2	WNT1	9606.ENSP00000269571	9606.ENSP00000293549	0	0	0	0	0	0	0	0.506	0.506
ERBB2	FOS	9606.ENSP00000269571	9606.ENSP00000306245	0	0	0	0	0.057	0.071	0	0.507	0.530
ERBB2	AKT1	9606.ENSP00000269571	9606.ENSP00000451828	0	0	0	0.561	0.060	0.222	0	0.436	0.552
ERBB2	NCOA1	9606.ENSP00000269571	9606.ENSP00000385216	0	0	0	0	0	0	0	0.567	0.567
ERBB2	GSK3B	9606.ENSP00000269571	9606.ENSP00000324806	0	0	0	0	0	0.091	0	0.552	0.575
ERBB2	E2F1	9606.ENSP00000269571	9606.ENSP00000345571	0	0	0	0	0	0	0	0.585	0.585
ERBB2	CDKN1A	9606.ENSP00000269571	9606.ENSP00000384849	0	0	0	0	0	0	0	0.588	0.588
ERBB2	FGF21	9606.ENSP00000269571	9606.ENSP00000471477	0	0	0	0	0	0	0.650	0.160	0.693
ERBB2	ESR2	9606.ENSP00000269571	9606.ENSP00000343925	0	0	0	0	0	0.092	0	0.701	0.717
ERBB2	MTOR	9606.ENSP00000269571	9606.ENSP00000354558	0	0	0	0	0	0	0	0.725	0.725
ERBB2	FGFR1	9606.ENSP00000269571	9606.ENSP00000393312	0	0	0	0.612	0.055	0.621	0	0.323	0.737
ERBB2	JUN	9606.ENSP00000269571	9606.ENSP00000360266	0	0	0	0	0	0.071	0	0.751	0.759
ERBB2	FGF19	9606.ENSP00000269571	9606.ENSP00000294312	0	0	0	0	0	0	0.650	0.365	0.768
ERBB2	NCOA3	9606.ENSP00000269571	9606.ENSP00000361066	0	0	0	0	0.049	0	0	0.768	0.769
ERBB2	FGF1	9606.ENSP00000269571	9606.ENSP00000480791	0	0	0	0	0.061	0	0.650	0.406	0.787
ERBB2	NOTCH1	9606.ENSP00000269571	9606.ENSP00000498587	0	0	0	0	0.049	0.075	0	0.787	0.796
ERBB2	SOS1	9606.ENSP00000269571	9606.ENSP00000384675	0	0	0	0	0	0.115	0.400	0.661	0.804
ERBB2	FGF8	9606.ENSP00000269571	9606.ENSP00000321797	0	0	0	0	0	0	0.650	0.472	0.807
ERBB2	FGF17	9606.ENSP00000269571	9606.ENSP00000352414	0	0	0	0	0	0	0.650	0.495	0.815
ERBB2	FGF5	9606.ENSP00000269571	9606.ENSP00000311697	0	0	0	0	0	0	0.650	0.497	0.816
ERBB2	FGF9	9606.ENSP00000269571	9606.ENSP00000371790	0	0	0	0	0.062	0	0.650	0.522	0.829
ERBB2	FGF16	9606.ENSP00000269571	9606.ENSP00000399324	0	0	0	0	0.062	0	0.650	0.521	0.829
ERBB2	FGF3	9606.ENSP00000269571	9606.ENSP00000334122	0	0	0	0	0.042	0	0.650	0.541	0.832
ERBB2	FGF18	9606.ENSP00000269571	9606.ENSP00000274625	0	0	0	0	0	0	0.650	0.551	0.836
ERBB2	PTEN	9606.ENSP00000269571	9606.ENSP00000361021	0	0	0	0	0	0.070	0	0.864	0.868
ERBB2	BRCA2	9606.ENSP00000269571	9606.ENSP00000369497	0	0	0	0	0	0	0	0.873	0.873
ERBB2	MYC	9606.ENSP00000269571	9606.ENSP00000478887	0	0	0	0	0	0.166	0	0.870	0.886
ERBB2	NRAS	9606.ENSP00000269571	9606.ENSP00000358548	0	0	0	0	0.053	0.160	0.500	0.788	0.904
ERBB2	HRAS	9606.ENSP00000269571	9606.ENSP00000407586	0	0	0	0	0.053	0.328	0.500	0.742	0.907
ERBB2	BRCA1	9606.ENSP00000269571	9606.ENSP00000418960	0	0	0	0	0	0	0	0.918	0.918
ERBB2	PIK3CD	9606.ENSP00000269571	9606.ENSP00000366563	0	0	0	0	0	0	0.900	0.440	0.941
ERBB2	SHC4	9606.ENSP00000269571	9606.ENSP00000329668	0	0	0	0	0	0.387	0.900	0.191	0.946
ERBB2	SHC3	9606.ENSP00000269571	9606.ENSP00000364995	0	0	0	0	0	0.538	0.900	0.231	0.961
ERBB2	PIK3CB	9606.ENSP00000269571	9606.ENSP00000501150	0	0	0	0	0	0.162	0.900	0.702	0.972
ERBB2	ESR1	9606.ENSP00000269571	9606.ENSP00000405330	0	0	0	0	0	0.329	0	0.966	0.976
ERBB2	PGR	9606.ENSP00000269571	9606.ENSP00000325120	0	0	0	0	0	0.329	0	0.972	0.980
ERBB2	IGF1	9606.ENSP00000269571	9606.ENSP00000376637	0	0	0	0	0	0	0.900	0.926	0.992
ERBB2	IGF1R	9606.ENSP00000269571	9606.ENSP00000497069	0	0	0	0.569	0.083	0.693	0	0.979	0.993
ERBB2	PIK3R1	9606.ENSP00000269571	9606.ENSP00000428056	0	0	0	0	0	0.840	0.900	0.728	0.995
ERBB2	CTNNB1	9606.ENSP00000269571	9606.ENSP00000495360	0	0	0	0	0	0.662	0.900	0.954	0.998
ERBB2	EGFR	9606.ENSP00000269571	9606.ENSP00000275493	0	0	0.064	0.939	0.080	0.998	0.900	0.983	0.999
ERBB2	GRB2	9606.ENSP00000269571	9606.ENSP00000376345	0	0	0	0	0	0.934	0.900	0.993	0.999
ERBB2	SHC1	9606.ENSP00000269571	9606.ENSP00000401303	0	0	0	0	0.058	0.921	0.900	0.991	0.999
ESR1	FGF4	9606.ENSP00000405330	9606.ENSP00000168712	0	0	0	0	0.044	0.054	0	0.448	0.457
ESR1	FGF20	9606.ENSP00000405330	9606.ENSP00000180166	0	0	0	0	0.044	0.054	0	0.461	0.470
ESR1	FGF22	9606.ENSP00000405330	9606.ENSP00000215530	0	0	0	0	0.055	0.054	0	0.461	0.477
ESR1	GADD45B	9606.ENSP00000405330	9606.ENSP00000215631	0	0	0	0	0.042	0	0	0.510	0.510
ESR1	MAPK1	9606.ENSP00000405330	9606.ENSP00000215832	0	0	0	0	0	0.625	0.900	0.681	0.987
ESR1	SOS2	9606.ENSP00000405330	9606.ENSP00000216373	0	0	0	0	0.050	0.311	0	0.202	0.432
ESR1	PIK3R2	9606.ENSP00000405330	9606.ENSP00000222254	0	0	0	0	0	0.309	0.400	0.195	0.637
ESR1	RPS6KB1	9606.ENSP00000405330	9606.ENSP00000225577	0	0	0	0	0.057	0.053	0.900	0.558	0.955
ESR1	CCND1	9606.ENSP00000405330	9606.ENSP00000227507	0	0	0	0	0.069	0.625	0.750	0.971	0.997
ESR1	FGF6	9606.ENSP00000405330	9606.ENSP00000228837	0	0	0	0	0.044	0.054	0	0.468	0.476
ESR1	GADD45G	9606.ENSP00000405330	9606.ENSP00000252506	0	0	0	0	0.044	0.292	0	0.473	0.612
ESR1	JAG1	9606.ENSP00000405330	9606.ENSP00000254958	0	0	0	0	0	0.050	0	0.628	0.631
ESR1	KRAS	9606.ENSP00000405330	9606.ENSP00000256078	0	0	0	0	0	0.073	0	0.756	0.764
ESR1	NOTCH2	9606.ENSP00000405330	9606.ENSP00000256646	0	0	0	0	0	0.050	0	0.591	0.594
ESR1	CDK4	9606.ENSP00000405330	9606.ENSP00000257904	0	0	0	0	0	0.045	0	0.717	0.718
ESR1	AXIN1	9606.ENSP00000405330	9606.ENSP00000262320	0	0	0	0	0	0	0.750	0.353	0.831
ESR1	PIK3R3	9606.ENSP00000405330	9606.ENSP00000262741	0	0	0	0	0	0.065	0.400	0.203	0.513
ESR1	MAP2K2	9606.ENSP00000405330	9606.ENSP00000262948	0	0	0	0	0.051	0.057	0	0.517	0.530
ESR1	MAPK3	9606.ENSP00000405330	9606.ENSP00000263025	0	0	0	0	0	0	0.900	0.824	0.981
ESR1	NOTCH3	9606.ENSP00000405330	9606.ENSP00000263388	0	0	0	0	0.048	0.050	0	0.416	0.425
ESR1	PIK3CA	9606.ENSP00000405330	9606.ENSP00000263967	0	0	0	0	0	0.510	0.400	0.817	0.941
ESR1	FGF2	9606.ENSP00000405330	9606.ENSP00000264498	0	0	0	0	0.044	0.054	0	0.514	0.522
ESR1	WNT5A	9606.ENSP00000405330	9606.ENSP00000264634	0	0	0	0	0	0	0	0.416	0.416
ESR1	FGF10	9606.ENSP00000405330	9606.ENSP00000264664	0	0	0	0	0.062	0.054	0	0.493	0.511
ESR1	LEF1	9606.ENSP00000405330	9606.ENSP00000265165	0	0	0	0	0.044	0.095	0	0.504	0.533
ESR1	EGF	9606.ENSP00000405330	9606.ENSP00000265171	0	0	0	0	0	0	0	0.802	0.802
ESR1	WNT2	9606.ENSP00000405330	9606.ENSP00000265441	0	0	0	0	0.048	0	0	0.419	0.423
ESR1	CDK6	9606.ENSP00000405330	9606.ENSP00000265734	0	0	0	0	0	0.045	0	0.584	0.585
ESR1	RB1	9606.ENSP00000405330	9606.ENSP00000267163	0	0	0	0	0.042	0.053	0	0.577	0.583
ESR1	FGF7	9606.ENSP00000405330	9606.ENSP00000267843	0	0	0	0	0.049	0.054	0	0.494	0.506
ESR1	TP53	9606.ENSP00000405330	9606.ENSP00000269305	0	0	0	0	0	0.735	0	0.974	0.992
ESR1	ERBB2	9606.ENSP00000405330	9606.ENSP00000269571	0	0	0	0	0	0.329	0	0.966	0.976
ESR1	FGF18	9606.ENSP00000405330	9606.ENSP00000274625	0	0	0	0	0.044	0.054	0	0.470	0.478
ESR1	EGFR	9606.ENSP00000405330	9606.ENSP00000275493	0	0	0	0	0	0.583	0	0.974	0.988
ESR1	KIT	9606.ENSP00000405330	9606.ENSP00000288135	0	0	0	0	0	0.045	0	0.590	0.592
ESR1	WNT4	9606.ENSP00000405330	9606.ENSP00000290167	0	0	0	0	0.049	0	0	0.506	0.510
ESR1	WNT1	9606.ENSP00000405330	9606.ENSP00000293549	0	0	0	0	0	0	0	0.460	0.460
ESR1	LRP5	9606.ENSP00000405330	9606.ENSP00000294304	0	0	0	0	0	0	0	0.449	0.449
ESR1	FGF19	9606.ENSP00000405330	9606.ENSP00000294312	0	0	0	0	0.075	0.054	0	0.402	0.431
ESR1	MAP2K1	9606.ENSP00000405330	9606.ENSP00000302486	0	0	0	0	0.051	0.057	0	0.508	0.521
ESR1	AXIN2	9606.ENSP00000405330	9606.ENSP00000302625	0	0	0	0	0.044	0.292	0	0.325	0.503
ESR1	FOS	9606.ENSP00000405330	9606.ENSP00000306245	0	0	0	0	0.044	0.522	0.900	0.994	0.999
ESR1	RPS6KB2	9606.ENSP00000405330	9606.ENSP00000308413	0	0	0	0	0.055	0.053	0.900	0.359	0.935
ESR1	FGF5	9606.ENSP00000405330	9606.ENSP00000311697	0	0	0	0	0.044	0.054	0	0.471	0.480
ESR1	FGF8	9606.ENSP00000405330	9606.ENSP00000321797	0	0	0	0	0.044	0.054	0	0.471	0.480
ESR1	GSK3B	9606.ENSP00000405330	9606.ENSP00000324806	0	0	0	0	0	0.071	0	0.618	0.629
ESR1	PGR	9606.ENSP00000405330	9606.ENSP00000325120	0	0	0	0.673	0.240	0.771	0.700	0.560	0.974
ESR1	SP1	9606.ENSP00000405330	9606.ENSP00000329357	0	0	0	0	0	0.892	0.900	0.979	0.999
ESR1	FGF3	9606.ENSP00000405330	9606.ENSP00000334122	0	0	0	0	0.044	0.054	0	0.480	0.489
ESR1	ESR2	9606.ENSP00000405330	9606.ENSP00000343925	0	0	0.062	0.923	0.042	0.830	0.900	0.934	0.998
ESR1	E2F1	9606.ENSP00000405330	9606.ENSP00000345571	0	0	0	0	0	0.292	0	0.611	0.713
ESR1	FGF17	9606.ENSP00000405330	9606.ENSP00000352414	0	0	0	0	0.044	0.054	0	0.463	0.472
ESR1	MTOR	9606.ENSP00000405330	9606.ENSP00000354558	0	0	0	0	0	0.292	0	0.655	0.745
ESR1	NRAS	9606.ENSP00000405330	9606.ENSP00000358548	0	0	0	0	0	0.073	0	0.448	0.466
ESR1	NFKB2	9606.ENSP00000405330	9606.ENSP00000358983	0	0	0	0	0	0.063	0	0.529	0.540
ESR1	GADD45A	9606.ENSP00000405330	9606.ENSP00000360025	0	0	0	0	0	0.292	0	0.368	0.533
ESR1	JUN	9606.ENSP00000405330	9606.ENSP00000360266	0	0	0	0	0	0.631	0.900	0.995	0.999
ESR1	PTEN	9606.ENSP00000405330	9606.ENSP00000361021	0	0	0	0	0	0.295	0	0.737	0.807
ESR1	NCOA3	9606.ENSP00000405330	9606.ENSP00000361066	0	0	0	0	0.062	0.976	0.900	0.997	0.999
ESR1	NOTCH4	9606.ENSP00000405330	9606.ENSP00000364163	0	0	0	0	0	0.050	0	0.397	0.402
ESR1	SHC3	9606.ENSP00000405330	9606.ENSP00000364995	0	0	0	0	0.054	0	0	0.395	0.403
ESR1	BRCA2	9606.ENSP00000405330	9606.ENSP00000369497	0	0	0	0	0	0	0	0.723	0.723
ESR1	FGF9	9606.ENSP00000405330	9606.ENSP00000371790	0	0	0	0	0.044	0.054	0	0.475	0.484
ESR1	AKT2	9606.ENSP00000405330	9606.ENSP00000375892	0	0	0	0	0.055	0.314	0	0.455	0.616
ESR1	GRB2	9606.ENSP00000405330	9606.ENSP00000376345	0	0	0	0	0.050	0.071	0	0.812	0.819
ESR1	IGF1	9606.ENSP00000405330	9606.ENSP00000376637	0	0	0	0	0.062	0	0	0.964	0.964
ESR1	TNFSF11	9606.ENSP00000405330	9606.ENSP00000381775	0	0	0	0	0.055	0	0	0.646	0.651
ESR1	CDKN1A	9606.ENSP00000405330	9606.ENSP00000384849	0	0	0	0	0	0.625	0	0.597	0.842
ESR1	NCOA1	9606.ENSP00000405330	9606.ENSP00000385216	0	0	0	0	0	0.997	0.800	0.986	0.999
ESR1	FGFR1	9606.ENSP00000405330	9606.ENSP00000393312	0	0	0	0	0	0.045	0	0.553	0.555
ESR1	FGF16	9606.ENSP00000405330	9606.ENSP00000399324	0	0	0	0	0.047	0.054	0	0.460	0.471
ESR1	SHC1	9606.ENSP00000405330	9606.ENSP00000401303	0	0	0	0	0.054	0.510	0.500	0.962	0.990
ESR1	RAF1	9606.ENSP00000405330	9606.ENSP00000401888	0	0	0	0	0	0.071	0	0.630	0.642
ESR1	AKT3	9606.ENSP00000405330	9606.ENSP00000500582	0	0	0	0	0.055	0.071	0	0.402	0.429
ESR1	FGF21	9606.ENSP00000405330	9606.ENSP00000471477	0	0	0	0	0.046	0.054	0	0.422	0.434
ESR1	TCF7L2	9606.ENSP00000405330	9606.ENSP00000486891	0	0	0	0	0	0.091	0	0.409	0.440
ESR1	FGF1	9606.ENSP00000405330	9606.ENSP00000480791	0	0	0	0	0.044	0.054	0	0.546	0.554
ESR1	NOTCH1	9606.ENSP00000405330	9606.ENSP00000498587	0	0	0	0	0	0.050	0	0.638	0.642
ESR1	HRAS	9606.ENSP00000405330	9606.ENSP00000407586	0	0	0	0	0	0.073	0	0.705	0.715
ESR1	BRAF	9606.ENSP00000405330	9606.ENSP00000419060	0	0	0	0	0	0.071	0	0.738	0.746
ESR1	AKT1	9606.ENSP00000405330	9606.ENSP00000451828	0	0	0	0	0.055	0.314	0	0.877	0.913
ESR1	CTNNB1	9606.ENSP00000405330	9606.ENSP00000495360	0	0	0	0	0.052	0.301	0	0.952	0.965
ESR1	MYC	9606.ENSP00000405330	9606.ENSP00000478887	0	0	0	0	0.053	0.620	0.500	0.913	0.982
ESR1	PIK3R1	9606.ENSP00000405330	9606.ENSP00000428056	0	0	0	0	0	0.708	0.400	0.971	0.994
ESR1	IGF1R	9606.ENSP00000405330	9606.ENSP00000497069	0	0	0	0	0.063	0.743	0.500	0.994	0.999
ESR1	BRCA1	9606.ENSP00000405330	9606.ENSP00000418960	0	0	0	0	0	0.904	0	0.995	0.999
ESR2	FGF22	9606.ENSP00000343925	9606.ENSP00000215530	0	0	0	0	0.062	0.054	0	0.379	0.402
ESR2	MAPK1	9606.ENSP00000343925	9606.ENSP00000215832	0	0	0	0	0	0.292	0.900	0.332	0.948
ESR2	PIK3R2	9606.ENSP00000343925	9606.ENSP00000222254	0	0	0	0	0	0.065	0.400	0.074	0.435
ESR2	RPS6KB1	9606.ENSP00000343925	9606.ENSP00000225577	0	0	0	0	0.062	0.053	0.900	0.292	0.928
ESR2	CCND1	9606.ENSP00000343925	9606.ENSP00000227507	0	0	0	0	0.055	0	0	0.675	0.679
ESR2	PIK3R3	9606.ENSP00000343925	9606.ENSP00000262741	0	0	0	0	0	0.065	0.400	0.075	0.436
ESR2	MAPK3	9606.ENSP00000343925	9606.ENSP00000263025	0	0	0	0	0	0	0.900	0.577	0.955
ESR2	PIK3CA	9606.ENSP00000343925	9606.ENSP00000263967	0	0	0	0	0	0	0.400	0.322	0.575
ESR2	FGF10	9606.ENSP00000343925	9606.ENSP00000264664	0	0	0	0	0.051	0.054	0	0.396	0.411
ESR2	EGF	9606.ENSP00000343925	9606.ENSP00000265171	0	0	0	0	0	0	0	0.578	0.578
ESR2	RB1	9606.ENSP00000343925	9606.ENSP00000267163	0	0	0	0	0	0.053	0	0.480	0.486
ESR2	FGF7	9606.ENSP00000343925	9606.ENSP00000267843	0	0	0	0	0.058	0.054	0	0.540	0.555
ESR2	TP53	9606.ENSP00000343925	9606.ENSP00000269305	0	0	0	0	0	0	0	0.783	0.783
ESR2	ERBB2	9606.ENSP00000343925	9606.ENSP00000269571	0	0	0	0	0	0.092	0	0.701	0.717
ESR2	EGFR	9606.ENSP00000343925	9606.ENSP00000275493	0	0	0	0	0	0.329	0	0.650	0.755
ESR2	FOS	9606.ENSP00000343925	9606.ENSP00000306245	0	0	0	0	0	0.095	0.900	0.611	0.961
ESR2	RPS6KB2	9606.ENSP00000343925	9606.ENSP00000308413	0	0	0	0	0.055	0.053	0.900	0.121	0.910
ESR2	FGF8	9606.ENSP00000343925	9606.ENSP00000321797	0	0	0	0	0.065	0.054	0	0.533	0.552
ESR2	GSK3B	9606.ENSP00000343925	9606.ENSP00000324806	0	0	0	0	0	0.071	0	0.636	0.648
ESR2	PGR	9606.ENSP00000343925	9606.ENSP00000325120	0	0	0	0.683	0.042	0.051	0	0.464	0.471
ESR2	SP1	9606.ENSP00000343925	9606.ENSP00000329357	0	0	0	0	0	0.523	0.900	0.786	0.988
ESR2	FGF3	9606.ENSP00000343925	9606.ENSP00000334122	0	0	0	0	0.056	0.054	0	0.384	0.402
ESR2	AKT2	9606.ENSP00000343925	9606.ENSP00000375892	0	0	0	0	0.057	0.071	0	0.389	0.419
ESR2	TNFSF11	9606.ENSP00000343925	9606.ENSP00000381775	0	0	0	0	0.057	0	0	0.431	0.441
ESR2	PTEN	9606.ENSP00000343925	9606.ENSP00000361021	0	0	0	0	0	0.046	0	0.501	0.504
ESR2	MYC	9606.ENSP00000343925	9606.ENSP00000478887	0	0	0	0	0.053	0.045	0	0.510	0.518
ESR2	CTNNB1	9606.ENSP00000343925	9606.ENSP00000495360	0	0	0	0	0.052	0.060	0	0.507	0.522
ESR2	PIK3R1	9606.ENSP00000343925	9606.ENSP00000428056	0	0	0	0	0	0.065	0.400	0.229	0.530
ESR2	SHC1	9606.ENSP00000343925	9606.ENSP00000401303	0	0	0	0	0.054	0	0	0.608	0.613
ESR2	BRCA1	9606.ENSP00000343925	9606.ENSP00000418960	0	0	0	0	0	0.299	0	0.516	0.646
ESR2	AKT1	9606.ENSP00000343925	9606.ENSP00000451828	0	0	0	0	0.055	0.071	0	0.669	0.684
ESR2	IGF1	9606.ENSP00000343925	9606.ENSP00000376637	0	0	0	0	0.043	0	0	0.731	0.731
ESR2	IGF1R	9606.ENSP00000343925	9606.ENSP00000497069	0	0	0	0	0	0.071	0	0.807	0.813
ESR2	JUN	9606.ENSP00000343925	9606.ENSP00000360266	0	0	0	0	0	0.057	0.900	0.686	0.967
ESR2	NCOA3	9606.ENSP00000343925	9606.ENSP00000361066	0	0	0	0	0.049	0.850	0.900	0.816	0.997
ESR2	ESR1	9606.ENSP00000343925	9606.ENSP00000405330	0	0	0.062	0.923	0.042	0.830	0.900	0.934	0.998
ESR2	NCOA1	9606.ENSP00000343925	9606.ENSP00000385216	0	0	0	0	0	0.984	0.800	0.946	0.999
FGF1	FGF4	9606.ENSP00000480791	9606.ENSP00000168712	0	0	0.128	0.756	0.082	0	0.400	0.590	0.777
FGF1	FGF20	9606.ENSP00000480791	9606.ENSP00000180166	0	0	0.101	0.840	0.080	0	0.400	0.415	0.671
FGF1	FGF22	9606.ENSP00000480791	9606.ENSP00000215530	0	0	0.119	0.799	0.096	0	0.400	0.531	0.746
FGF1	MAPK1	9606.ENSP00000480791	9606.ENSP00000215832	0	0	0	0	0.054	0	0.400	0.246	0.534
FGF1	PIK3R2	9606.ENSP00000480791	9606.ENSP00000222254	0	0	0	0	0	0	0.400	0.069	0.417
FGF1	FGF6	9606.ENSP00000480791	9606.ENSP00000228837	0	0	0.143	0.740	0.086	0	0.400	0.515	0.741
FGF1	FGF23	9606.ENSP00000480791	9606.ENSP00000237837	0	0	0	0	0.086	0	0.400	0.613	0.769
FGF1	KRAS	9606.ENSP00000480791	9606.ENSP00000256078	0	0	0	0	0.055	0.045	0.500	0.270	0.626
FGF1	FLT4	9606.ENSP00000480791	9606.ENSP00000261937	0	0	0	0	0.060	0.168	0.650	0.377	0.807
FGF1	MAPK3	9606.ENSP00000480791	9606.ENSP00000263025	0	0	0	0	0.054	0	0.400	0.459	0.666
FGF1	PIK3CA	9606.ENSP00000480791	9606.ENSP00000263967	0	0	0	0	0	0	0.400	0.192	0.494
FGF1	FGF2	9606.ENSP00000480791	9606.ENSP00000264498	0	0	0.061	0.935	0.076	0.110	0.400	0.931	0.962
FGF1	FGF10	9606.ENSP00000480791	9606.ENSP00000264664	0	0	0	0.791	0.096	0	0.400	0.560	0.741
FGF1	EGF	9606.ENSP00000480791	9606.ENSP00000265171	0	0	0	0	0.042	0.053	0	0.839	0.841
FGF1	FGF7	9606.ENSP00000480791	9606.ENSP00000267843	0	0	0.101	0.799	0.129	0	0.400	0.486	0.726
FGF1	ERBB2	9606.ENSP00000480791	9606.ENSP00000269571	0	0	0	0	0.061	0	0.650	0.406	0.787
FGF1	FGF18	9606.ENSP00000480791	9606.ENSP00000274625	0	0	0	0.732	0.056	0	0.400	0.560	0.729
FGF1	EGFR	9606.ENSP00000480791	9606.ENSP00000275493	0	0	0	0	0.102	0	0.650	0.670	0.887
FGF1	KIT	9606.ENSP00000480791	9606.ENSP00000288135	0	0	0	0	0.060	0.168	0.650	0.391	0.811
FGF1	FGF19	9606.ENSP00000480791	9606.ENSP00000294312	0	0	0	0.692	0.057	0	0.400	0.335	0.591
FGF1	FGF5	9606.ENSP00000480791	9606.ENSP00000311697	0	0	0.087	0.781	0.061	0	0.400	0.507	0.712
FGF1	FGF8	9606.ENSP00000480791	9606.ENSP00000321797	0	0	0	0.682	0.078	0	0.400	0.508	0.704
FGF1	FGF3	9606.ENSP00000480791	9606.ENSP00000334122	0	0	0.076	0.795	0.087	0	0.400	0.496	0.710
FGF1	FGF17	9606.ENSP00000480791	9606.ENSP00000352414	0	0	0	0	0.093	0	0.400	0.922	0.953
FGF1	NRAS	9606.ENSP00000480791	9606.ENSP00000358548	0	0	0	0	0.055	0.045	0.500	0.203	0.592
FGF1	PTEN	9606.ENSP00000480791	9606.ENSP00000361021	0	0	0	0	0	0	0	0.511	0.511
FGF1	FGF9	9606.ENSP00000480791	9606.ENSP00000371790	0	0	0.093	0.841	0.062	0	0.400	0.362	0.630
FGF1	GRB2	9606.ENSP00000480791	9606.ENSP00000376345	0	0	0	0	0	0	0.400	0.397	0.623
FGF1	IGF1	9606.ENSP00000480791	9606.ENSP00000376637	0	0	0	0	0.048	0	0	0.825	0.827
FGF1	SOS1	9606.ENSP00000480791	9606.ENSP00000384675	0	0	0	0	0.048	0	0.400	0.261	0.541
FGF1	CDKN1A	9606.ENSP00000480791	9606.ENSP00000384849	0	0	0	0	0	0	0	0.482	0.482
FGF1	FGFR1	9606.ENSP00000480791	9606.ENSP00000393312	0	0	0	0	0.062	0.973	0.900	0.998	0.999
FGF1	FGF16	9606.ENSP00000480791	9606.ENSP00000399324	0	0	0.100	0.840	0.042	0	0.400	0.451	0.678
FGF1	SHC1	9606.ENSP00000480791	9606.ENSP00000401303	0	0	0	0	0.049	0	0.400	0.244	0.531
FGF1	ESR1	9606.ENSP00000480791	9606.ENSP00000405330	0	0	0	0	0.044	0.054	0	0.546	0.554
FGF1	HRAS	9606.ENSP00000480791	9606.ENSP00000407586	0	0	0	0	0.055	0.045	0.500	0.211	0.596
FGF1	PIK3R1	9606.ENSP00000480791	9606.ENSP00000428056	0	0	0	0	0	0	0.400	0.137	0.460
FGF1	AKT1	9606.ENSP00000480791	9606.ENSP00000451828	0	0	0	0	0	0	0	0.575	0.575
FGF1	MYC	9606.ENSP00000480791	9606.ENSP00000478887	0	0	0	0	0	0	0	0.400	0.400
FGF1	PIK3CB	9606.ENSP00000480791	9606.ENSP00000501150	0	0	0	0	0	0	0.400	0.113	0.445
FGF1	CTNNB1	9606.ENSP00000480791	9606.ENSP00000495360	0	0	0	0	0	0	0	0.464	0.464
FGF1	IGF1R	9606.ENSP00000480791	9606.ENSP00000497069	0	0	0	0	0	0	0.650	0.375	0.772
FGF10	FGF4	9606.ENSP00000264664	9606.ENSP00000168712	0	0	0.104	0.728	0.056	0	0.400	0.258	0.573
FGF10	FGF20	9606.ENSP00000264664	9606.ENSP00000180166	0	0	0.073	0.834	0.105	0	0.400	0.114	0.500
FGF10	FGF22	9606.ENSP00000264664	9606.ENSP00000215530	0	0	0.052	0.940	0.042	0	0.400	0.072	0.427
FGF10	MAPK1	9606.ENSP00000264664	9606.ENSP00000215832	0	0	0	0	0.055	0	0.400	0.312	0.576
FGF10	PIK3R2	9606.ENSP00000264664	9606.ENSP00000222254	0	0	0	0	0	0	0.400	0.163	0.476
FGF10	WNT3	9606.ENSP00000264664	9606.ENSP00000225512	0	0	0	0	0.055	0.050	0	0.418	0.432
FGF10	CCND1	9606.ENSP00000264664	9606.ENSP00000227507	0	0	0	0	0.070	0	0	0.480	0.495
FGF10	FGF6	9606.ENSP00000264664	9606.ENSP00000228837	0	0	0.084	0.770	0.106	0	0.400	0.152	0.528
FGF10	FGF23	9606.ENSP00000264664	9606.ENSP00000237837	0	0	0	0.655	0.103	0	0.400	0.540	0.731
FGF10	JAG1	9606.ENSP00000264664	9606.ENSP00000254958	0	0	0	0	0.056	0.042	0	0.497	0.505
FGF10	KRAS	9606.ENSP00000264664	9606.ENSP00000256078	0	0	0	0	0.055	0.045	0.500	0.428	0.707
FGF10	FLT4	9606.ENSP00000264664	9606.ENSP00000261937	0	0	0	0	0.086	0.168	0.650	0.709	0.912
FGF10	AXIN1	9606.ENSP00000264664	9606.ENSP00000262320	0	0	0	0	0.055	0.046	0	0.396	0.408
FGF10	MAPK3	9606.ENSP00000264664	9606.ENSP00000263025	0	0	0	0	0.055	0	0.400	0.577	0.739
FGF10	PIK3CA	9606.ENSP00000264664	9606.ENSP00000263967	0	0	0	0	0	0	0.400	0.318	0.573
FGF10	FGF2	9606.ENSP00000264664	9606.ENSP00000264498	0	0	0	0.716	0.071	0	0.400	0.388	0.629
FGF10	WNT5A	9606.ENSP00000264664	9606.ENSP00000264634	0	0	0	0	0.055	0.050	0	0.551	0.562
FGF10	ESR2	9606.ENSP00000264664	9606.ENSP00000343925	0	0	0	0	0.051	0.054	0	0.396	0.411
FGF10	PGR	9606.ENSP00000264664	9606.ENSP00000325120	0	0	0	0	0.136	0.054	0	0.350	0.422
FGF10	WNT7A	9606.ENSP00000264664	9606.ENSP00000285018	0	0	0	0	0.055	0.050	0	0.422	0.435
FGF10	WNT4	9606.ENSP00000264664	9606.ENSP00000290167	0	0	0	0	0.056	0.050	0	0.425	0.439
FGF10	TNFSF11	9606.ENSP00000264664	9606.ENSP00000381775	0	0	0	0	0.042	0	0	0.447	0.447
FGF10	FOS	9606.ENSP00000264664	9606.ENSP00000306245	0	0	0	0	0.108	0	0	0.418	0.459
FGF10	FGF5	9606.ENSP00000264664	9606.ENSP00000311697	0	0	0	0.788	0	0	0.400	0.143	0.463
FGF10	WNT2B	9606.ENSP00000264664	9606.ENSP00000358698	0	0	0	0	0.057	0.050	0	0.449	0.464
FGF10	WNT11	9606.ENSP00000264664	9606.ENSP00000325526	0	0	0	0	0.106	0.050	0	0.423	0.467
FGF10	WNT7B	9606.ENSP00000264664	9606.ENSP00000341032	0	0	0	0	0.055	0.050	0	0.455	0.468
FGF10	PIK3CB	9606.ENSP00000264664	9606.ENSP00000501150	0	0	0	0	0	0	0.400	0.158	0.473
FGF10	PTEN	9606.ENSP00000264664	9606.ENSP00000361021	0	0	0	0	0	0	0	0.474	0.474
FGF10	AXIN2	9606.ENSP00000264664	9606.ENSP00000302625	0	0	0	0	0.055	0.046	0	0.472	0.483
FGF10	JUN	9606.ENSP00000264664	9606.ENSP00000360266	0	0	0	0	0	0	0	0.486	0.486
FGF10	NOTCH1	9606.ENSP00000264664	9606.ENSP00000498587	0	0	0	0	0	0.042	0	0.487	0.487
FGF10	MTOR	9606.ENSP00000264664	9606.ENSP00000354558	0	0	0	0	0	0	0	0.490	0.490
FGF10	GSK3B	9606.ENSP00000264664	9606.ENSP00000324806	0	0	0	0	0	0	0	0.498	0.498
FGF10	LEF1	9606.ENSP00000264664	9606.ENSP00000265165	0	0	0	0	0	0	0	0.499	0.499
FGF10	PIK3R1	9606.ENSP00000264664	9606.ENSP00000428056	0	0	0	0	0.047	0	0.400	0.204	0.505
FGF10	WNT1	9606.ENSP00000264664	9606.ENSP00000293549	0	0	0	0	0.055	0.050	0	0.497	0.509
FGF10	ESR1	9606.ENSP00000264664	9606.ENSP00000405330	0	0	0	0	0.062	0.054	0	0.493	0.511
FGF10	FGF17	9606.ENSP00000264664	9606.ENSP00000352414	0	0	0	0.633	0	0	0.400	0.244	0.527
FGF10	FGF9	9606.ENSP00000264664	9606.ENSP00000371790	0	0	0.084	0.848	0.099	0	0.400	0.160	0.528
FGF10	WNT2	9606.ENSP00000264664	9606.ENSP00000265441	0	0	0	0	0.095	0.050	0	0.499	0.532
FGF10	MYC	9606.ENSP00000264664	9606.ENSP00000478887	0	0	0	0	0	0	0	0.542	0.542
FGF10	FGF18	9606.ENSP00000264664	9606.ENSP00000274625	0	0	0	0.641	0	0	0.400	0.283	0.551
FGF10	SOS1	9606.ENSP00000264664	9606.ENSP00000384675	0	0	0	0	0	0	0.400	0.303	0.564
FGF10	SHC1	9606.ENSP00000264664	9606.ENSP00000401303	0	0	0	0	0.049	0	0.400	0.315	0.575
FGF10	FGF19	9606.ENSP00000264664	9606.ENSP00000294312	0	0	0	0.667	0.049	0	0.400	0.330	0.584
FGF10	TP53	9606.ENSP00000264664	9606.ENSP00000269305	0	0	0	0	0	0.164	0	0.548	0.606
FGF10	NRAS	9606.ENSP00000264664	9606.ENSP00000358548	0	0	0	0	0.055	0.045	0.500	0.246	0.614
FGF10	HRAS	9606.ENSP00000264664	9606.ENSP00000407586	0	0	0	0	0.055	0.045	0.500	0.286	0.635
FGF10	FGF8	9606.ENSP00000264664	9606.ENSP00000321797	0	0	0	0.662	0.061	0	0.400	0.404	0.635
FGF10	FGF7	9606.ENSP00000264664	9606.ENSP00000267843	0	0	0.062	0.921	0.121	0	0.400	0.355	0.638
FGF10	FGF16	9606.ENSP00000264664	9606.ENSP00000399324	0	0	0.074	0.842	0.105	0	0.400	0.370	0.645
FGF10	FGF3	9606.ENSP00000264664	9606.ENSP00000334122	0	0	0	0.847	0	0	0.400	0.472	0.669
FGF10	WNT3A	9606.ENSP00000264664	9606.ENSP00000284523	0	0	0	0	0.055	0.050	0	0.668	0.676
FGF10	AKT1	9606.ENSP00000264664	9606.ENSP00000451828	0	0	0	0	0	0	0	0.682	0.682
FGF10	CTNNB1	9606.ENSP00000264664	9606.ENSP00000495360	0	0	0	0	0	0	0	0.686	0.686
FGF10	FGF1	9606.ENSP00000264664	9606.ENSP00000480791	0	0	0	0.791	0.096	0	0.400	0.560	0.741
FGF10	GRB2	9606.ENSP00000264664	9606.ENSP00000376345	0	0	0	0	0	0	0.400	0.616	0.759
FGF10	IGF1	9606.ENSP00000264664	9606.ENSP00000376637	0	0	0	0	0.060	0	0	0.785	0.789
FGF10	ERBB2	9606.ENSP00000264664	9606.ENSP00000269571	0	0	0	0	0.062	0	0.650	0.514	0.826
FGF10	KIT	9606.ENSP00000264664	9606.ENSP00000288135	0	0	0	0	0.062	0.168	0.650	0.542	0.858
FGF10	IGF1R	9606.ENSP00000264664	9606.ENSP00000497069	0	0	0	0	0	0	0.650	0.656	0.874
FGF10	EGFR	9606.ENSP00000264664	9606.ENSP00000275493	0	0	0	0	0.062	0	0.650	0.794	0.926
FGF10	EGF	9606.ENSP00000264664	9606.ENSP00000265171	0	0	0	0	0	0.053	0	0.989	0.990
FGF10	FGFR1	9606.ENSP00000264664	9606.ENSP00000393312	0	0	0	0	0.042	0.296	0.900	0.997	0.999
FGF16	FGF4	9606.ENSP00000399324	9606.ENSP00000168712	0	0	0.128	0.784	0.162	0	0.400	0.118	0.562
FGF16	FGF20	9606.ENSP00000399324	9606.ENSP00000180166	0	0	0.058	0.963	0	0	0.400	0.049	0.416
FGF16	FGF22	9606.ENSP00000399324	9606.ENSP00000215530	0	0	0.084	0.872	0.124	0	0.400	0.090	0.503
FGF16	GADD45B	9606.ENSP00000399324	9606.ENSP00000215631	0	0	0	0	0	0	0	0.418	0.418
FGF16	MAPK1	9606.ENSP00000399324	9606.ENSP00000215832	0	0	0	0	0.054	0	0.400	0.310	0.574
FGF16	PIK3R2	9606.ENSP00000399324	9606.ENSP00000222254	0	0	0	0	0	0	0.400	0.160	0.474
FGF16	CCND1	9606.ENSP00000399324	9606.ENSP00000227507	0	0	0	0	0.067	0	0	0.453	0.468
FGF16	FGF6	9606.ENSP00000399324	9606.ENSP00000228837	0	0	0.122	0.788	0.139	0	0.400	0.100	0.537
FGF16	FGF23	9606.ENSP00000399324	9606.ENSP00000237837	0	0	0	0.623	0.116	0	0.400	0.552	0.741
FGF16	JAG1	9606.ENSP00000399324	9606.ENSP00000254958	0	0	0	0	0.054	0.042	0	0.440	0.448
FGF16	KRAS	9606.ENSP00000399324	9606.ENSP00000256078	0	0	0	0	0.055	0.045	0.500	0.391	0.688
FGF16	FLT4	9606.ENSP00000399324	9606.ENSP00000261937	0	0	0	0	0.074	0.168	0.650	0.712	0.912
FGF16	AXIN1	9606.ENSP00000399324	9606.ENSP00000262320	0	0	0	0	0.060	0.046	0	0.398	0.414
FGF16	MAPK3	9606.ENSP00000399324	9606.ENSP00000263025	0	0	0	0	0.054	0	0.400	0.554	0.725
FGF16	PIK3CA	9606.ENSP00000399324	9606.ENSP00000263967	0	0	0	0	0	0	0.400	0.301	0.563
FGF16	FGF2	9606.ENSP00000399324	9606.ENSP00000264498	0	0	0	0.728	0	0.098	0.400	0.278	0.575
FGF16	WNT5A	9606.ENSP00000399324	9606.ENSP00000264634	0	0	0	0	0.046	0.050	0	0.441	0.450
FGF16	FGF10	9606.ENSP00000399324	9606.ENSP00000264664	0	0	0.074	0.842	0.105	0	0.400	0.370	0.645
FGF16	LEF1	9606.ENSP00000399324	9606.ENSP00000265165	0	0	0	0	0	0	0	0.425	0.425
FGF16	EGF	9606.ENSP00000399324	9606.ENSP00000265171	0	0	0	0	0	0.053	0	0.988	0.988
FGF16	FGF7	9606.ENSP00000399324	9606.ENSP00000267843	0	0	0.103	0.837	0.082	0	0.400	0.110	0.502
FGF16	TP53	9606.ENSP00000399324	9606.ENSP00000269305	0	0	0	0	0	0	0	0.522	0.522
FGF16	ERBB2	9606.ENSP00000399324	9606.ENSP00000269571	0	0	0	0	0.062	0	0.650	0.521	0.829
FGF16	FGF18	9606.ENSP00000399324	9606.ENSP00000274625	0	0	0	0.655	0.043	0	0.400	0.273	0.546
FGF16	EGFR	9606.ENSP00000399324	9606.ENSP00000275493	0	0	0	0	0.062	0	0.650	0.797	0.927
FGF16	WNT3A	9606.ENSP00000399324	9606.ENSP00000284523	0	0	0	0	0.060	0.050	0	0.513	0.527
FGF16	KIT	9606.ENSP00000399324	9606.ENSP00000288135	0	0	0	0	0.051	0.168	0.650	0.521	0.850
FGF16	WNT4	9606.ENSP00000399324	9606.ENSP00000290167	0	0	0	0	0.046	0.050	0	0.399	0.408
FGF16	WNT1	9606.ENSP00000399324	9606.ENSP00000293549	0	0	0	0	0.071	0.050	0	0.437	0.460
FGF16	FGF19	9606.ENSP00000399324	9606.ENSP00000294312	0	0	0	0	0.068	0	0.400	0.578	0.744
FGF16	AXIN2	9606.ENSP00000399324	9606.ENSP00000302625	0	0	0	0	0.055	0.046	0	0.405	0.417
FGF16	FOS	9606.ENSP00000399324	9606.ENSP00000306245	0	0	0	0	0.087	0	0	0.410	0.438
FGF16	FGF5	9606.ENSP00000399324	9606.ENSP00000311697	0	0	0	0.826	0.054	0	0.400	0.367	0.609
FGF16	FGF8	9606.ENSP00000399324	9606.ENSP00000321797	0	0	0	0.697	0.100	0	0.400	0.150	0.501
FGF16	GSK3B	9606.ENSP00000399324	9606.ENSP00000324806	0	0	0	0	0	0	0	0.481	0.481
FGF16	FGF3	9606.ENSP00000399324	9606.ENSP00000334122	0	0	0.085	0.847	0	0	0.400	0.089	0.456
FGF16	FGF17	9606.ENSP00000399324	9606.ENSP00000352414	0	0	0	0.654	0.066	0	0.400	0.128	0.469
FGF16	MTOR	9606.ENSP00000399324	9606.ENSP00000354558	0	0	0	0	0	0	0	0.491	0.491
FGF16	NRAS	9606.ENSP00000399324	9606.ENSP00000358548	0	0	0	0	0.055	0.045	0.500	0.250	0.616
FGF16	JUN	9606.ENSP00000399324	9606.ENSP00000360266	0	0	0	0	0	0	0	0.485	0.485
FGF16	PTEN	9606.ENSP00000399324	9606.ENSP00000361021	0	0	0	0	0	0	0	0.475	0.475
FGF16	FGF9	9606.ENSP00000399324	9606.ENSP00000371790	0	0	0.052	0.969	0	0	0.400	0.055	0.415
FGF16	GRB2	9606.ENSP00000399324	9606.ENSP00000376345	0	0	0	0	0	0	0.400	0.634	0.771
FGF16	IGF1	9606.ENSP00000399324	9606.ENSP00000376637	0	0	0	0	0	0	0	0.770	0.770
FGF16	TNFSF11	9606.ENSP00000399324	9606.ENSP00000381775	0	0	0	0	0.044	0	0	0.448	0.449
FGF16	SOS1	9606.ENSP00000399324	9606.ENSP00000384675	0	0	0	0	0.048	0	0.400	0.312	0.572
FGF16	FGFR1	9606.ENSP00000399324	9606.ENSP00000393312	0	0	0	0	0.042	0.538	0.900	0.995	0.999
FGF16	NOTCH1	9606.ENSP00000399324	9606.ENSP00000498587	0	0	0	0	0	0.042	0	0.427	0.427
FGF16	PIK3CB	9606.ENSP00000399324	9606.ENSP00000501150	0	0	0	0	0	0	0.400	0.151	0.468
FGF16	ESR1	9606.ENSP00000399324	9606.ENSP00000405330	0	0	0	0	0.047	0.054	0	0.460	0.471
FGF16	PIK3R1	9606.ENSP00000399324	9606.ENSP00000428056	0	0	0	0	0	0	0.400	0.197	0.497
FGF16	MYC	9606.ENSP00000399324	9606.ENSP00000478887	0	0	0	0	0	0	0	0.513	0.513
FGF16	SHC1	9606.ENSP00000399324	9606.ENSP00000401303	0	0	0	0	0.049	0	0.400	0.325	0.581
FGF16	HRAS	9606.ENSP00000399324	9606.ENSP00000407586	0	0	0	0	0.055	0.045	0.500	0.291	0.637
FGF16	CTNNB1	9606.ENSP00000399324	9606.ENSP00000495360	0	0	0	0	0	0	0	0.672	0.672
FGF16	FGF1	9606.ENSP00000399324	9606.ENSP00000480791	0	0	0.100	0.840	0.042	0	0.400	0.451	0.678
FGF16	AKT1	9606.ENSP00000399324	9606.ENSP00000451828	0	0	0	0	0	0	0	0.687	0.687
FGF16	IGF1R	9606.ENSP00000399324	9606.ENSP00000497069	0	0	0	0	0	0	0.650	0.603	0.855
FGF17	FGF4	9606.ENSP00000352414	9606.ENSP00000168712	0	0	0	0.672	0.095	0	0.400	0.226	0.543
FGF17	FGF20	9606.ENSP00000352414	9606.ENSP00000180166	0	0	0	0.656	0.077	0	0.400	0.128	0.475
FGF17	FGF22	9606.ENSP00000352414	9606.ENSP00000215530	0	0	0	0.656	0.072	0	0.400	0.204	0.518
FGF17	MAPK1	9606.ENSP00000352414	9606.ENSP00000215832	0	0	0	0	0.045	0	0.400	0.304	0.566
FGF17	PIK3R2	9606.ENSP00000352414	9606.ENSP00000222254	0	0	0	0	0.044	0	0.400	0.166	0.479
FGF17	CCND1	9606.ENSP00000352414	9606.ENSP00000227507	0	0	0	0	0.061	0	0	0.447	0.458
FGF17	FGF6	9606.ENSP00000352414	9606.ENSP00000228837	0	0	0.097	0.663	0.048	0	0.400	0.126	0.489
FGF17	FGF23	9606.ENSP00000352414	9606.ENSP00000237837	0	0	0	0	0.063	0	0.400	0.846	0.906
FGF17	JAG1	9606.ENSP00000352414	9606.ENSP00000254958	0	0	0	0	0	0.042	0	0.418	0.419
FGF17	KRAS	9606.ENSP00000352414	9606.ENSP00000256078	0	0	0	0	0.074	0.045	0.500	0.385	0.692
FGF17	FLT4	9606.ENSP00000352414	9606.ENSP00000261937	0	0	0	0	0.064	0.168	0.650	0.709	0.910
FGF17	MAPK3	9606.ENSP00000352414	9606.ENSP00000263025	0	0	0	0	0.045	0	0.400	0.547	0.717
FGF17	PIK3CA	9606.ENSP00000352414	9606.ENSP00000263967	0	0	0	0	0	0	0.400	0.289	0.555
FGF17	FGF2	9606.ENSP00000352414	9606.ENSP00000264498	0	0	0	0	0.052	0	0.400	0.924	0.953
FGF17	WNT5A	9606.ENSP00000352414	9606.ENSP00000264634	0	0	0	0	0	0.050	0	0.436	0.441
FGF17	FGF10	9606.ENSP00000352414	9606.ENSP00000264664	0	0	0	0.633	0	0	0.400	0.244	0.527
FGF17	EGF	9606.ENSP00000352414	9606.ENSP00000265171	0	0	0	0	0	0.053	0	0.988	0.988
FGF17	WNT2	9606.ENSP00000352414	9606.ENSP00000265441	0	0	0	0	0	0.050	0	0.423	0.429
FGF17	FGF7	9606.ENSP00000352414	9606.ENSP00000267843	0	0	0	0.699	0	0	0.400	0.117	0.448
FGF17	TP53	9606.ENSP00000352414	9606.ENSP00000269305	0	0	0	0	0	0	0	0.527	0.527
FGF17	ERBB2	9606.ENSP00000352414	9606.ENSP00000269571	0	0	0	0	0	0	0.650	0.495	0.815
FGF17	FGF18	9606.ENSP00000352414	9606.ENSP00000274625	0	0	0.057	0.941	0.060	0	0.400	0.093	0.453
FGF17	EGFR	9606.ENSP00000352414	9606.ENSP00000275493	0	0	0	0	0	0	0.650	0.787	0.922
FGF17	WNT3A	9606.ENSP00000352414	9606.ENSP00000284523	0	0	0	0	0	0.050	0	0.524	0.528
FGF17	KIT	9606.ENSP00000352414	9606.ENSP00000288135	0	0	0	0	0.067	0.168	0.650	0.521	0.852
FGF17	WNT1	9606.ENSP00000352414	9606.ENSP00000293549	0	0	0	0	0.056	0.050	0	0.436	0.450
FGF17	FGF19	9606.ENSP00000352414	9606.ENSP00000294312	0	0	0	0	0.042	0	0.400	0.798	0.873
FGF17	FOS	9606.ENSP00000352414	9606.ENSP00000306245	0	0	0	0	0.055	0	0	0.419	0.427
FGF17	FGF5	9606.ENSP00000352414	9606.ENSP00000311697	0	0	0	0	0	0	0.400	0.332	0.582
FGF17	FGF8	9606.ENSP00000352414	9606.ENSP00000321797	0	0	0.059	0.948	0.151	0	0.400	0.075	0.497
FGF17	GSK3B	9606.ENSP00000352414	9606.ENSP00000324806	0	0	0	0	0	0	0	0.453	0.453
FGF17	FGF3	9606.ENSP00000352414	9606.ENSP00000334122	0	0	0	0	0.121	0	0.400	0.505	0.716
FGF17	TNFSF11	9606.ENSP00000352414	9606.ENSP00000381775	0	0	0	0	0	0	0	0.447	0.447
FGF17	PTEN	9606.ENSP00000352414	9606.ENSP00000361021	0	0	0	0	0	0	0	0.448	0.448
FGF17	NOTCH1	9606.ENSP00000352414	9606.ENSP00000498587	0	0	0	0	0	0.042	0	0.453	0.453
FGF17	PIK3CB	9606.ENSP00000352414	9606.ENSP00000501150	0	0	0	0	0	0	0.400	0.126	0.453
FGF17	FGF16	9606.ENSP00000352414	9606.ENSP00000399324	0	0	0	0.654	0.066	0	0.400	0.128	0.469
FGF17	ESR1	9606.ENSP00000352414	9606.ENSP00000405330	0	0	0	0	0.044	0.054	0	0.463	0.472
FGF17	JUN	9606.ENSP00000352414	9606.ENSP00000360266	0	0	0	0	0	0	0	0.480	0.480
FGF17	MTOR	9606.ENSP00000352414	9606.ENSP00000354558	0	0	0	0	0	0	0	0.490	0.490
FGF17	PIK3R1	9606.ENSP00000352414	9606.ENSP00000428056	0	0	0	0	0	0	0.400	0.203	0.501
FGF17	MYC	9606.ENSP00000352414	9606.ENSP00000478887	0	0	0	0	0	0	0	0.507	0.507
FGF17	FGF9	9606.ENSP00000352414	9606.ENSP00000371790	0	0	0	0.656	0.072	0	0.400	0.237	0.538
FGF17	SOS1	9606.ENSP00000352414	9606.ENSP00000384675	0	0	0	0	0.060	0	0.400	0.281	0.559
FGF17	SHC1	9606.ENSP00000352414	9606.ENSP00000401303	0	0	0	0	0	0	0.400	0.299	0.561
FGF17	FGF21	9606.ENSP00000352414	9606.ENSP00000471477	0	0	0	0	0.048	0	0	0.595	0.598
FGF17	NRAS	9606.ENSP00000352414	9606.ENSP00000358548	0	0	0	0	0.074	0.045	0.500	0.244	0.621
FGF17	HRAS	9606.ENSP00000352414	9606.ENSP00000407586	0	0	0	0	0.074	0.045	0.500	0.285	0.642
FGF17	CTNNB1	9606.ENSP00000352414	9606.ENSP00000495360	0	0	0	0	0	0	0	0.650	0.650
FGF17	AKT1	9606.ENSP00000352414	9606.ENSP00000451828	0	0	0	0	0.043	0	0	0.661	0.662
FGF17	GRB2	9606.ENSP00000352414	9606.ENSP00000376345	0	0	0	0	0	0	0.400	0.592	0.745
FGF17	IGF1	9606.ENSP00000352414	9606.ENSP00000376637	0	0	0	0	0	0	0	0.787	0.787
FGF17	IGF1R	9606.ENSP00000352414	9606.ENSP00000497069	0	0	0	0	0	0	0.650	0.588	0.849
FGF17	FGF1	9606.ENSP00000352414	9606.ENSP00000480791	0	0	0	0	0.093	0	0.400	0.922	0.953
FGF17	FGFR1	9606.ENSP00000352414	9606.ENSP00000393312	0	0	0	0	0	0.168	0.900	0.997	0.999
FGF18	FGF4	9606.ENSP00000274625	9606.ENSP00000168712	0	0	0	0.680	0.042	0	0.400	0.171	0.482
FGF18	FGF20	9606.ENSP00000274625	9606.ENSP00000180166	0	0	0	0.660	0.050	0	0.400	0.277	0.551
FGF18	FGF22	9606.ENSP00000274625	9606.ENSP00000215530	0	0	0	0	0	0	0.400	0.300	0.562
FGF18	GADD45B	9606.ENSP00000274625	9606.ENSP00000215631	0	0	0	0	0.050	0	0	0.430	0.435
FGF18	MAPK1	9606.ENSP00000274625	9606.ENSP00000215832	0	0	0	0	0.045	0	0.400	0.337	0.587
FGF18	PIK3R2	9606.ENSP00000274625	9606.ENSP00000222254	0	0	0	0	0	0	0.400	0.177	0.485
FGF18	CCND1	9606.ENSP00000274625	9606.ENSP00000227507	0	0	0	0	0.061	0	0	0.482	0.493
FGF18	FGF6	9606.ENSP00000274625	9606.ENSP00000228837	0	0	0.131	0.659	0	0	0.400	0.178	0.534
FGF18	FGF23	9606.ENSP00000274625	9606.ENSP00000237837	0	0	0	0	0.056	0	0.400	0.845	0.904
FGF18	JAG1	9606.ENSP00000274625	9606.ENSP00000254958	0	0	0	0	0.087	0.042	0	0.454	0.481
FGF18	KRAS	9606.ENSP00000274625	9606.ENSP00000256078	0	0	0	0	0.046	0.045	0.500	0.445	0.713
FGF18	FLT4	9606.ENSP00000274625	9606.ENSP00000261937	0	0	0	0	0.055	0.168	0.650	0.710	0.909
FGF18	AXIN1	9606.ENSP00000274625	9606.ENSP00000262320	0	0	0	0	0.055	0.046	0	0.409	0.420
FGF18	MAPK3	9606.ENSP00000274625	9606.ENSP00000263025	0	0	0	0	0.045	0	0.400	0.592	0.746
FGF18	PIK3CA	9606.ENSP00000274625	9606.ENSP00000263967	0	0	0	0	0	0	0.400	0.290	0.555
FGF18	FGF2	9606.ENSP00000274625	9606.ENSP00000264498	0	0	0	0.631	0.042	0	0.400	0.527	0.704
FGF18	WNT5A	9606.ENSP00000274625	9606.ENSP00000264634	0	0	0	0	0	0.050	0	0.472	0.477
FGF18	FGF10	9606.ENSP00000274625	9606.ENSP00000264664	0	0	0	0.641	0	0	0.400	0.283	0.551
FGF18	LEF1	9606.ENSP00000274625	9606.ENSP00000265165	0	0	0	0	0	0	0	0.431	0.431
FGF18	EGF	9606.ENSP00000274625	9606.ENSP00000265171	0	0	0	0	0	0.053	0	0.988	0.988
FGF18	WNT2	9606.ENSP00000274625	9606.ENSP00000265441	0	0	0	0	0.082	0.050	0	0.386	0.418
FGF18	FGF7	9606.ENSP00000274625	9606.ENSP00000267843	0	0	0	0.706	0.045	0	0.400	0.253	0.535
FGF18	TP53	9606.ENSP00000274625	9606.ENSP00000269305	0	0	0	0	0	0	0	0.530	0.530
FGF18	ERBB2	9606.ENSP00000274625	9606.ENSP00000269571	0	0	0	0	0	0	0.650	0.551	0.836
FGF18	LRP5	9606.ENSP00000274625	9606.ENSP00000294304	0	0	0	0	0.042	0.073	0	0.383	0.404
FGF18	WNT7A	9606.ENSP00000274625	9606.ENSP00000285018	0	0	0	0	0.056	0.050	0	0.399	0.414
FGF18	WNT4	9606.ENSP00000274625	9606.ENSP00000290167	0	0	0	0	0.049	0.050	0	0.405	0.416
FGF18	FOS	9606.ENSP00000274625	9606.ENSP00000306245	0	0	0	0	0.055	0	0	0.418	0.426
FGF18	MAP2K1	9606.ENSP00000274625	9606.ENSP00000302486	0	0	0	0	0	0	0	0.427	0.427
FGF18	BRAF	9606.ENSP00000274625	9606.ENSP00000419060	0	0	0	0	0	0.045	0	0.449	0.451
FGF18	FGF17	9606.ENSP00000274625	9606.ENSP00000352414	0	0	0.057	0.941	0.060	0	0.400	0.093	0.453
FGF18	AXIN2	9606.ENSP00000274625	9606.ENSP00000302625	0	0	0	0	0.057	0.046	0	0.443	0.455
FGF18	PIK3CB	9606.ENSP00000274625	9606.ENSP00000501150	0	0	0	0	0	0	0.400	0.136	0.459
FGF18	PTEN	9606.ENSP00000274625	9606.ENSP00000361021	0	0	0	0	0	0	0	0.461	0.461
FGF18	WNT1	9606.ENSP00000274625	9606.ENSP00000293549	0	0	0	0	0	0.050	0	0.456	0.461
FGF18	GSK3B	9606.ENSP00000274625	9606.ENSP00000324806	0	0	0	0	0	0	0	0.461	0.461
FGF18	NOTCH1	9606.ENSP00000274625	9606.ENSP00000498587	0	0	0	0	0.053	0.042	0	0.456	0.463
FGF18	TNFSF11	9606.ENSP00000274625	9606.ENSP00000381775	0	0	0	0	0.042	0	0	0.474	0.474
FGF18	ESR1	9606.ENSP00000274625	9606.ENSP00000405330	0	0	0	0	0.044	0.054	0	0.470	0.478
FGF18	FGF8	9606.ENSP00000274625	9606.ENSP00000321797	0	0	0.064	0.940	0.121	0	0.400	0.069	0.479
FGF18	MTOR	9606.ENSP00000274625	9606.ENSP00000354558	0	0	0	0	0	0	0	0.491	0.491
FGF18	PIK3R1	9606.ENSP00000274625	9606.ENSP00000428056	0	0	0	0	0	0	0.400	0.202	0.500
FGF18	JUN	9606.ENSP00000274625	9606.ENSP00000360266	0	0	0	0	0	0	0	0.505	0.505
FGF18	MYC	9606.ENSP00000274625	9606.ENSP00000478887	0	0	0	0	0	0	0	0.533	0.533
FGF18	FGF16	9606.ENSP00000274625	9606.ENSP00000399324	0	0	0	0.655	0.043	0	0.400	0.273	0.546
FGF18	WNT3A	9606.ENSP00000274625	9606.ENSP00000284523	0	0	0	0	0	0.050	0	0.544	0.548
FGF18	SOS1	9606.ENSP00000274625	9606.ENSP00000384675	0	0	0	0	0	0	0.400	0.308	0.567
FGF18	FGF3	9606.ENSP00000274625	9606.ENSP00000334122	0	0	0	0.625	0.048	0	0.400	0.335	0.587
FGF18	FGF9	9606.ENSP00000274625	9606.ENSP00000371790	0	0	0	0.669	0.072	0	0.400	0.322	0.589
FGF18	SHC1	9606.ENSP00000274625	9606.ENSP00000401303	0	0	0	0	0	0	0.400	0.343	0.589
FGF18	FGF21	9606.ENSP00000274625	9606.ENSP00000471477	0	0	0	0	0	0	0	0.593	0.593
FGF18	FGF5	9606.ENSP00000274625	9606.ENSP00000311697	0	0	0	0.620	0	0	0.400	0.354	0.596
FGF18	NRAS	9606.ENSP00000274625	9606.ENSP00000358548	0	0	0	0	0.046	0.045	0.500	0.315	0.646
FGF18	HRAS	9606.ENSP00000274625	9606.ENSP00000407586	0	0	0	0	0.046	0.045	0.500	0.347	0.662
FGF18	AKT1	9606.ENSP00000274625	9606.ENSP00000451828	0	0	0	0	0	0	0	0.663	0.663
FGF18	CTNNB1	9606.ENSP00000274625	9606.ENSP00000495360	0	0	0	0	0	0	0	0.686	0.686
FGF18	FGF1	9606.ENSP00000274625	9606.ENSP00000480791	0	0	0	0.732	0.056	0	0.400	0.560	0.729
FGF18	FGF19	9606.ENSP00000274625	9606.ENSP00000294312	0	0	0	0	0.049	0	0.400	0.594	0.748
FGF18	GRB2	9606.ENSP00000274625	9606.ENSP00000376345	0	0	0	0	0	0	0.400	0.656	0.784
FGF18	IGF1	9606.ENSP00000274625	9606.ENSP00000376637	0	0	0	0	0.054	0	0	0.794	0.797
FGF18	KIT	9606.ENSP00000274625	9606.ENSP00000288135	0	0	0	0	0	0.168	0.650	0.521	0.848
FGF18	IGF1R	9606.ENSP00000274625	9606.ENSP00000497069	0	0	0	0	0	0	0.650	0.586	0.848
FGF18	EGFR	9606.ENSP00000274625	9606.ENSP00000275493	0	0	0	0	0	0	0.650	0.811	0.931
FGF18	FGFR1	9606.ENSP00000274625	9606.ENSP00000393312	0	0	0	0	0	0.168	0.900	0.995	0.999
FGF19	FGF4	9606.ENSP00000294312	9606.ENSP00000168712	0	0	0	0.657	0.105	0	0.400	0.739	0.848
FGF19	FGF20	9606.ENSP00000294312	9606.ENSP00000180166	0	0	0	0	0.120	0	0.400	0.578	0.758
FGF19	FGF22	9606.ENSP00000294312	9606.ENSP00000215530	0	0	0	0.692	0.049	0	0.400	0.281	0.554
FGF19	MAPK1	9606.ENSP00000294312	9606.ENSP00000215832	0	0	0	0	0.055	0	0.400	0.135	0.467
FGF19	PIK3R2	9606.ENSP00000294312	9606.ENSP00000222254	0	0	0	0	0	0	0.400	0	0.400
FGF19	CCND1	9606.ENSP00000294312	9606.ENSP00000227507	0	0	0	0	0.077	0	0	0.671	0.683
FGF19	FGF6	9606.ENSP00000294312	9606.ENSP00000228837	0	0	0	0.634	0.085	0	0.400	0.376	0.628
FGF19	FGF23	9606.ENSP00000294312	9606.ENSP00000237837	0	0	0	0.694	0	0	0.400	0.523	0.701
FGF19	KRAS	9606.ENSP00000294312	9606.ENSP00000256078	0	0	0	0	0.046	0.045	0.500	0.315	0.646
FGF19	FLT4	9606.ENSP00000294312	9606.ENSP00000261937	0	0	0	0	0	0.168	0.650	0.282	0.772
FGF19	AXIN1	9606.ENSP00000294312	9606.ENSP00000262320	0	0	0	0	0.055	0.046	0	0.401	0.412
FGF19	MAPK3	9606.ENSP00000294312	9606.ENSP00000263025	0	0	0	0	0.055	0	0.400	0.343	0.595
FGF19	PIK3CA	9606.ENSP00000294312	9606.ENSP00000263967	0	0	0	0	0	0	0.400	0.398	0.623
FGF19	FGF2	9606.ENSP00000294312	9606.ENSP00000264498	0	0	0	0.637	0.055	0	0.400	0.289	0.562
FGF19	FGF10	9606.ENSP00000294312	9606.ENSP00000264664	0	0	0	0.667	0.049	0	0.400	0.330	0.584
FGF19	EGF	9606.ENSP00000294312	9606.ENSP00000265171	0	0	0	0	0	0.053	0	0.718	0.721
FGF19	FGF7	9606.ENSP00000294312	9606.ENSP00000267843	0	0	0	0.660	0.049	0	0.400	0.271	0.548
FGF19	TP53	9606.ENSP00000294312	9606.ENSP00000269305	0	0	0	0	0	0	0	0.424	0.424
FGF19	ERBB2	9606.ENSP00000294312	9606.ENSP00000269571	0	0	0	0	0	0	0.650	0.365	0.768
FGF19	FGF18	9606.ENSP00000294312	9606.ENSP00000274625	0	0	0	0	0.049	0	0.400	0.594	0.748
FGF19	EGFR	9606.ENSP00000294312	9606.ENSP00000275493	0	0	0	0	0	0	0.650	0.438	0.795
FGF19	KIT	9606.ENSP00000294312	9606.ENSP00000288135	0	0	0	0	0	0.168	0.650	0.269	0.768
FGF19	SHC1	9606.ENSP00000294312	9606.ENSP00000401303	0	0	0	0	0	0	0.400	0.091	0.431
FGF19	ESR1	9606.ENSP00000294312	9606.ENSP00000405330	0	0	0	0	0.075	0.054	0	0.402	0.431
FGF19	PIK3CB	9606.ENSP00000294312	9606.ENSP00000501150	0	0	0	0	0	0	0.400	0.095	0.433
FGF19	FGF21	9606.ENSP00000294312	9606.ENSP00000471477	0	0	0	0.779	0.044	0	0	0.442	0.443
FGF19	AKT1	9606.ENSP00000294312	9606.ENSP00000451828	0	0	0	0	0	0	0	0.450	0.450
FGF19	SOS1	9606.ENSP00000294312	9606.ENSP00000384675	0	0	0	0	0	0	0.400	0.132	0.457
FGF19	PIK3R1	9606.ENSP00000294312	9606.ENSP00000428056	0	0	0	0	0	0	0.400	0.158	0.473
FGF19	IGF1	9606.ENSP00000294312	9606.ENSP00000376637	0	0	0	0	0	0	0	0.489	0.489
FGF19	FGF5	9606.ENSP00000294312	9606.ENSP00000311697	0	0	0	0.639	0	0	0.400	0.236	0.522
FGF19	MTOR	9606.ENSP00000294312	9606.ENSP00000354558	0	0	0	0	0	0	0	0.525	0.525
FGF19	GRB2	9606.ENSP00000294312	9606.ENSP00000376345	0	0	0	0	0	0	0.400	0.256	0.534
FGF19	HRAS	9606.ENSP00000294312	9606.ENSP00000407586	0	0	0	0	0.046	0.045	0.500	0.177	0.575
FGF19	NRAS	9606.ENSP00000294312	9606.ENSP00000358548	0	0	0	0	0.046	0.045	0.500	0.193	0.583
FGF19	FGF1	9606.ENSP00000294312	9606.ENSP00000480791	0	0	0	0.692	0.057	0	0.400	0.335	0.591
FGF19	CTNNB1	9606.ENSP00000294312	9606.ENSP00000495360	0	0	0	0	0	0	0	0.644	0.644
FGF19	FGF3	9606.ENSP00000294312	9606.ENSP00000334122	0	0	0	0.642	0.168	0	0.400	0.355	0.650
FGF19	IGF1R	9606.ENSP00000294312	9606.ENSP00000497069	0	0	0	0	0	0	0.650	0.229	0.718
FGF19	FGF16	9606.ENSP00000294312	9606.ENSP00000399324	0	0	0	0	0.068	0	0.400	0.578	0.744
FGF19	FGF9	9606.ENSP00000294312	9606.ENSP00000371790	0	0	0	0	0.068	0	0.400	0.585	0.748
FGF19	FGF8	9606.ENSP00000294312	9606.ENSP00000321797	0	0	0	0	0.050	0	0.400	0.759	0.851
FGF19	FGF17	9606.ENSP00000294312	9606.ENSP00000352414	0	0	0	0	0.042	0	0.400	0.798	0.873
FGF19	FGFR1	9606.ENSP00000294312	9606.ENSP00000393312	0	0	0	0	0	0.337	0.900	0.884	0.991
FGF2	FGF4	9606.ENSP00000264498	9606.ENSP00000168712	0	0	0.075	0.784	0.063	0	0.400	0.232	0.547
FGF2	FGF20	9606.ENSP00000264498	9606.ENSP00000180166	0	0	0	0.729	0	0.098	0.400	0.277	0.574
FGF2	FGF22	9606.ENSP00000264498	9606.ENSP00000215530	0	0	0.087	0.754	0.068	0	0.400	0.360	0.629
FGF2	MAPK1	9606.ENSP00000264498	9606.ENSP00000215832	0	0	0	0	0.054	0	0.400	0.644	0.780
FGF2	PIK3R2	9606.ENSP00000264498	9606.ENSP00000222254	0	0	0	0	0	0	0.400	0.430	0.643
FGF2	WNT3	9606.ENSP00000264498	9606.ENSP00000225512	0	0	0	0	0	0.050	0	0.407	0.413
FGF2	RPS6KB1	9606.ENSP00000264498	9606.ENSP00000225577	0	0	0	0	0	0	0	0.420	0.420
FGF2	CCND1	9606.ENSP00000264498	9606.ENSP00000227507	0	0	0	0	0.099	0	0	0.629	0.651
FGF2	FGF6	9606.ENSP00000264498	9606.ENSP00000228837	0	0	0.082	0.783	0.067	0	0.400	0.269	0.574
FGF2	FGF23	9606.ENSP00000264498	9606.ENSP00000237837	0	0	0	0.597	0.067	0	0.400	0.297	0.572
FGF2	DLL4	9606.ENSP00000264498	9606.ENSP00000249749	0	0	0	0	0.054	0.042	0	0.637	0.642
FGF2	JAG1	9606.ENSP00000264498	9606.ENSP00000254958	0	0	0	0	0.060	0.042	0	0.525	0.536
FGF2	KRAS	9606.ENSP00000264498	9606.ENSP00000256078	0	0	0	0	0.055	0.045	0.500	0.648	0.820
FGF2	CDK4	9606.ENSP00000264498	9606.ENSP00000257904	0	0	0	0	0	0.052	0	0.448	0.455
FGF2	FLT4	9606.ENSP00000264498	9606.ENSP00000261937	0	0	0	0	0.055	0.168	0.650	0.814	0.942
FGF2	MAPK3	9606.ENSP00000264498	9606.ENSP00000263025	0	0	0	0	0.054	0	0.400	0.819	0.888
FGF2	NOTCH3	9606.ENSP00000264498	9606.ENSP00000263388	0	0	0	0	0.079	0.042	0	0.380	0.406
FGF2	PIK3CA	9606.ENSP00000264498	9606.ENSP00000263967	0	0	0	0	0	0	0.400	0.543	0.714
FGF2	HEY1	9606.ENSP00000264498	9606.ENSP00000338272	0	0	0	0	0.055	0	0	0.394	0.403
FGF2	WNT7A	9606.ENSP00000264498	9606.ENSP00000285018	0	0	0	0	0	0.050	0	0.401	0.407
FGF2	PGR	9606.ENSP00000264498	9606.ENSP00000325120	0	0	0	0	0.057	0.054	0	0.391	0.410
FGF2	LEF1	9606.ENSP00000264498	9606.ENSP00000265165	0	0	0	0	0	0	0	0.416	0.416
FGF2	WNT2	9606.ENSP00000264498	9606.ENSP00000265441	0	0	0	0	0.044	0.050	0	0.422	0.429
FGF2	FGF21	9606.ENSP00000264498	9606.ENSP00000471477	0	0	0	0.626	0	0	0	0.439	0.439
FGF2	HES5	9606.ENSP00000264498	9606.ENSP00000367714	0	0	0	0	0.055	0	0	0.433	0.441
FGF2	CDKN1A	9606.ENSP00000264498	9606.ENSP00000384849	0	0	0	0	0.042	0	0	0.446	0.446
FGF2	TNFSF11	9606.ENSP00000264498	9606.ENSP00000381775	0	0	0	0	0	0	0	0.479	0.479
FGF2	WNT1	9606.ENSP00000264498	9606.ENSP00000293549	0	0	0	0	0	0.050	0	0.475	0.480
FGF2	PIK3CB	9606.ENSP00000264498	9606.ENSP00000501150	0	0	0	0	0	0	0.400	0.191	0.494
FGF2	MTOR	9606.ENSP00000264498	9606.ENSP00000354558	0	0	0	0	0	0	0	0.518	0.518
FGF2	ESR1	9606.ENSP00000264498	9606.ENSP00000405330	0	0	0	0	0.044	0.054	0	0.514	0.522
FGF2	MAP2K1	9606.ENSP00000264498	9606.ENSP00000302486	0	0	0	0	0	0	0	0.523	0.523
FGF2	PIK3R1	9606.ENSP00000264498	9606.ENSP00000428056	0	0	0	0	0	0	0.400	0.250	0.530
FGF2	WNT5A	9606.ENSP00000264498	9606.ENSP00000264634	0	0	0	0	0.086	0.050	0	0.506	0.533
FGF2	FGF3	9606.ENSP00000264498	9606.ENSP00000334122	0	0	0	0.728	0	0	0.400	0.284	0.552
FGF2	NOTCH1	9606.ENSP00000264498	9606.ENSP00000498587	0	0	0	0	0	0.042	0	0.560	0.560
FGF2	FGF19	9606.ENSP00000264498	9606.ENSP00000294312	0	0	0	0.637	0.055	0	0.400	0.289	0.562
FGF2	SOS1	9606.ENSP00000264498	9606.ENSP00000384675	0	0	0	0	0.048	0	0.400	0.299	0.565
FGF2	WNT4	9606.ENSP00000264498	9606.ENSP00000290167	0	0	0	0	0	0.050	0	0.567	0.571
FGF2	AKT3	9606.ENSP00000264498	9606.ENSP00000500582	0	0	0	0	0.083	0	0	0.551	0.571
FGF2	FGF16	9606.ENSP00000264498	9606.ENSP00000399324	0	0	0	0.728	0	0.098	0.400	0.278	0.575
FGF2	FGF9	9606.ENSP00000264498	9606.ENSP00000371790	0	0	0	0.735	0	0.098	0.400	0.283	0.578
FGF2	FGF5	9606.ENSP00000264498	9606.ENSP00000311697	0	0	0.093	0.707	0.050	0	0.400	0.286	0.581
FGF2	JUN	9606.ENSP00000264498	9606.ENSP00000360266	0	0	0	0	0	0	0	0.589	0.589
FGF2	PTEN	9606.ENSP00000264498	9606.ENSP00000361021	0	0	0	0	0	0	0	0.593	0.593
FGF2	GSK3B	9606.ENSP00000264498	9606.ENSP00000324806	0	0	0	0	0	0	0	0.601	0.601
FGF2	AXIN2	9606.ENSP00000264498	9606.ENSP00000302625	0	0	0	0	0.055	0.046	0	0.603	0.611
FGF2	SHC1	9606.ENSP00000264498	9606.ENSP00000401303	0	0	0	0	0.049	0	0.400	0.375	0.612
FGF2	FGF10	9606.ENSP00000264498	9606.ENSP00000264664	0	0	0	0.716	0.071	0	0.400	0.388	0.629
FGF2	FGF8	9606.ENSP00000264498	9606.ENSP00000321797	0	0	0	0.644	0.074	0	0.400	0.388	0.630
FGF2	BRAF	9606.ENSP00000264498	9606.ENSP00000419060	0	0	0	0	0	0.045	0	0.630	0.631
FGF2	NRAS	9606.ENSP00000264498	9606.ENSP00000358548	0	0	0	0	0.055	0.045	0.500	0.338	0.661
FGF2	GRB2	9606.ENSP00000264498	9606.ENSP00000376345	0	0	0	0	0	0	0.400	0.462	0.663
FGF2	FOS	9606.ENSP00000264498	9606.ENSP00000306245	0	0	0	0	0.087	0	0	0.665	0.681
FGF2	HRAS	9606.ENSP00000264498	9606.ENSP00000407586	0	0	0	0	0.055	0.045	0.500	0.388	0.686
FGF2	FGF18	9606.ENSP00000264498	9606.ENSP00000274625	0	0	0	0.631	0.042	0	0.400	0.527	0.704
FGF2	MYC	9606.ENSP00000264498	9606.ENSP00000478887	0	0	0	0	0.042	0	0	0.708	0.708
FGF2	CTNNB1	9606.ENSP00000264498	9606.ENSP00000495360	0	0	0	0	0	0	0	0.718	0.718
FGF2	TP53	9606.ENSP00000264498	9606.ENSP00000269305	0	0	0	0	0	0	0	0.754	0.754
FGF2	WNT3A	9606.ENSP00000264498	9606.ENSP00000284523	0	0	0	0	0	0.050	0	0.778	0.780
FGF2	FGF7	9606.ENSP00000264498	9606.ENSP00000267843	0	0	0	0.736	0.121	0	0.400	0.673	0.812
FGF2	ERBB2	9606.ENSP00000264498	9606.ENSP00000269571	0	0	0	0	0.055	0	0.650	0.604	0.857
FGF2	IGF1	9606.ENSP00000264498	9606.ENSP00000376637	0	0	0	0	0.043	0	0	0.882	0.882
FGF2	KIT	9606.ENSP00000264498	9606.ENSP00000288135	0	0	0	0	0.042	0.168	0.650	0.637	0.885
FGF2	IGF1R	9606.ENSP00000264498	9606.ENSP00000497069	0	0	0	0	0	0	0.650	0.726	0.900
FGF2	AKT1	9606.ENSP00000264498	9606.ENSP00000451828	0	0	0	0	0	0	0.500	0.859	0.926
FGF2	FGF17	9606.ENSP00000264498	9606.ENSP00000352414	0	0	0	0	0.052	0	0.400	0.924	0.953
FGF2	EGFR	9606.ENSP00000264498	9606.ENSP00000275493	0	0	0	0	0.099	0	0.650	0.877	0.957
FGF2	FGF1	9606.ENSP00000264498	9606.ENSP00000480791	0	0	0.061	0.935	0.076	0.110	0.400	0.931	0.962
FGF2	EGF	9606.ENSP00000264498	9606.ENSP00000265171	0	0	0	0	0	0.053	0	0.968	0.969
FGF2	FGFR1	9606.ENSP00000264498	9606.ENSP00000393312	0	0	0	0	0.110	0.995	0.900	0.998	0.999
FGF20	FGF4	9606.ENSP00000180166	9606.ENSP00000168712	0	0	0.124	0.797	0.086	0	0.400	0.115	0.518
FGF20	FGF5	9606.ENSP00000180166	9606.ENSP00000311697	0	0	0	0.833	0.042	0	0.400	0.061	0.413
FGF20	GADD45B	9606.ENSP00000180166	9606.ENSP00000215631	0	0	0	0	0	0	0	0.415	0.414
FGF20	FGF16	9606.ENSP00000180166	9606.ENSP00000399324	0	0	0.058	0.963	0	0	0.400	0.049	0.416
FGF20	WNT4	9606.ENSP00000180166	9606.ENSP00000290167	0	0	0	0	0.046	0.050	0	0.420	0.428
FGF20	AXIN1	9606.ENSP00000180166	9606.ENSP00000262320	0	0	0	0	0.055	0.046	0	0.416	0.428
FGF20	AXIN2	9606.ENSP00000180166	9606.ENSP00000302625	0	0	0	0	0.062	0.046	0	0.419	0.435
FGF20	FOS	9606.ENSP00000180166	9606.ENSP00000306245	0	0	0	0	0.087	0	0	0.416	0.444
FGF20	LEF1	9606.ENSP00000180166	9606.ENSP00000265165	0	0	0	0	0.044	0	0	0.449	0.451
FGF20	TNFSF11	9606.ENSP00000180166	9606.ENSP00000381775	0	0	0	0	0.053	0	0	0.448	0.454
FGF20	NOTCH1	9606.ENSP00000180166	9606.ENSP00000498587	0	0	0	0	0	0.042	0	0.453	0.454
FGF20	WNT1	9606.ENSP00000180166	9606.ENSP00000293549	0	0	0	0	0.046	0.050	0	0.455	0.463
FGF20	PIK3CB	9606.ENSP00000180166	9606.ENSP00000501150	0	0	0	0	0	0	0.400	0.144	0.464
FGF20	WNT5A	9606.ENSP00000180166	9606.ENSP00000264634	0	0	0	0	0.046	0.050	0	0.456	0.464
FGF20	ESR1	9606.ENSP00000180166	9606.ENSP00000405330	0	0	0	0	0.044	0.054	0	0.461	0.470
FGF20	JAG1	9606.ENSP00000180166	9606.ENSP00000254958	0	0	0	0	0.054	0.042	0	0.466	0.474
FGF20	PIK3R2	9606.ENSP00000180166	9606.ENSP00000222254	0	0	0	0	0	0	0.400	0.161	0.475
FGF20	FGF17	9606.ENSP00000180166	9606.ENSP00000352414	0	0	0	0.656	0.077	0	0.400	0.128	0.475
FGF20	PTEN	9606.ENSP00000180166	9606.ENSP00000361021	0	0	0	0	0	0	0	0.475	0.475
FGF20	JUN	9606.ENSP00000180166	9606.ENSP00000360266	0	0	0	0	0	0	0	0.485	0.485
FGF20	CCND1	9606.ENSP00000180166	9606.ENSP00000227507	0	0	0	0	0.067	0	0	0.474	0.488
FGF20	MTOR	9606.ENSP00000180166	9606.ENSP00000354558	0	0	0	0	0	0	0	0.491	0.491
FGF20	FGF22	9606.ENSP00000180166	9606.ENSP00000215530	0	0	0.085	0.872	0.101	0	0.400	0.091	0.492
FGF20	PIK3R1	9606.ENSP00000180166	9606.ENSP00000428056	0	0	0	0	0	0	0.400	0.194	0.495
FGF20	FGF7	9606.ENSP00000180166	9606.ENSP00000267843	0	0	0.093	0.837	0.082	0	0.400	0.108	0.495
FGF20	FGF10	9606.ENSP00000180166	9606.ENSP00000264664	0	0	0.073	0.834	0.105	0	0.400	0.114	0.500
FGF20	GSK3B	9606.ENSP00000180166	9606.ENSP00000324806	0	0	0	0	0	0	0	0.502	0.502
FGF20	FGF6	9606.ENSP00000180166	9606.ENSP00000228837	0	0	0.130	0.796	0.086	0	0.400	0.095	0.510
FGF20	FGF3	9606.ENSP00000180166	9606.ENSP00000334122	0	0	0.097	0.830	0.092	0	0.400	0.123	0.511
FGF20	FGF8	9606.ENSP00000180166	9606.ENSP00000321797	0	0	0	0.693	0.102	0	0.400	0.172	0.515
FGF20	MYC	9606.ENSP00000180166	9606.ENSP00000478887	0	0	0	0	0	0	0	0.516	0.516
FGF20	TP53	9606.ENSP00000180166	9606.ENSP00000269305	0	0	0	0	0	0	0	0.526	0.526
FGF20	WNT3A	9606.ENSP00000180166	9606.ENSP00000284523	0	0	0	0	0.060	0.050	0	0.537	0.550
FGF20	FGF18	9606.ENSP00000180166	9606.ENSP00000274625	0	0	0	0.660	0.050	0	0.400	0.277	0.551
FGF20	PIK3CA	9606.ENSP00000180166	9606.ENSP00000263967	0	0	0	0	0	0	0.400	0.292	0.557
FGF20	SOS1	9606.ENSP00000180166	9606.ENSP00000384675	0	0	0	0	0.048	0	0.400	0.303	0.567
FGF20	FGF2	9606.ENSP00000180166	9606.ENSP00000264498	0	0	0	0.729	0	0.098	0.400	0.277	0.574
FGF20	MAPK1	9606.ENSP00000180166	9606.ENSP00000215832	0	0	0	0	0.054	0	0.400	0.312	0.575
FGF20	SHC1	9606.ENSP00000180166	9606.ENSP00000401303	0	0	0	0	0.049	0	0.400	0.323	0.580
FGF20	NRAS	9606.ENSP00000180166	9606.ENSP00000358548	0	0	0	0	0.055	0.045	0.500	0.250	0.616
FGF20	HRAS	9606.ENSP00000180166	9606.ENSP00000407586	0	0	0	0	0.055	0.045	0.500	0.283	0.633
FGF20	FGF1	9606.ENSP00000180166	9606.ENSP00000480791	0	0	0.101	0.840	0.080	0	0.400	0.415	0.671
FGF20	CTNNB1	9606.ENSP00000180166	9606.ENSP00000495360	0	0	0	0	0	0	0	0.684	0.684
FGF20	AKT1	9606.ENSP00000180166	9606.ENSP00000451828	0	0	0	0	0	0	0	0.686	0.686
FGF20	KRAS	9606.ENSP00000180166	9606.ENSP00000256078	0	0	0	0	0.055	0.045	0.500	0.391	0.688
FGF20	MAPK3	9606.ENSP00000180166	9606.ENSP00000263025	0	0	0	0	0.054	0	0.400	0.553	0.724
FGF20	FGF19	9606.ENSP00000180166	9606.ENSP00000294312	0	0	0	0	0.120	0	0.400	0.578	0.758
FGF20	FGF23	9606.ENSP00000180166	9606.ENSP00000237837	0	0	0	0.621	0.092	0	0.400	0.609	0.768
FGF20	GRB2	9606.ENSP00000180166	9606.ENSP00000376345	0	0	0	0	0	0	0.400	0.633	0.770
FGF20	IGF1	9606.ENSP00000180166	9606.ENSP00000376637	0	0	0	0	0	0	0	0.770	0.770
FGF20	FGF9	9606.ENSP00000180166	9606.ENSP00000371790	0	0	0.055	0.969	0.056	0.491	0.400	0.362	0.794
FGF20	ERBB2	9606.ENSP00000180166	9606.ENSP00000269571	0	0	0	0	0.062	0	0.650	0.519	0.828
FGF20	KIT	9606.ENSP00000180166	9606.ENSP00000288135	0	0	0	0	0.051	0.168	0.650	0.521	0.850
FGF20	IGF1R	9606.ENSP00000180166	9606.ENSP00000497069	0	0	0	0	0	0	0.650	0.602	0.855
FGF20	FLT4	9606.ENSP00000180166	9606.ENSP00000261937	0	0	0	0	0.060	0.168	0.650	0.710	0.910
FGF20	EGFR	9606.ENSP00000180166	9606.ENSP00000275493	0	0	0	0	0.062	0	0.650	0.796	0.927
FGF20	EGF	9606.ENSP00000180166	9606.ENSP00000265171	0	0	0	0	0	0.053	0	0.988	0.988
FGF20	FGFR1	9606.ENSP00000180166	9606.ENSP00000393312	0	0	0	0	0	0.418	0.900	0.995	0.999
FGF21	MAPK1	9606.ENSP00000471477	9606.ENSP00000215832	0	0	0	0	0.045	0	0	0.439	0.441
FGF21	FGF23	9606.ENSP00000471477	9606.ENSP00000237837	0	0	0	0.736	0.067	0	0	0.461	0.476
FGF21	FLT4	9606.ENSP00000471477	9606.ENSP00000261937	0	0	0	0	0.056	0.168	0.650	0.229	0.759
FGF21	MAPK3	9606.ENSP00000471477	9606.ENSP00000263025	0	0	0	0	0.045	0	0	0.600	0.602
FGF21	FGF2	9606.ENSP00000471477	9606.ENSP00000264498	0	0	0	0.626	0	0	0	0.439	0.439
FGF21	EGF	9606.ENSP00000471477	9606.ENSP00000265171	0	0	0	0	0	0.053	0	0.460	0.467
FGF21	ERBB2	9606.ENSP00000471477	9606.ENSP00000269571	0	0	0	0	0	0	0.650	0.160	0.693
FGF21	FGF18	9606.ENSP00000471477	9606.ENSP00000274625	0	0	0	0	0	0	0	0.593	0.593
FGF21	EGFR	9606.ENSP00000471477	9606.ENSP00000275493	0	0	0	0	0	0	0.650	0.280	0.737
FGF21	KIT	9606.ENSP00000471477	9606.ENSP00000288135	0	0	0	0	0	0.168	0.650	0.204	0.748
FGF21	FGF19	9606.ENSP00000471477	9606.ENSP00000294312	0	0	0	0.779	0.044	0	0	0.442	0.443
FGF21	FGF8	9606.ENSP00000471477	9606.ENSP00000321797	0	0	0	0	0.054	0	0	0.593	0.598
FGF21	FGF17	9606.ENSP00000471477	9606.ENSP00000352414	0	0	0	0	0.048	0	0	0.595	0.598
FGF21	MTOR	9606.ENSP00000471477	9606.ENSP00000354558	0	0	0	0	0	0	0	0.469	0.469
FGF21	IGF1	9606.ENSP00000471477	9606.ENSP00000376637	0	0	0	0	0	0	0	0.690	0.690
FGF21	FGFR1	9606.ENSP00000471477	9606.ENSP00000393312	0	0	0	0	0	0.168	0.900	0.985	0.998
FGF21	ESR1	9606.ENSP00000471477	9606.ENSP00000405330	0	0	0	0	0.046	0.054	0	0.422	0.434
FGF21	AKT1	9606.ENSP00000471477	9606.ENSP00000451828	0	0	0	0	0.044	0	0	0.566	0.568
FGF21	IGF1R	9606.ENSP00000471477	9606.ENSP00000497069	0	0	0	0	0	0	0.650	0.377	0.772
FGF22	FGF4	9606.ENSP00000215530	9606.ENSP00000168712	0	0	0.111	0.813	0.061	0	0.400	0.139	0.511
FGF22	FGF20	9606.ENSP00000215530	9606.ENSP00000180166	0	0	0.085	0.872	0.101	0	0.400	0.091	0.492
FGF22	ESR2	9606.ENSP00000215530	9606.ENSP00000343925	0	0	0	0	0.062	0.054	0	0.379	0.402
FGF22	WNT2	9606.ENSP00000215530	9606.ENSP00000265441	0	0	0	0	0.055	0.050	0	0.403	0.417
FGF22	GADD45B	9606.ENSP00000215530	9606.ENSP00000215631	0	0	0	0	0	0	0	0.421	0.420
FGF22	LEF1	9606.ENSP00000215530	9606.ENSP00000265165	0	0	0	0	0	0	0	0.421	0.421
FGF22	FGF10	9606.ENSP00000215530	9606.ENSP00000264664	0	0	0.052	0.940	0.042	0	0.400	0.072	0.427
FGF22	JAG1	9606.ENSP00000215530	9606.ENSP00000254958	0	0	0	0	0.056	0.042	0	0.431	0.441
FGF22	WNT5A	9606.ENSP00000215530	9606.ENSP00000264634	0	0	0	0	0.055	0.050	0	0.429	0.443
FGF22	FGF5	9606.ENSP00000215530	9606.ENSP00000311697	0	0	0	0.806	0.048	0	0.400	0.110	0.447
FGF22	TNFSF11	9606.ENSP00000215530	9606.ENSP00000381775	0	0	0	0	0	0	0	0.448	0.448
FGF22	FOS	9606.ENSP00000215530	9606.ENSP00000306245	0	0	0	0	0.105	0	0	0.412	0.451
FGF22	PIK3CB	9606.ENSP00000215530	9606.ENSP00000501150	0	0	0	0	0	0	0.400	0.133	0.457
FGF22	NOTCH1	9606.ENSP00000215530	9606.ENSP00000498587	0	0	0	0	0	0.042	0	0.459	0.460
FGF22	FGF7	9606.ENSP00000215530	9606.ENSP00000267843	0	0	0.055	0.911	0.083	0	0.400	0.087	0.462
FGF22	CCND1	9606.ENSP00000215530	9606.ENSP00000227507	0	0	0	0	0.070	0	0	0.449	0.466
FGF22	PTEN	9606.ENSP00000215530	9606.ENSP00000361021	0	0	0	0	0	0	0	0.470	0.470
FGF22	GSK3B	9606.ENSP00000215530	9606.ENSP00000324806	0	0	0	0	0	0	0	0.471	0.471
FGF22	PIK3R2	9606.ENSP00000215530	9606.ENSP00000222254	0	0	0	0	0	0	0.400	0.161	0.475
FGF22	ESR1	9606.ENSP00000215530	9606.ENSP00000405330	0	0	0	0	0.055	0.054	0	0.461	0.477
FGF22	FGF9	9606.ENSP00000215530	9606.ENSP00000371790	0	0	0.066	0.875	0.099	0	0.400	0.090	0.479
FGF22	WNT1	9606.ENSP00000215530	9606.ENSP00000293549	0	0	0	0	0.081	0.050	0	0.455	0.483
FGF22	JUN	9606.ENSP00000215530	9606.ENSP00000360266	0	0	0	0	0	0	0	0.486	0.486
FGF22	MTOR	9606.ENSP00000215530	9606.ENSP00000354558	0	0	0	0	0	0	0	0.491	0.491
FGF22	PIK3R1	9606.ENSP00000215530	9606.ENSP00000428056	0	0	0	0	0	0	0.400	0.192	0.494
FGF22	FGF16	9606.ENSP00000215530	9606.ENSP00000399324	0	0	0.084	0.872	0.124	0	0.400	0.090	0.503
FGF22	FGF17	9606.ENSP00000215530	9606.ENSP00000352414	0	0	0	0.656	0.072	0	0.400	0.204	0.518
FGF22	MYC	9606.ENSP00000215530	9606.ENSP00000478887	0	0	0	0	0	0	0	0.522	0.522
FGF22	TP53	9606.ENSP00000215530	9606.ENSP00000269305	0	0	0	0	0	0	0	0.523	0.523
FGF22	FGF6	9606.ENSP00000215530	9606.ENSP00000228837	0	0	0.111	0.766	0.114	0	0.400	0.114	0.526
FGF22	WNT3A	9606.ENSP00000215530	9606.ENSP00000284523	0	0	0	0	0.055	0.050	0	0.520	0.531
FGF22	PIK3CA	9606.ENSP00000215530	9606.ENSP00000263967	0	0	0	0	0	0	0.400	0.284	0.552
FGF22	FGF19	9606.ENSP00000215530	9606.ENSP00000294312	0	0	0	0.692	0.049	0	0.400	0.281	0.554
FGF22	SOS1	9606.ENSP00000215530	9606.ENSP00000384675	0	0	0	0	0	0	0.400	0.293	0.557
FGF22	FGF18	9606.ENSP00000215530	9606.ENSP00000274625	0	0	0	0	0	0	0.400	0.300	0.562
FGF22	MAPK1	9606.ENSP00000215530	9606.ENSP00000215832	0	0	0	0	0.055	0	0.400	0.309	0.573
FGF22	SHC1	9606.ENSP00000215530	9606.ENSP00000401303	0	0	0	0	0.049	0	0.400	0.312	0.573
FGF22	NRAS	9606.ENSP00000215530	9606.ENSP00000358548	0	0	0	0	0.055	0.045	0.500	0.241	0.612
FGF22	FGF8	9606.ENSP00000215530	9606.ENSP00000321797	0	0	0	0	0.070	0	0.400	0.377	0.622
FGF22	FGF2	9606.ENSP00000215530	9606.ENSP00000264498	0	0	0.087	0.754	0.068	0	0.400	0.360	0.629
FGF22	HRAS	9606.ENSP00000215530	9606.ENSP00000407586	0	0	0	0	0.055	0.045	0.500	0.275	0.629
FGF22	CTNNB1	9606.ENSP00000215530	9606.ENSP00000495360	0	0	0	0	0	0	0	0.662	0.662
FGF22	AKT1	9606.ENSP00000215530	9606.ENSP00000451828	0	0	0	0	0	0	0	0.678	0.678
FGF22	KRAS	9606.ENSP00000215530	9606.ENSP00000256078	0	0	0	0	0.055	0.045	0.500	0.384	0.685
FGF22	FGF3	9606.ENSP00000215530	9606.ENSP00000334122	0	0	0.063	0.859	0.054	0	0.400	0.523	0.712
FGF22	MAPK3	9606.ENSP00000215530	9606.ENSP00000263025	0	0	0	0	0.055	0	0.400	0.548	0.721
FGF22	FGF1	9606.ENSP00000215530	9606.ENSP00000480791	0	0	0.119	0.799	0.096	0	0.400	0.531	0.746
FGF22	GRB2	9606.ENSP00000215530	9606.ENSP00000376345	0	0	0	0	0	0	0.400	0.616	0.759
FGF22	IGF1	9606.ENSP00000215530	9606.ENSP00000376637	0	0	0	0	0	0	0	0.782	0.782
FGF22	ERBB2	9606.ENSP00000215530	9606.ENSP00000269571	0	0	0	0	0.062	0	0.650	0.509	0.824
FGF22	KIT	9606.ENSP00000215530	9606.ENSP00000288135	0	0	0	0	0	0.168	0.650	0.521	0.848
FGF22	IGF1R	9606.ENSP00000215530	9606.ENSP00000497069	0	0	0	0	0	0	0.650	0.600	0.854
FGF22	FGF23	9606.ENSP00000215530	9606.ENSP00000237837	0	0	0	0	0.115	0	0.400	0.848	0.912
FGF22	FLT4	9606.ENSP00000215530	9606.ENSP00000261937	0	0	0	0	0.118	0.168	0.650	0.709	0.915
FGF22	EGFR	9606.ENSP00000215530	9606.ENSP00000275493	0	0	0	0	0.062	0	0.650	0.794	0.926
FGF22	EGF	9606.ENSP00000215530	9606.ENSP00000265171	0	0	0	0	0	0.053	0	0.988	0.989
FGF22	FGFR1	9606.ENSP00000215530	9606.ENSP00000393312	0	0	0	0	0.044	0.296	0.900	0.995	0.999
FGF23	FGF4	9606.ENSP00000237837	9606.ENSP00000168712	0	0	0	0.642	0.100	0	0.400	0.608	0.770
FGF23	FGF20	9606.ENSP00000237837	9606.ENSP00000180166	0	0	0	0.621	0.092	0	0.400	0.609	0.768
FGF23	FGF22	9606.ENSP00000237837	9606.ENSP00000215530	0	0	0	0	0.115	0	0.400	0.848	0.912
FGF23	MAPK1	9606.ENSP00000237837	9606.ENSP00000215832	0	0	0	0	0.045	0	0.400	0.075	0.424
FGF23	PIK3R2	9606.ENSP00000237837	9606.ENSP00000222254	0	0	0	0	0.045	0	0.400	0	0.402
FGF23	FGF6	9606.ENSP00000237837	9606.ENSP00000228837	0	0	0	0.639	0.139	0	0.400	0.591	0.770
FGF23	PIK3CB	9606.ENSP00000237837	9606.ENSP00000501150	0	0	0	0	0	0	0.400	0	0.400
FGF23	PIK3R1	9606.ENSP00000237837	9606.ENSP00000428056	0	0	0	0	0	0	0.400	0	0.400
FGF23	SHC1	9606.ENSP00000237837	9606.ENSP00000401303	0	0	0	0	0	0	0.400	0.081	0.425
FGF23	LRP5	9606.ENSP00000237837	9606.ENSP00000294304	0	0	0	0	0.055	0.053	0	0.415	0.430
FGF23	NOTCH3	9606.ENSP00000237837	9606.ENSP00000263388	0	0	0	0	0.098	0.042	0	0.395	0.432
FGF23	PIK3CA	9606.ENSP00000237837	9606.ENSP00000263967	0	0	0	0	0	0	0.400	0.105	0.440
FGF23	NOTCH2	9606.ENSP00000237837	9606.ENSP00000256646	0	0	0	0	0.067	0.042	0	0.426	0.442
FGF23	SOS1	9606.ENSP00000237837	9606.ENSP00000384675	0	0	0	0	0	0	0.400	0.117	0.447
FGF23	CTNNB1	9606.ENSP00000237837	9606.ENSP00000495360	0	0	0	0	0	0	0	0.455	0.455
FGF23	FGF21	9606.ENSP00000237837	9606.ENSP00000471477	0	0	0	0.736	0.067	0	0	0.461	0.476
FGF23	EGF	9606.ENSP00000237837	9606.ENSP00000265171	0	0	0	0	0	0.053	0	0.475	0.481
FGF23	GRB2	9606.ENSP00000237837	9606.ENSP00000376345	0	0	0	0	0	0	0.400	0.246	0.528
FGF23	IGF1	9606.ENSP00000237837	9606.ENSP00000376637	0	0	0	0	0	0	0	0.528	0.528
FGF23	FGF2	9606.ENSP00000237837	9606.ENSP00000264498	0	0	0	0.597	0.067	0	0.400	0.297	0.572
FGF23	NRAS	9606.ENSP00000237837	9606.ENSP00000358548	0	0	0	0	0.067	0.045	0.500	0.155	0.573
FGF23	KRAS	9606.ENSP00000237837	9606.ENSP00000256078	0	0	0	0	0.067	0.045	0.500	0.162	0.576
FGF23	HRAS	9606.ENSP00000237837	9606.ENSP00000407586	0	0	0	0	0.067	0.045	0.500	0.167	0.579
FGF23	MAPK3	9606.ENSP00000237837	9606.ENSP00000263025	0	0	0	0	0.045	0	0.400	0.374	0.610
FGF23	TNFSF11	9606.ENSP00000237837	9606.ENSP00000381775	0	0	0	0	0.047	0	0	0.661	0.664
FGF23	ERBB2	9606.ENSP00000237837	9606.ENSP00000269571	0	0	0	0	0.067	0	0.650	0.145	0.696
FGF23	FGF19	9606.ENSP00000237837	9606.ENSP00000294312	0	0	0	0.694	0	0	0.400	0.523	0.701
FGF23	IGF1R	9606.ENSP00000237837	9606.ENSP00000497069	0	0	0	0	0	0	0.650	0.203	0.709
FGF23	FGF5	9606.ENSP00000237837	9606.ENSP00000311697	0	0	0	0.632	0.053	0	0.400	0.557	0.726
FGF23	FGF3	9606.ENSP00000237837	9606.ENSP00000334122	0	0	0	0.661	0.050	0	0.400	0.563	0.729
FGF23	FGF10	9606.ENSP00000237837	9606.ENSP00000264664	0	0	0	0.655	0.103	0	0.400	0.540	0.731
FGF23	FGF16	9606.ENSP00000237837	9606.ENSP00000399324	0	0	0	0.623	0.116	0	0.400	0.552	0.741
FGF23	KIT	9606.ENSP00000237837	9606.ENSP00000288135	0	0	0	0	0	0.168	0.650	0.193	0.744
FGF23	FLT4	9606.ENSP00000237837	9606.ENSP00000261937	0	0	0	0	0.093	0.168	0.650	0.182	0.755
FGF23	FGF7	9606.ENSP00000237837	9606.ENSP00000267843	0	0	0	0.647	0.062	0	0.400	0.616	0.765
FGF23	FGF1	9606.ENSP00000237837	9606.ENSP00000480791	0	0	0	0	0.086	0	0.400	0.613	0.769
FGF23	EGFR	9606.ENSP00000237837	9606.ENSP00000275493	0	0	0	0	0.067	0	0.650	0.452	0.805
FGF23	FGF18	9606.ENSP00000237837	9606.ENSP00000274625	0	0	0	0	0.056	0	0.400	0.845	0.904
FGF23	FGF17	9606.ENSP00000237837	9606.ENSP00000352414	0	0	0	0	0.063	0	0.400	0.846	0.906
FGF23	FGF9	9606.ENSP00000237837	9606.ENSP00000371790	0	0	0	0	0.087	0	0.400	0.863	0.918
FGF23	FGF8	9606.ENSP00000237837	9606.ENSP00000321797	0	0	0	0	0.083	0	0.400	0.893	0.935
FGF23	FGFR1	9606.ENSP00000237837	9606.ENSP00000393312	0	0	0	0	0	0.979	0.900	0.997	0.999
FGF3	FGF4	9606.ENSP00000334122	9606.ENSP00000168712	0	0	0.119	0.749	0.085	0	0.400	0.283	0.607
FGF3	FGF20	9606.ENSP00000334122	9606.ENSP00000180166	0	0	0.097	0.830	0.092	0	0.400	0.123	0.511
FGF3	FGF22	9606.ENSP00000334122	9606.ENSP00000215530	0	0	0.063	0.859	0.054	0	0.400	0.523	0.712
FGF3	MAPK1	9606.ENSP00000334122	9606.ENSP00000215832	0	0	0	0	0.045	0	0.400	0.305	0.567
FGF3	PIK3R2	9606.ENSP00000334122	9606.ENSP00000222254	0	0	0	0	0	0	0.400	0.167	0.478
FGF3	WNT3	9606.ENSP00000334122	9606.ENSP00000225512	0	0	0	0	0.056	0.066	0	0.396	0.421
FGF3	CCND1	9606.ENSP00000334122	9606.ENSP00000227507	0	0	0	0	0.086	0	0	0.571	0.591
FGF3	FGF6	9606.ENSP00000334122	9606.ENSP00000228837	0	0	0.083	0.776	0.044	0	0.400	0.170	0.505
FGF3	FGF23	9606.ENSP00000334122	9606.ENSP00000237837	0	0	0	0.661	0.050	0	0.400	0.563	0.729
FGF3	JAG1	9606.ENSP00000334122	9606.ENSP00000254958	0	0	0	0	0	0.042	0	0.593	0.593
FGF3	KRAS	9606.ENSP00000334122	9606.ENSP00000256078	0	0	0	0	0.046	0.045	0.500	0.425	0.703
FGF3	FLT4	9606.ENSP00000334122	9606.ENSP00000261937	0	0	0	0	0.062	0.168	0.650	0.709	0.910
FGF3	AXIN1	9606.ENSP00000334122	9606.ENSP00000262320	0	0	0	0	0.055	0.046	0	0.419	0.430
FGF3	MAPK3	9606.ENSP00000334122	9606.ENSP00000263025	0	0	0	0	0.046	0	0.400	0.547	0.718
FGF3	PIK3CA	9606.ENSP00000334122	9606.ENSP00000263967	0	0	0	0	0	0	0.400	0.400	0.624
FGF3	FGF2	9606.ENSP00000334122	9606.ENSP00000264498	0	0	0	0.728	0	0	0.400	0.284	0.552
FGF3	WNT5A	9606.ENSP00000334122	9606.ENSP00000264634	0	0	0	0	0	0.066	0	0.447	0.461
FGF3	FGF10	9606.ENSP00000334122	9606.ENSP00000264664	0	0	0	0.847	0	0	0.400	0.472	0.669
FGF3	LEF1	9606.ENSP00000334122	9606.ENSP00000265165	0	0	0	0	0	0	0	0.428	0.428
FGF3	EGF	9606.ENSP00000334122	9606.ENSP00000265171	0	0	0	0	0	0.053	0	0.988	0.988
FGF3	WNT2	9606.ENSP00000334122	9606.ENSP00000265441	0	0	0	0	0	0.066	0	0.418	0.433
FGF3	FGF7	9606.ENSP00000334122	9606.ENSP00000267843	0	0	0	0.806	0	0	0.400	0.430	0.643
FGF3	TP53	9606.ENSP00000334122	9606.ENSP00000269305	0	0	0	0	0	0	0	0.573	0.573
FGF3	ERBB2	9606.ENSP00000334122	9606.ENSP00000269571	0	0	0	0	0.042	0	0.650	0.541	0.832
FGF3	FGF18	9606.ENSP00000334122	9606.ENSP00000274625	0	0	0	0.625	0.048	0	0.400	0.335	0.587
FGF3	EGFR	9606.ENSP00000334122	9606.ENSP00000275493	0	0	0	0	0	0	0.650	0.804	0.928
FGF3	WNT3A	9606.ENSP00000334122	9606.ENSP00000284523	0	0	0	0	0.047	0.066	0	0.543	0.558
FGF3	KIT	9606.ENSP00000334122	9606.ENSP00000288135	0	0	0	0	0	0.168	0.650	0.538	0.853
FGF3	WNT1	9606.ENSP00000334122	9606.ENSP00000293549	0	0	0	0	0.049	0.066	0	0.655	0.667
FGF3	FGF19	9606.ENSP00000334122	9606.ENSP00000294312	0	0	0	0.642	0.168	0	0.400	0.355	0.650
FGF3	WNT10B	9606.ENSP00000334122	9606.ENSP00000301061	0	0	0	0	0	0.050	0	0.576	0.580
FGF3	AXIN2	9606.ENSP00000334122	9606.ENSP00000302625	0	0	0	0	0.060	0.046	0	0.444	0.459
FGF3	FOS	9606.ENSP00000334122	9606.ENSP00000306245	0	0	0	0	0.055	0	0	0.418	0.426
FGF3	FGF5	9606.ENSP00000334122	9606.ENSP00000311697	0	0	0	0.794	0	0	0.400	0.434	0.646
FGF3	FGF8	9606.ENSP00000334122	9606.ENSP00000321797	0	0	0	0.624	0.136	0	0.400	0.515	0.727
FGF3	GSK3B	9606.ENSP00000334122	9606.ENSP00000324806	0	0	0	0	0	0	0	0.455	0.455
FGF3	BRAF	9606.ENSP00000334122	9606.ENSP00000419060	0	0	0	0	0	0.045	0	0.399	0.401
FGF3	ESR2	9606.ENSP00000334122	9606.ENSP00000343925	0	0	0	0	0.056	0.054	0	0.384	0.402
FGF3	TNFSF11	9606.ENSP00000334122	9606.ENSP00000381775	0	0	0	0	0.042	0	0	0.448	0.448
FGF3	FGF16	9606.ENSP00000334122	9606.ENSP00000399324	0	0	0.085	0.847	0	0	0.400	0.089	0.456
FGF3	HES5	9606.ENSP00000334122	9606.ENSP00000367714	0	0	0	0	0.044	0	0	0.474	0.475
FGF3	PTEN	9606.ENSP00000334122	9606.ENSP00000361021	0	0	0	0	0	0	0	0.476	0.476
FGF3	PIK3CB	9606.ENSP00000334122	9606.ENSP00000501150	0	0	0	0	0	0	0.400	0.167	0.478
FGF3	JUN	9606.ENSP00000334122	9606.ENSP00000360266	0	0	0	0	0	0	0	0.480	0.480
FGF3	ESR1	9606.ENSP00000334122	9606.ENSP00000405330	0	0	0	0	0.044	0.054	0	0.480	0.489
FGF3	MTOR	9606.ENSP00000334122	9606.ENSP00000354558	0	0	0	0	0	0	0	0.491	0.491
FGF3	NOTCH1	9606.ENSP00000334122	9606.ENSP00000498587	0	0	0	0	0	0.042	0	0.494	0.494
FGF3	HEY1	9606.ENSP00000334122	9606.ENSP00000338272	0	0	0	0	0	0	0	0.502	0.502
FGF3	PIK3R1	9606.ENSP00000334122	9606.ENSP00000428056	0	0	0	0	0	0	0.400	0.230	0.518
FGF3	MYC	9606.ENSP00000334122	9606.ENSP00000478887	0	0	0	0	0	0	0	0.543	0.543
FGF3	SOS1	9606.ENSP00000334122	9606.ENSP00000384675	0	0	0	0	0	0	0.400	0.274	0.546
FGF3	SHC1	9606.ENSP00000334122	9606.ENSP00000401303	0	0	0	0	0	0	0.400	0.299	0.561
FGF3	NRAS	9606.ENSP00000334122	9606.ENSP00000358548	0	0	0	0	0.046	0.045	0.500	0.296	0.636
FGF3	HRAS	9606.ENSP00000334122	9606.ENSP00000407586	0	0	0	0	0.046	0.045	0.500	0.319	0.649
FGF3	FGF9	9606.ENSP00000334122	9606.ENSP00000371790	0	0	0.066	0.844	0.067	0	0.400	0.432	0.663
FGF3	CTNNB1	9606.ENSP00000334122	9606.ENSP00000495360	0	0	0	0	0	0	0	0.664	0.664
FGF3	AKT1	9606.ENSP00000334122	9606.ENSP00000451828	0	0	0	0	0.042	0	0	0.664	0.664
FGF3	FGF1	9606.ENSP00000334122	9606.ENSP00000480791	0	0	0.076	0.795	0.087	0	0.400	0.496	0.710
FGF3	FGF17	9606.ENSP00000334122	9606.ENSP00000352414	0	0	0	0	0.121	0	0.400	0.505	0.716
FGF3	GRB2	9606.ENSP00000334122	9606.ENSP00000376345	0	0	0	0	0	0	0.400	0.593	0.745
FGF3	IGF1	9606.ENSP00000334122	9606.ENSP00000376637	0	0	0	0	0	0	0	0.763	0.763
FGF3	IGF1R	9606.ENSP00000334122	9606.ENSP00000497069	0	0	0	0	0	0	0.650	0.587	0.849
FGF3	FGFR1	9606.ENSP00000334122	9606.ENSP00000393312	0	0	0	0	0.042	0.168	0.900	0.997	0.999
FGF4	LRP5	9606.ENSP00000168712	9606.ENSP00000294304	0	0	0	0	0	0.053	0	0.402	0.410
FGF4	MAP2K1	9606.ENSP00000168712	9606.ENSP00000302486	0	0	0	0	0	0	0	0.415	0.415
FGF4	FOS	9606.ENSP00000168712	9606.ENSP00000306245	0	0	0	0	0.055	0	0	0.418	0.426
FGF4	WNT7A	9606.ENSP00000168712	9606.ENSP00000285018	0	0	0	0	0.052	0.050	0	0.415	0.427
FGF4	LRP6	9606.ENSP00000168712	9606.ENSP00000261349	0	0	0	0	0	0.053	0	0.420	0.427
FGF4	AXIN1	9606.ENSP00000168712	9606.ENSP00000262320	0	0	0	0	0.055	0.046	0	0.418	0.430
FGF4	WNT2B	9606.ENSP00000168712	9606.ENSP00000358698	0	0	0	0	0.050	0.050	0	0.427	0.437
FGF4	WNT2	9606.ENSP00000168712	9606.ENSP00000265441	0	0	0	0	0.051	0.050	0	0.437	0.448
FGF4	WNT4	9606.ENSP00000168712	9606.ENSP00000290167	0	0	0	0	0.050	0.050	0	0.444	0.454
FGF4	TNFSF11	9606.ENSP00000168712	9606.ENSP00000381775	0	0	0	0	0.055	0	0	0.447	0.455
FGF4	WNT3	9606.ENSP00000168712	9606.ENSP00000225512	0	0	0	0	0.050	0.050	0	0.445	0.455
FGF4	ESR1	9606.ENSP00000168712	9606.ENSP00000405330	0	0	0	0	0.044	0.054	0	0.448	0.457
FGF4	AXIN2	9606.ENSP00000168712	9606.ENSP00000302625	0	0	0	0	0.055	0.046	0	0.446	0.457
FGF4	LEF1	9606.ENSP00000168712	9606.ENSP00000265165	0	0	0	0	0	0	0	0.463	0.463
FGF4	JAG1	9606.ENSP00000168712	9606.ENSP00000254958	0	0	0	0	0	0.042	0	0.462	0.463
FGF4	PIK3CB	9606.ENSP00000168712	9606.ENSP00000501150	0	0	0	0	0	0	0.400	0.151	0.468
FGF4	WNT5A	9606.ENSP00000168712	9606.ENSP00000264634	0	0	0	0	0.050	0.050	0	0.469	0.479
FGF4	PTEN	9606.ENSP00000168712	9606.ENSP00000361021	0	0	0	0	0	0	0	0.479	0.479
FGF4	FGF6	9606.ENSP00000168712	9606.ENSP00000228837	0	0	0.070	0.932	0.126	0	0.400	0.060	0.480
FGF4	FGF18	9606.ENSP00000168712	9606.ENSP00000274625	0	0	0	0.680	0.042	0	0.400	0.171	0.482
FGF4	PIK3R2	9606.ENSP00000168712	9606.ENSP00000222254	0	0	0	0	0	0	0.400	0.175	0.483
FGF4	MTOR	9606.ENSP00000168712	9606.ENSP00000354558	0	0	0	0	0	0	0	0.490	0.490
FGF4	GSK3B	9606.ENSP00000168712	9606.ENSP00000324806	0	0	0	0	0	0	0	0.495	0.495
FGF4	NOTCH1	9606.ENSP00000168712	9606.ENSP00000498587	0	0	0	0	0.048	0.042	0	0.491	0.495
FGF4	WNT1	9606.ENSP00000168712	9606.ENSP00000293549	0	0	0	0	0.050	0.050	0	0.488	0.498
FGF4	PIK3R1	9606.ENSP00000168712	9606.ENSP00000428056	0	0	0	0	0	0	0.400	0.206	0.503
FGF4	JUN	9606.ENSP00000168712	9606.ENSP00000360266	0	0	0	0	0	0	0	0.505	0.505
FGF4	FGF22	9606.ENSP00000168712	9606.ENSP00000215530	0	0	0.111	0.813	0.061	0	0.400	0.139	0.511
FGF4	WNT6	9606.ENSP00000168712	9606.ENSP00000233948	0	0	0	0	0.056	0.050	0	0.505	0.518
FGF4	FGF20	9606.ENSP00000168712	9606.ENSP00000180166	0	0	0.124	0.797	0.086	0	0.400	0.115	0.518
FGF4	FGF5	9606.ENSP00000168712	9606.ENSP00000311697	0	0	0	0.827	0	0	0.400	0.254	0.533
FGF4	FGF7	9606.ENSP00000168712	9606.ENSP00000267843	0	0	0.092	0.756	0.056	0	0.400	0.198	0.533
FGF4	FGF17	9606.ENSP00000168712	9606.ENSP00000352414	0	0	0	0.672	0.095	0	0.400	0.226	0.543
FGF4	FGF2	9606.ENSP00000168712	9606.ENSP00000264498	0	0	0.075	0.784	0.063	0	0.400	0.232	0.547
FGF4	SOS1	9606.ENSP00000168712	9606.ENSP00000384675	0	0	0	0	0	0	0.400	0.286	0.553
FGF4	FGF16	9606.ENSP00000168712	9606.ENSP00000399324	0	0	0.128	0.784	0.162	0	0.400	0.118	0.562
FGF4	FGF9	9606.ENSP00000168712	9606.ENSP00000371790	0	0	0.102	0.796	0.086	0	0.400	0.215	0.562
FGF4	SHC1	9606.ENSP00000168712	9606.ENSP00000401303	0	0	0	0	0	0	0.400	0.305	0.565
FGF4	TP53	9606.ENSP00000168712	9606.ENSP00000269305	0	0	0	0	0	0	0	0.572	0.572
FGF4	FGF10	9606.ENSP00000168712	9606.ENSP00000264664	0	0	0.104	0.728	0.056	0	0.400	0.258	0.573
FGF4	MAPK1	9606.ENSP00000168712	9606.ENSP00000215832	0	0	0	0	0.045	0	0.400	0.315	0.573
FGF4	MYC	9606.ENSP00000168712	9606.ENSP00000478887	0	0	0	0	0	0	0	0.591	0.591
FGF4	PIK3CA	9606.ENSP00000168712	9606.ENSP00000263967	0	0	0	0	0	0	0.400	0.370	0.605
FGF4	FGF3	9606.ENSP00000168712	9606.ENSP00000334122	0	0	0.119	0.749	0.085	0	0.400	0.283	0.607
FGF4	WNT3A	9606.ENSP00000168712	9606.ENSP00000284523	0	0	0	0	0.050	0.050	0	0.614	0.621
FGF4	NRAS	9606.ENSP00000168712	9606.ENSP00000358548	0	0	0	0	0.086	0.045	0.500	0.280	0.644
FGF4	HRAS	9606.ENSP00000168712	9606.ENSP00000407586	0	0	0	0	0.086	0.045	0.500	0.306	0.656
FGF4	AKT1	9606.ENSP00000168712	9606.ENSP00000451828	0	0	0	0	0	0	0	0.664	0.664
FGF4	CTNNB1	9606.ENSP00000168712	9606.ENSP00000495360	0	0	0	0	0	0	0	0.669	0.669
FGF4	FGF8	9606.ENSP00000168712	9606.ENSP00000321797	0	0	0.109	0.673	0.072	0	0.400	0.433	0.681
FGF4	CCND1	9606.ENSP00000168712	9606.ENSP00000227507	0	0	0	0	0.066	0	0	0.675	0.683
FGF4	KRAS	9606.ENSP00000168712	9606.ENSP00000256078	0	0	0	0	0.086	0.045	0.500	0.408	0.707
FGF4	MAPK3	9606.ENSP00000168712	9606.ENSP00000263025	0	0	0	0	0.045	0	0.400	0.574	0.734
FGF4	GRB2	9606.ENSP00000168712	9606.ENSP00000376345	0	0	0	0	0	0	0.400	0.609	0.755
FGF4	FGF23	9606.ENSP00000168712	9606.ENSP00000237837	0	0	0	0.642	0.100	0	0.400	0.608	0.770
FGF4	FGF1	9606.ENSP00000168712	9606.ENSP00000480791	0	0	0.128	0.756	0.082	0	0.400	0.590	0.777
FGF4	IGF1	9606.ENSP00000168712	9606.ENSP00000376637	0	0	0	0	0	0	0	0.788	0.788
FGF4	ERBB2	9606.ENSP00000168712	9606.ENSP00000269571	0	0	0	0	0.044	0	0.650	0.527	0.828
FGF4	FGF19	9606.ENSP00000168712	9606.ENSP00000294312	0	0	0	0.657	0.105	0	0.400	0.739	0.848
FGF4	IGF1R	9606.ENSP00000168712	9606.ENSP00000497069	0	0	0	0	0	0	0.650	0.599	0.853
FGF4	KIT	9606.ENSP00000168712	9606.ENSP00000288135	0	0	0	0	0	0.168	0.650	0.554	0.858
FGF4	FLT4	9606.ENSP00000168712	9606.ENSP00000261937	0	0	0	0	0.070	0.168	0.650	0.709	0.910
FGF4	EGFR	9606.ENSP00000168712	9606.ENSP00000275493	0	0	0	0	0	0	0.650	0.788	0.922
FGF4	EGF	9606.ENSP00000168712	9606.ENSP00000265171	0	0	0	0	0	0.053	0	0.988	0.989
FGF4	FGFR1	9606.ENSP00000168712	9606.ENSP00000393312	0	0	0	0	0	0.652	0.900	0.998	0.999
FGF5	FGF4	9606.ENSP00000311697	9606.ENSP00000168712	0	0	0	0.827	0	0	0.400	0.254	0.533
FGF5	FGF20	9606.ENSP00000311697	9606.ENSP00000180166	0	0	0	0.833	0.042	0	0.400	0.061	0.413
FGF5	FGF22	9606.ENSP00000311697	9606.ENSP00000215530	0	0	0	0.806	0.048	0	0.400	0.110	0.447
FGF5	GADD45B	9606.ENSP00000311697	9606.ENSP00000215631	0	0	0	0	0	0	0	0.415	0.414
FGF5	MAPK1	9606.ENSP00000311697	9606.ENSP00000215832	0	0	0	0	0.045	0.387	0.400	0.304	0.722
FGF5	PIK3R2	9606.ENSP00000311697	9606.ENSP00000222254	0	0	0	0	0	0	0.400	0.167	0.478
FGF5	WNT3	9606.ENSP00000311697	9606.ENSP00000225512	0	0	0	0	0.047	0.050	0	0.398	0.407
FGF5	CCND1	9606.ENSP00000311697	9606.ENSP00000227507	0	0	0	0	0.063	0	0	0.449	0.463
FGF5	FGF6	9606.ENSP00000311697	9606.ENSP00000228837	0	0	0	0.844	0.055	0	0.400	0.405	0.633
FGF5	FGF23	9606.ENSP00000311697	9606.ENSP00000237837	0	0	0	0.632	0.053	0	0.400	0.557	0.726
FGF5	JAG1	9606.ENSP00000311697	9606.ENSP00000254958	0	0	0	0	0	0.042	0	0.618	0.618
FGF5	KRAS	9606.ENSP00000311697	9606.ENSP00000256078	0	0	0	0	0.046	0.045	0.500	0.385	0.682
FGF5	FLT4	9606.ENSP00000311697	9606.ENSP00000261937	0	0	0	0	0	0.168	0.650	0.709	0.908
FGF5	MAPK3	9606.ENSP00000311697	9606.ENSP00000263025	0	0	0	0	0.045	0	0.400	0.573	0.734
FGF5	PIK3CA	9606.ENSP00000311697	9606.ENSP00000263967	0	0	0	0	0	0	0.400	0.286	0.553
FGF5	FGF2	9606.ENSP00000311697	9606.ENSP00000264498	0	0	0.093	0.707	0.050	0	0.400	0.286	0.581
FGF5	WNT5A	9606.ENSP00000311697	9606.ENSP00000264634	0	0	0	0	0.054	0.050	0	0.436	0.449
FGF5	FGF10	9606.ENSP00000311697	9606.ENSP00000264664	0	0	0	0.788	0	0	0.400	0.143	0.463
FGF5	LEF1	9606.ENSP00000311697	9606.ENSP00000265165	0	0	0	0	0.049	0	0	0.441	0.446
FGF5	EGF	9606.ENSP00000311697	9606.ENSP00000265171	0	0	0	0	0	0.410	0	0.988	0.993
FGF5	WNT2	9606.ENSP00000311697	9606.ENSP00000265441	0	0	0	0	0.047	0.050	0	0.391	0.400
FGF5	FGF7	9606.ENSP00000311697	9606.ENSP00000267843	0	0	0	0.777	0.049	0	0.400	0.403	0.630
FGF5	TP53	9606.ENSP00000311697	9606.ENSP00000269305	0	0	0	0	0	0	0	0.540	0.540
FGF5	ERBB2	9606.ENSP00000311697	9606.ENSP00000269571	0	0	0	0	0	0	0.650	0.497	0.816
FGF5	FGF18	9606.ENSP00000311697	9606.ENSP00000274625	0	0	0	0.620	0	0	0.400	0.354	0.596
FGF5	EGFR	9606.ENSP00000311697	9606.ENSP00000275493	0	0	0	0	0.049	0	0.650	0.786	0.922
FGF5	WNT3A	9606.ENSP00000311697	9606.ENSP00000284523	0	0	0	0	0.047	0.050	0	0.691	0.696
FGF5	KIT	9606.ENSP00000311697	9606.ENSP00000288135	0	0	0	0	0	0.168	0.650	0.528	0.850
FGF5	WNT1	9606.ENSP00000311697	9606.ENSP00000293549	0	0	0	0	0.047	0.050	0	0.463	0.471
FGF5	FGF19	9606.ENSP00000311697	9606.ENSP00000294312	0	0	0	0.639	0	0	0.400	0.236	0.522
FGF5	AXIN2	9606.ENSP00000311697	9606.ENSP00000302625	0	0	0	0	0.055	0.046	0	0.407	0.419
FGF5	FOS	9606.ENSP00000311697	9606.ENSP00000306245	0	0	0	0	0.055	0	0	0.418	0.426
FGF5	FGF9	9606.ENSP00000311697	9606.ENSP00000371790	0	0	0	0.828	0	0	0.400	0.078	0.423
FGF5	TNFSF11	9606.ENSP00000311697	9606.ENSP00000381775	0	0	0	0	0	0	0	0.448	0.448
FGF5	PTEN	9606.ENSP00000311697	9606.ENSP00000361021	0	0	0	0	0	0	0	0.451	0.451
FGF5	PIK3CB	9606.ENSP00000311697	9606.ENSP00000501150	0	0	0	0	0	0	0.400	0.129	0.455
FGF5	NOTCH1	9606.ENSP00000311697	9606.ENSP00000498587	0	0	0	0	0	0.042	0	0.462	0.463
FGF5	ESR1	9606.ENSP00000311697	9606.ENSP00000405330	0	0	0	0	0.044	0.054	0	0.471	0.480
FGF5	GSK3B	9606.ENSP00000311697	9606.ENSP00000324806	0	0	0	0	0	0	0	0.484	0.484
FGF5	MTOR	9606.ENSP00000311697	9606.ENSP00000354558	0	0	0	0	0	0	0	0.489	0.489
FGF5	PIK3R1	9606.ENSP00000311697	9606.ENSP00000428056	0	0	0	0	0	0	0.400	0.202	0.500
FGF5	JUN	9606.ENSP00000311697	9606.ENSP00000360266	0	0	0	0	0	0	0	0.505	0.505
FGF5	SOS1	9606.ENSP00000311697	9606.ENSP00000384675	0	0	0	0	0	0	0.400	0.281	0.550
FGF5	MYC	9606.ENSP00000311697	9606.ENSP00000478887	0	0	0	0	0	0	0	0.556	0.556
FGF5	SHC1	9606.ENSP00000311697	9606.ENSP00000401303	0	0	0	0	0	0	0.400	0.299	0.561
FGF5	FGF17	9606.ENSP00000311697	9606.ENSP00000352414	0	0	0	0	0	0	0.400	0.332	0.582
FGF5	FGF8	9606.ENSP00000311697	9606.ENSP00000321797	0	0	0	0.608	0.117	0	0.400	0.320	0.608
FGF5	FGF16	9606.ENSP00000311697	9606.ENSP00000399324	0	0	0	0.826	0.054	0	0.400	0.367	0.609
FGF5	NRAS	9606.ENSP00000311697	9606.ENSP00000358548	0	0	0	0	0.046	0.045	0.500	0.246	0.611
FGF5	HRAS	9606.ENSP00000311697	9606.ENSP00000407586	0	0	0	0	0.046	0.045	0.500	0.278	0.627
FGF5	FGF3	9606.ENSP00000311697	9606.ENSP00000334122	0	0	0	0.794	0	0	0.400	0.434	0.646
FGF5	AKT1	9606.ENSP00000311697	9606.ENSP00000451828	0	0	0	0	0	0	0	0.662	0.662
FGF5	CTNNB1	9606.ENSP00000311697	9606.ENSP00000495360	0	0	0	0	0	0	0	0.681	0.681
FGF5	FGF1	9606.ENSP00000311697	9606.ENSP00000480791	0	0	0.087	0.781	0.061	0	0.400	0.507	0.712
FGF5	GRB2	9606.ENSP00000311697	9606.ENSP00000376345	0	0	0	0	0	0	0.400	0.592	0.745
FGF5	IGF1	9606.ENSP00000311697	9606.ENSP00000376637	0	0	0	0	0	0	0	0.788	0.788
FGF5	IGF1R	9606.ENSP00000311697	9606.ENSP00000497069	0	0	0	0	0	0	0.650	0.589	0.850
FGF5	FGFR1	9606.ENSP00000311697	9606.ENSP00000393312	0	0	0	0	0.044	0.381	0.900	0.997	0.999
FGF6	FGF4	9606.ENSP00000228837	9606.ENSP00000168712	0	0	0.070	0.932	0.126	0	0.400	0.060	0.480
FGF6	FGF20	9606.ENSP00000228837	9606.ENSP00000180166	0	0	0.130	0.796	0.086	0	0.400	0.095	0.510
FGF6	FGF22	9606.ENSP00000228837	9606.ENSP00000215530	0	0	0.111	0.766	0.114	0	0.400	0.114	0.526
FGF6	GADD45B	9606.ENSP00000228837	9606.ENSP00000215631	0	0	0	0	0	0	0	0.404	0.404
FGF6	MAPK1	9606.ENSP00000228837	9606.ENSP00000215832	0	0	0	0	0.045	0	0.400	0.300	0.563
FGF6	PIK3R2	9606.ENSP00000228837	9606.ENSP00000222254	0	0	0	0	0	0	0.400	0.162	0.475
FGF6	CCND1	9606.ENSP00000228837	9606.ENSP00000227507	0	0	0	0	0.061	0	0	0.451	0.463
FGF6	AXIN2	9606.ENSP00000228837	9606.ENSP00000302625	0	0	0	0	0.055	0.046	0	0.389	0.401
FGF6	LEF1	9606.ENSP00000228837	9606.ENSP00000265165	0	0	0	0	0	0	0	0.405	0.405
FGF6	WNT2	9606.ENSP00000228837	9606.ENSP00000265441	0	0	0	0	0.055	0.050	0	0.400	0.415
FGF6	FOS	9606.ENSP00000228837	9606.ENSP00000306245	0	0	0	0	0.055	0	0	0.417	0.425
FGF6	WNT5A	9606.ENSP00000228837	9606.ENSP00000264634	0	0	0	0	0.055	0.050	0	0.418	0.432
FGF6	PTEN	9606.ENSP00000228837	9606.ENSP00000361021	0	0	0	0	0	0	0	0.451	0.451
FGF6	PIK3CB	9606.ENSP00000228837	9606.ENSP00000501150	0	0	0	0	0	0	0.400	0.125	0.452
FGF6	GSK3B	9606.ENSP00000228837	9606.ENSP00000324806	0	0	0	0	0	0	0	0.453	0.453
FGF6	JAG1	9606.ENSP00000228837	9606.ENSP00000254958	0	0	0	0	0	0.042	0	0.452	0.453
FGF6	TNFSF11	9606.ENSP00000228837	9606.ENSP00000381775	0	0	0	0	0	0	0	0.467	0.467
FGF6	WNT1	9606.ENSP00000228837	9606.ENSP00000293549	0	0	0	0	0.055	0.050	0	0.459	0.472
FGF6	ESR1	9606.ENSP00000228837	9606.ENSP00000405330	0	0	0	0	0.044	0.054	0	0.468	0.476
FGF6	NOTCH1	9606.ENSP00000228837	9606.ENSP00000498587	0	0	0	0	0.055	0.042	0	0.472	0.480
FGF6	JUN	9606.ENSP00000228837	9606.ENSP00000360266	0	0	0	0	0	0	0	0.481	0.481
FGF6	FGF17	9606.ENSP00000228837	9606.ENSP00000352414	0	0	0.097	0.663	0.048	0	0.400	0.126	0.489
FGF6	MTOR	9606.ENSP00000228837	9606.ENSP00000354558	0	0	0	0	0	0	0	0.491	0.491
FGF6	PIK3R1	9606.ENSP00000228837	9606.ENSP00000428056	0	0	0	0	0	0	0.400	0.197	0.497
FGF6	FGF7	9606.ENSP00000228837	9606.ENSP00000267843	0	0	0.105	0.767	0.067	0	0.400	0.115	0.497
FGF6	FGF3	9606.ENSP00000228837	9606.ENSP00000334122	0	0	0.083	0.776	0.044	0	0.400	0.170	0.505
FGF6	FGF8	9606.ENSP00000228837	9606.ENSP00000321797	0	0	0.095	0.699	0.061	0	0.400	0.143	0.505
FGF6	FGF9	9606.ENSP00000228837	9606.ENSP00000371790	0	0	0.117	0.794	0.086	0	0.400	0.117	0.515
FGF6	TP53	9606.ENSP00000228837	9606.ENSP00000269305	0	0	0	0	0	0	0	0.526	0.526
FGF6	FGF10	9606.ENSP00000228837	9606.ENSP00000264664	0	0	0.084	0.770	0.106	0	0.400	0.152	0.528
FGF6	MYC	9606.ENSP00000228837	9606.ENSP00000478887	0	0	0	0	0	0	0	0.531	0.531
FGF6	WNT3A	9606.ENSP00000228837	9606.ENSP00000284523	0	0	0	0	0.055	0.050	0	0.520	0.531
FGF6	FGF18	9606.ENSP00000228837	9606.ENSP00000274625	0	0	0.131	0.659	0	0	0.400	0.178	0.534
FGF6	FGF16	9606.ENSP00000228837	9606.ENSP00000399324	0	0	0.122	0.788	0.139	0	0.400	0.100	0.537
FGF6	SOS1	9606.ENSP00000228837	9606.ENSP00000384675	0	0	0	0	0	0	0.400	0.267	0.542
FGF6	PIK3CA	9606.ENSP00000228837	9606.ENSP00000263967	0	0	0	0	0	0	0.400	0.291	0.556
FGF6	SHC1	9606.ENSP00000228837	9606.ENSP00000401303	0	0	0	0	0	0	0.400	0.297	0.560
FGF6	FGF2	9606.ENSP00000228837	9606.ENSP00000264498	0	0	0.082	0.783	0.067	0	0.400	0.269	0.574
FGF6	NRAS	9606.ENSP00000228837	9606.ENSP00000358548	0	0	0	0	0.059	0.045	0.500	0.240	0.612
FGF6	FGF19	9606.ENSP00000228837	9606.ENSP00000294312	0	0	0	0.634	0.085	0	0.400	0.376	0.628
FGF6	FGF5	9606.ENSP00000228837	9606.ENSP00000311697	0	0	0	0.844	0.055	0	0.400	0.405	0.633
FGF6	HRAS	9606.ENSP00000228837	9606.ENSP00000407586	0	0	0	0	0.059	0.045	0.500	0.282	0.634
FGF6	CTNNB1	9606.ENSP00000228837	9606.ENSP00000495360	0	0	0	0	0	0	0	0.647	0.647
FGF6	AKT1	9606.ENSP00000228837	9606.ENSP00000451828	0	0	0	0	0	0	0	0.661	0.661
FGF6	KRAS	9606.ENSP00000228837	9606.ENSP00000256078	0	0	0	0	0.059	0.045	0.500	0.388	0.688
FGF6	MAPK3	9606.ENSP00000228837	9606.ENSP00000263025	0	0	0	0	0.045	0	0.400	0.547	0.717
FGF6	FGF1	9606.ENSP00000228837	9606.ENSP00000480791	0	0	0.143	0.740	0.086	0	0.400	0.515	0.741
FGF6	GRB2	9606.ENSP00000228837	9606.ENSP00000376345	0	0	0	0	0	0	0.400	0.592	0.745
FGF6	FGF23	9606.ENSP00000228837	9606.ENSP00000237837	0	0	0	0.639	0.139	0	0.400	0.591	0.770
FGF6	IGF1	9606.ENSP00000228837	9606.ENSP00000376637	0	0	0	0	0	0	0	0.794	0.794
FGF6	ERBB2	9606.ENSP00000228837	9606.ENSP00000269571	0	0	0	0	0.071	0	0.650	0.497	0.822
FGF6	KIT	9606.ENSP00000228837	9606.ENSP00000288135	0	0	0	0	0	0.168	0.650	0.521	0.848
FGF6	IGF1R	9606.ENSP00000228837	9606.ENSP00000497069	0	0	0	0	0	0	0.650	0.589	0.850
FGF6	FLT4	9606.ENSP00000228837	9606.ENSP00000261937	0	0	0	0	0.081	0.168	0.650	0.711	0.912
FGF6	EGFR	9606.ENSP00000228837	9606.ENSP00000275493	0	0	0	0	0.066	0	0.650	0.787	0.924
FGF6	EGF	9606.ENSP00000228837	9606.ENSP00000265171	0	0	0	0	0	0.053	0	0.988	0.988
FGF6	FGFR1	9606.ENSP00000228837	9606.ENSP00000393312	0	0	0	0	0	0.483	0.900	0.997	0.999
FGF7	FGF4	9606.ENSP00000267843	9606.ENSP00000168712	0	0	0.092	0.756	0.056	0	0.400	0.198	0.533
FGF7	FGF20	9606.ENSP00000267843	9606.ENSP00000180166	0	0	0.093	0.837	0.082	0	0.400	0.108	0.495
FGF7	FGF22	9606.ENSP00000267843	9606.ENSP00000215530	0	0	0.055	0.911	0.083	0	0.400	0.087	0.462
FGF7	GADD45B	9606.ENSP00000267843	9606.ENSP00000215631	0	0	0	0	0.042	0	0	0.416	0.416
FGF7	MAPK1	9606.ENSP00000267843	9606.ENSP00000215832	0	0	0	0	0.083	0	0.400	0.328	0.598
FGF7	PIK3R2	9606.ENSP00000267843	9606.ENSP00000222254	0	0	0	0	0	0	0.400	0.161	0.475
FGF7	CCND1	9606.ENSP00000267843	9606.ENSP00000227507	0	0	0	0	0.067	0	0	0.481	0.495
FGF7	FGF6	9606.ENSP00000267843	9606.ENSP00000228837	0	0	0.105	0.767	0.067	0	0.400	0.115	0.497
FGF7	FGF23	9606.ENSP00000267843	9606.ENSP00000237837	0	0	0	0.647	0.062	0	0.400	0.616	0.765
FGF7	JAG1	9606.ENSP00000267843	9606.ENSP00000254958	0	0	0	0	0.054	0.042	0	0.618	0.624
FGF7	KRAS	9606.ENSP00000267843	9606.ENSP00000256078	0	0	0	0	0.055	0.045	0.500	0.403	0.695
FGF7	FLT4	9606.ENSP00000267843	9606.ENSP00000261937	0	0	0	0	0.055	0.168	0.650	0.709	0.909
FGF7	MAPK3	9606.ENSP00000267843	9606.ENSP00000263025	0	0	0	0	0.083	0	0.400	0.579	0.748
FGF7	PIK3CA	9606.ENSP00000267843	9606.ENSP00000263967	0	0	0	0	0.045	0	0.400	0.296	0.561
FGF7	FGF2	9606.ENSP00000267843	9606.ENSP00000264498	0	0	0	0.736	0.121	0	0.400	0.673	0.812
FGF7	WNT5A	9606.ENSP00000267843	9606.ENSP00000264634	0	0	0	0	0.064	0.050	0	0.695	0.705
FGF7	FGF10	9606.ENSP00000267843	9606.ENSP00000264664	0	0	0.062	0.921	0.121	0	0.400	0.355	0.638
FGF7	LEF1	9606.ENSP00000267843	9606.ENSP00000265165	0	0	0	0	0.058	0	0	0.463	0.473
FGF7	EGF	9606.ENSP00000267843	9606.ENSP00000265171	0	0	0	0	0	0.053	0	0.992	0.992
FGF7	WNT2	9606.ENSP00000267843	9606.ENSP00000265441	0	0	0	0	0.106	0.050	0	0.423	0.467
FGF7	WNT4	9606.ENSP00000267843	9606.ENSP00000290167	0	0	0	0	0.049	0.050	0	0.420	0.430
FGF7	AXIN2	9606.ENSP00000267843	9606.ENSP00000302625	0	0	0	0	0.055	0.046	0	0.431	0.442
FGF7	FGF17	9606.ENSP00000267843	9606.ENSP00000352414	0	0	0	0.699	0	0	0.400	0.117	0.448
FGF7	WNT1	9606.ENSP00000267843	9606.ENSP00000293549	0	0	0	0	0	0.050	0	0.453	0.458
FGF7	FOS	9606.ENSP00000267843	9606.ENSP00000306245	0	0	0	0	0.087	0	0	0.435	0.462
FGF7	PIK3CB	9606.ENSP00000267843	9606.ENSP00000501150	0	0	0	0	0	0	0.400	0.145	0.465
FGF7	NOTCH1	9606.ENSP00000267843	9606.ENSP00000498587	0	0	0	0	0	0.042	0	0.477	0.477
FGF7	TNFSF11	9606.ENSP00000267843	9606.ENSP00000381775	0	0	0	0	0.047	0	0	0.474	0.477
FGF7	MTOR	9606.ENSP00000267843	9606.ENSP00000354558	0	0	0	0	0	0	0	0.491	0.491
FGF7	PTEN	9606.ENSP00000267843	9606.ENSP00000361021	0	0	0	0	0.042	0	0	0.497	0.497
FGF7	GSK3B	9606.ENSP00000267843	9606.ENSP00000324806	0	0	0	0	0	0	0	0.497	0.497
FGF7	FGF8	9606.ENSP00000267843	9606.ENSP00000321797	0	0	0	0.682	0.056	0	0.400	0.191	0.502
FGF7	FGF16	9606.ENSP00000267843	9606.ENSP00000399324	0	0	0.103	0.837	0.082	0	0.400	0.110	0.502
FGF7	PIK3R1	9606.ENSP00000267843	9606.ENSP00000428056	0	0	0	0	0.053	0	0.400	0.202	0.506
FGF7	ESR1	9606.ENSP00000267843	9606.ENSP00000405330	0	0	0	0	0.049	0.054	0	0.494	0.506
FGF7	JUN	9606.ENSP00000267843	9606.ENSP00000360266	0	0	0	0	0.044	0	0	0.509	0.510
FGF7	FGF9	9606.ENSP00000267843	9606.ENSP00000371790	0	0	0.113	0.836	0.084	0	0.400	0.146	0.529
FGF7	FGF18	9606.ENSP00000267843	9606.ENSP00000274625	0	0	0	0.706	0.045	0	0.400	0.253	0.535
FGF7	MYC	9606.ENSP00000267843	9606.ENSP00000478887	0	0	0	0	0	0	0	0.545	0.545
FGF7	FGF19	9606.ENSP00000267843	9606.ENSP00000294312	0	0	0	0.660	0.049	0	0.400	0.271	0.548
FGF7	ESR2	9606.ENSP00000267843	9606.ENSP00000343925	0	0	0	0	0.058	0.054	0	0.540	0.555
FGF7	TP53	9606.ENSP00000267843	9606.ENSP00000269305	0	0	0	0	0	0	0	0.572	0.572
FGF7	SOS1	9606.ENSP00000267843	9606.ENSP00000384675	0	0	0	0	0	0	0.400	0.325	0.577
FGF7	SHC1	9606.ENSP00000267843	9606.ENSP00000401303	0	0	0	0	0.049	0	0.400	0.328	0.583
FGF7	WNT3A	9606.ENSP00000267843	9606.ENSP00000284523	0	0	0	0	0	0.050	0	0.605	0.608
FGF7	NRAS	9606.ENSP00000267843	9606.ENSP00000358548	0	0	0	0	0.055	0.045	0.500	0.244	0.613
FGF7	FGF5	9606.ENSP00000267843	9606.ENSP00000311697	0	0	0	0.777	0.049	0	0.400	0.403	0.630
FGF7	HRAS	9606.ENSP00000267843	9606.ENSP00000407586	0	0	0	0	0.055	0.045	0.500	0.281	0.632
FGF7	FGF3	9606.ENSP00000267843	9606.ENSP00000334122	0	0	0	0.806	0	0	0.400	0.430	0.643
FGF7	CTNNB1	9606.ENSP00000267843	9606.ENSP00000495360	0	0	0	0	0.042	0	0	0.683	0.683
FGF7	AKT1	9606.ENSP00000267843	9606.ENSP00000451828	0	0	0	0	0	0	0	0.686	0.686
FGF7	FGF1	9606.ENSP00000267843	9606.ENSP00000480791	0	0	0.101	0.799	0.129	0	0.400	0.486	0.726
FGF7	GRB2	9606.ENSP00000267843	9606.ENSP00000376345	0	0	0	0	0	0	0.400	0.625	0.765
FGF7	ERBB2	9606.ENSP00000267843	9606.ENSP00000269571	0	0	0	0	0.047	0	0.650	0.514	0.824
FGF7	IGF1	9606.ENSP00000267843	9606.ENSP00000376637	0	0	0	0	0.136	0	0	0.808	0.827
FGF7	IGF1R	9606.ENSP00000267843	9606.ENSP00000497069	0	0	0	0	0	0	0.650	0.610	0.857
FGF7	KIT	9606.ENSP00000267843	9606.ENSP00000288135	0	0	0	0	0.056	0.168	0.650	0.715	0.911
FGF7	EGFR	9606.ENSP00000267843	9606.ENSP00000275493	0	0	0	0	0.067	0	0.650	0.797	0.927
FGF7	FGFR1	9606.ENSP00000267843	9606.ENSP00000393312	0	0	0	0	0.053	0.296	0.900	0.997	0.999
FGF8	FGF4	9606.ENSP00000321797	9606.ENSP00000168712	0	0	0.109	0.673	0.072	0	0.400	0.433	0.681
FGF8	FGF20	9606.ENSP00000321797	9606.ENSP00000180166	0	0	0	0.693	0.102	0	0.400	0.172	0.515
FGF8	FGF22	9606.ENSP00000321797	9606.ENSP00000215530	0	0	0	0	0.070	0	0.400	0.377	0.622
FGF8	MAPK1	9606.ENSP00000321797	9606.ENSP00000215832	0	0	0	0	0.045	0	0.400	0.315	0.573
FGF8	PIK3R2	9606.ENSP00000321797	9606.ENSP00000222254	0	0	0	0	0	0	0.400	0.165	0.477
FGF8	WNT3	9606.ENSP00000321797	9606.ENSP00000225512	0	0	0	0	0.066	0.050	0	0.542	0.558
FGF8	CCND1	9606.ENSP00000321797	9606.ENSP00000227507	0	0	0	0	0.061	0	0	0.470	0.481
FGF8	FGF6	9606.ENSP00000321797	9606.ENSP00000228837	0	0	0.095	0.699	0.061	0	0.400	0.143	0.505
FGF8	FGF23	9606.ENSP00000321797	9606.ENSP00000237837	0	0	0	0	0.083	0	0.400	0.893	0.935
FGF8	JAG1	9606.ENSP00000321797	9606.ENSP00000254958	0	0	0	0	0	0.042	0	0.498	0.498
FGF8	KRAS	9606.ENSP00000321797	9606.ENSP00000256078	0	0	0	0	0.046	0.045	0.500	0.384	0.682
FGF8	LRP6	9606.ENSP00000321797	9606.ENSP00000261349	0	0	0	0	0	0.053	0	0.409	0.416
FGF8	FLT4	9606.ENSP00000321797	9606.ENSP00000261937	0	0	0	0	0.082	0.168	0.650	0.709	0.912
FGF8	AXIN1	9606.ENSP00000321797	9606.ENSP00000262320	0	0	0	0	0.055	0.046	0	0.407	0.418
FGF8	MAPK3	9606.ENSP00000321797	9606.ENSP00000263025	0	0	0	0	0.045	0	0.400	0.574	0.734
FGF8	PIK3CA	9606.ENSP00000321797	9606.ENSP00000263967	0	0	0	0	0	0	0.400	0.276	0.547
FGF8	FGF2	9606.ENSP00000321797	9606.ENSP00000264498	0	0	0	0.644	0.074	0	0.400	0.388	0.630
FGF8	WNT5A	9606.ENSP00000321797	9606.ENSP00000264634	0	0	0	0	0.059	0.050	0	0.545	0.557
FGF8	FGF10	9606.ENSP00000321797	9606.ENSP00000264664	0	0	0	0.662	0.061	0	0.400	0.404	0.635
FGF8	LEF1	9606.ENSP00000321797	9606.ENSP00000265165	0	0	0	0	0	0	0	0.620	0.620
FGF8	EGF	9606.ENSP00000321797	9606.ENSP00000265171	0	0	0	0	0	0.053	0	0.991	0.991
FGF8	FGF7	9606.ENSP00000321797	9606.ENSP00000267843	0	0	0	0.682	0.056	0	0.400	0.191	0.502
FGF8	TP53	9606.ENSP00000321797	9606.ENSP00000269305	0	0	0	0	0	0	0	0.543	0.543
FGF8	ERBB2	9606.ENSP00000321797	9606.ENSP00000269571	0	0	0	0	0	0	0.650	0.472	0.807
FGF8	FGF18	9606.ENSP00000321797	9606.ENSP00000274625	0	0	0.064	0.940	0.121	0	0.400	0.069	0.479
FGF8	EGFR	9606.ENSP00000321797	9606.ENSP00000275493	0	0	0	0	0	0	0.650	0.781	0.920
FGF8	WNT3A	9606.ENSP00000321797	9606.ENSP00000284523	0	0	0	0	0.060	0.050	0	0.777	0.784
FGF8	WNT7A	9606.ENSP00000321797	9606.ENSP00000285018	0	0	0	0	0.059	0.050	0	0.442	0.458
FGF8	KIT	9606.ENSP00000321797	9606.ENSP00000288135	0	0	0	0	0	0.168	0.650	0.521	0.848
FGF8	WNT9B	9606.ENSP00000321797	9606.ENSP00000290015	0	0	0	0	0.060	0.050	0	0.467	0.482
FGF8	WNT4	9606.ENSP00000321797	9606.ENSP00000290167	0	0	0	0	0.059	0.050	0	0.515	0.529
FGF8	WNT1	9606.ENSP00000321797	9606.ENSP00000293549	0	0	0	0	0.066	0.050	0	0.795	0.802
FGF8	LRP5	9606.ENSP00000321797	9606.ENSP00000294304	0	0	0	0	0	0.053	0	0.429	0.436
FGF8	FGF19	9606.ENSP00000321797	9606.ENSP00000294312	0	0	0	0	0.050	0	0.400	0.759	0.851
FGF8	AXIN2	9606.ENSP00000321797	9606.ENSP00000302625	0	0	0	0	0.055	0.046	0	0.480	0.490
FGF8	FOS	9606.ENSP00000321797	9606.ENSP00000306245	0	0	0	0	0.055	0	0	0.418	0.426
FGF8	FGF5	9606.ENSP00000321797	9606.ENSP00000311697	0	0	0	0.608	0.117	0	0.400	0.320	0.608
FGF8	WNT7B	9606.ENSP00000321797	9606.ENSP00000341032	0	0	0	0	0.066	0.050	0	0.384	0.406
FGF8	DLL1	9606.ENSP00000321797	9606.ENSP00000355718	0	0	0	0	0.049	0.042	0	0.423	0.428
FGF8	PTEN	9606.ENSP00000321797	9606.ENSP00000361021	0	0	0	0	0	0	0	0.451	0.451
FGF8	PIK3CB	9606.ENSP00000321797	9606.ENSP00000501150	0	0	0	0	0	0	0.400	0.126	0.453
FGF8	WNT11	9606.ENSP00000321797	9606.ENSP00000325526	0	0	0	0	0.066	0.050	0	0.442	0.462
FGF8	NOTCH1	9606.ENSP00000321797	9606.ENSP00000498587	0	0	0	0	0	0.042	0	0.467	0.468
FGF8	JUN	9606.ENSP00000321797	9606.ENSP00000360266	0	0	0	0	0	0	0	0.479	0.479
FGF8	ESR1	9606.ENSP00000321797	9606.ENSP00000405330	0	0	0	0	0.044	0.054	0	0.471	0.480
FGF8	TNFSF11	9606.ENSP00000321797	9606.ENSP00000381775	0	0	0	0	0.049	0	0	0.476	0.480
FGF8	MTOR	9606.ENSP00000321797	9606.ENSP00000354558	0	0	0	0	0	0	0	0.486	0.486
FGF8	PIK3R1	9606.ENSP00000321797	9606.ENSP00000428056	0	0	0	0	0	0	0.400	0.194	0.495
FGF8	GSK3B	9606.ENSP00000321797	9606.ENSP00000324806	0	0	0	0	0	0	0	0.496	0.496
FGF8	FGF17	9606.ENSP00000321797	9606.ENSP00000352414	0	0	0.059	0.948	0.151	0	0.400	0.075	0.497
FGF8	WNT8B	9606.ENSP00000321797	9606.ENSP00000340677	0	0	0	0	0.143	0.050	0	0.433	0.498
FGF8	FGF16	9606.ENSP00000321797	9606.ENSP00000399324	0	0	0	0.697	0.100	0	0.400	0.150	0.501
FGF8	WNT8A	9606.ENSP00000321797	9606.ENSP00000426653	0	0	0	0	0.154	0.050	0	0.430	0.502
FGF8	MYC	9606.ENSP00000321797	9606.ENSP00000478887	0	0	0	0	0	0	0	0.525	0.525
FGF8	SOS1	9606.ENSP00000321797	9606.ENSP00000384675	0	0	0	0	0	0	0.400	0.274	0.546
FGF8	ESR2	9606.ENSP00000321797	9606.ENSP00000343925	0	0	0	0	0.065	0.054	0	0.533	0.552
FGF8	FGF9	9606.ENSP00000321797	9606.ENSP00000371790	0	0	0	0.703	0.082	0	0.400	0.263	0.559
FGF8	SHC1	9606.ENSP00000321797	9606.ENSP00000401303	0	0	0	0	0	0	0.400	0.301	0.563
FGF8	FGF21	9606.ENSP00000321797	9606.ENSP00000471477	0	0	0	0	0.054	0	0	0.593	0.598
FGF8	NRAS	9606.ENSP00000321797	9606.ENSP00000358548	0	0	0	0	0.046	0.045	0.500	0.246	0.610
FGF8	HRAS	9606.ENSP00000321797	9606.ENSP00000407586	0	0	0	0	0.046	0.045	0.500	0.275	0.626
FGF8	AKT1	9606.ENSP00000321797	9606.ENSP00000451828	0	0	0	0	0	0	0	0.659	0.659
FGF8	FGF1	9606.ENSP00000321797	9606.ENSP00000480791	0	0	0	0.682	0.078	0	0.400	0.508	0.704
FGF8	FGF3	9606.ENSP00000321797	9606.ENSP00000334122	0	0	0	0.624	0.136	0	0.400	0.515	0.727
FGF8	GRB2	9606.ENSP00000321797	9606.ENSP00000376345	0	0	0	0	0	0	0.400	0.592	0.745
FGF8	IGF1	9606.ENSP00000321797	9606.ENSP00000376637	0	0	0	0	0	0	0	0.762	0.762
FGF8	CTNNB1	9606.ENSP00000321797	9606.ENSP00000495360	0	0	0	0	0	0	0	0.769	0.769
FGF8	IGF1R	9606.ENSP00000321797	9606.ENSP00000497069	0	0	0	0	0	0	0.650	0.586	0.848
FGF8	FGFR1	9606.ENSP00000321797	9606.ENSP00000393312	0	0	0	0	0	0.782	0.900	0.999	0.999
FGF9	FGF4	9606.ENSP00000371790	9606.ENSP00000168712	0	0	0.102	0.796	0.086	0	0.400	0.215	0.562
FGF9	FGF20	9606.ENSP00000371790	9606.ENSP00000180166	0	0	0.055	0.969	0.056	0.491	0.400	0.362	0.794
FGF9	FGF22	9606.ENSP00000371790	9606.ENSP00000215530	0	0	0.066	0.875	0.099	0	0.400	0.090	0.479
FGF9	MAPK1	9606.ENSP00000371790	9606.ENSP00000215832	0	0	0	0	0.054	0	0.400	0.328	0.585
FGF9	PIK3R2	9606.ENSP00000371790	9606.ENSP00000222254	0	0	0	0	0	0	0.400	0.167	0.478
FGF9	WNT3	9606.ENSP00000371790	9606.ENSP00000225512	0	0	0	0	0.060	0.050	0	0.591	0.603
FGF9	CCND1	9606.ENSP00000371790	9606.ENSP00000227507	0	0	0	0	0.067	0	0	0.482	0.496
FGF9	FGF6	9606.ENSP00000371790	9606.ENSP00000228837	0	0	0.117	0.794	0.086	0	0.400	0.117	0.515
FGF9	FGF23	9606.ENSP00000371790	9606.ENSP00000237837	0	0	0	0	0.087	0	0.400	0.863	0.918
FGF9	JAG1	9606.ENSP00000371790	9606.ENSP00000254958	0	0	0	0	0.054	0.042	0	0.468	0.476
FGF9	KRAS	9606.ENSP00000371790	9606.ENSP00000256078	0	0	0	0	0.055	0.045	0.500	0.413	0.700
FGF9	FLT4	9606.ENSP00000371790	9606.ENSP00000261937	0	0	0	0	0.060	0.168	0.650	0.709	0.909
FGF9	AXIN1	9606.ENSP00000371790	9606.ENSP00000262320	0	0	0	0	0.055	0.046	0	0.415	0.427
FGF9	MAPK3	9606.ENSP00000371790	9606.ENSP00000263025	0	0	0	0	0.054	0	0.400	0.581	0.741
FGF9	PIK3CA	9606.ENSP00000371790	9606.ENSP00000263967	0	0	0	0	0	0	0.400	0.315	0.571
FGF9	FGF2	9606.ENSP00000371790	9606.ENSP00000264498	0	0	0	0.735	0	0.098	0.400	0.283	0.578
FGF9	WNT5A	9606.ENSP00000371790	9606.ENSP00000264634	0	0	0	0	0.046	0.050	0	0.483	0.490
FGF9	FGF10	9606.ENSP00000371790	9606.ENSP00000264664	0	0	0.084	0.848	0.099	0	0.400	0.160	0.528
FGF9	LEF1	9606.ENSP00000371790	9606.ENSP00000265165	0	0	0	0	0.044	0	0	0.456	0.458
FGF9	EGF	9606.ENSP00000371790	9606.ENSP00000265171	0	0	0	0	0	0.053	0	0.988	0.988
FGF9	FGF7	9606.ENSP00000371790	9606.ENSP00000267843	0	0	0.113	0.836	0.084	0	0.400	0.146	0.529
FGF9	TP53	9606.ENSP00000371790	9606.ENSP00000269305	0	0	0	0	0	0	0	0.542	0.542
FGF9	ERBB2	9606.ENSP00000371790	9606.ENSP00000269571	0	0	0	0	0.062	0	0.650	0.522	0.829
FGF9	FGF18	9606.ENSP00000371790	9606.ENSP00000274625	0	0	0	0.669	0.072	0	0.400	0.322	0.589
FGF9	EGFR	9606.ENSP00000371790	9606.ENSP00000275493	0	0	0	0	0.062	0	0.650	0.798	0.928
FGF9	WNT3A	9606.ENSP00000371790	9606.ENSP00000284523	0	0	0	0	0.060	0.050	0	0.538	0.551
FGF9	WNT7A	9606.ENSP00000371790	9606.ENSP00000285018	0	0	0	0	0.049	0.050	0	0.411	0.421
FGF9	KIT	9606.ENSP00000371790	9606.ENSP00000288135	0	0	0	0	0.069	0.168	0.650	0.528	0.855
FGF9	WNT4	9606.ENSP00000371790	9606.ENSP00000290167	0	0	0	0	0.046	0.050	0	0.604	0.610
FGF9	WNT1	9606.ENSP00000371790	9606.ENSP00000293549	0	0	0	0	0.047	0.050	0	0.455	0.464
FGF9	FGF19	9606.ENSP00000371790	9606.ENSP00000294312	0	0	0	0	0.068	0	0.400	0.585	0.748
FGF9	AXIN2	9606.ENSP00000371790	9606.ENSP00000302625	0	0	0	0	0.085	0.046	0	0.447	0.476
FGF9	FOS	9606.ENSP00000371790	9606.ENSP00000306245	0	0	0	0	0.087	0	0	0.418	0.445
FGF9	FGF5	9606.ENSP00000371790	9606.ENSP00000311697	0	0	0	0.828	0	0	0.400	0.078	0.423
FGF9	FGF8	9606.ENSP00000371790	9606.ENSP00000321797	0	0	0	0.703	0.082	0	0.400	0.263	0.559
FGF9	GSK3B	9606.ENSP00000371790	9606.ENSP00000324806	0	0	0	0	0	0	0	0.503	0.503
FGF9	WNT11	9606.ENSP00000371790	9606.ENSP00000325526	0	0	0	0	0.101	0.050	0	0.367	0.413
FGF9	FGF3	9606.ENSP00000371790	9606.ENSP00000334122	0	0	0.066	0.844	0.067	0	0.400	0.432	0.663
FGF9	WNT7B	9606.ENSP00000371790	9606.ENSP00000341032	0	0	0	0	0.046	0.050	0	0.533	0.540
FGF9	FGF17	9606.ENSP00000371790	9606.ENSP00000352414	0	0	0	0.656	0.072	0	0.400	0.237	0.538
FGF9	MTOR	9606.ENSP00000371790	9606.ENSP00000354558	0	0	0	0	0	0	0	0.490	0.490
FGF9	NRAS	9606.ENSP00000371790	9606.ENSP00000358548	0	0	0	0	0.055	0.045	0.500	0.270	0.627
FGF9	JUN	9606.ENSP00000371790	9606.ENSP00000360266	0	0	0	0	0	0	0	0.510	0.510
FGF9	PTEN	9606.ENSP00000371790	9606.ENSP00000361021	0	0	0	0	0	0	0	0.477	0.477
FGF9	FGF16	9606.ENSP00000371790	9606.ENSP00000399324	0	0	0.052	0.969	0	0	0.400	0.055	0.415
FGF9	NOTCH1	9606.ENSP00000371790	9606.ENSP00000498587	0	0	0	0	0	0.042	0	0.436	0.437
FGF9	TNFSF11	9606.ENSP00000371790	9606.ENSP00000381775	0	0	0	0	0	0	0	0.472	0.472
FGF9	PIK3CB	9606.ENSP00000371790	9606.ENSP00000501150	0	0	0	0	0	0	0.400	0.156	0.472
FGF9	ESR1	9606.ENSP00000371790	9606.ENSP00000405330	0	0	0	0	0.044	0.054	0	0.475	0.484
FGF9	PIK3R1	9606.ENSP00000371790	9606.ENSP00000428056	0	0	0	0	0.049	0	0.400	0.218	0.514
FGF9	MYC	9606.ENSP00000371790	9606.ENSP00000478887	0	0	0	0	0	0	0	0.522	0.522
FGF9	SOS1	9606.ENSP00000371790	9606.ENSP00000384675	0	0	0	0	0.048	0	0.400	0.321	0.578
FGF9	SHC1	9606.ENSP00000371790	9606.ENSP00000401303	0	0	0	0	0.049	0	0.400	0.335	0.587
FGF9	FGF1	9606.ENSP00000371790	9606.ENSP00000480791	0	0	0.093	0.841	0.062	0	0.400	0.362	0.630
FGF9	HRAS	9606.ENSP00000371790	9606.ENSP00000407586	0	0	0	0	0.055	0.045	0.500	0.291	0.637
FGF9	AKT1	9606.ENSP00000371790	9606.ENSP00000451828	0	0	0	0	0	0	0	0.689	0.689
FGF9	CTNNB1	9606.ENSP00000371790	9606.ENSP00000495360	0	0	0	0	0	0	0	0.692	0.692
FGF9	GRB2	9606.ENSP00000371790	9606.ENSP00000376345	0	0	0	0	0	0	0.400	0.634	0.771
FGF9	IGF1	9606.ENSP00000371790	9606.ENSP00000376637	0	0	0	0	0	0	0	0.772	0.772
FGF9	IGF1R	9606.ENSP00000371790	9606.ENSP00000497069	0	0	0	0	0	0	0.650	0.616	0.859
FGF9	FGFR1	9606.ENSP00000371790	9606.ENSP00000393312	0	0	0	0	0.042	0.713	0.900	0.998	0.999
FGFR1	FGF4	9606.ENSP00000393312	9606.ENSP00000168712	0	0	0	0	0	0.652	0.900	0.998	0.999
FGFR1	FGF20	9606.ENSP00000393312	9606.ENSP00000180166	0	0	0	0	0	0.418	0.900	0.995	0.999
FGFR1	FGF22	9606.ENSP00000393312	9606.ENSP00000215530	0	0	0	0	0.044	0.296	0.900	0.995	0.999
FGFR1	MAPK1	9606.ENSP00000393312	9606.ENSP00000215832	0	0	0	0.588	0	0	0.400	0.195	0.496
FGFR1	SOS2	9606.ENSP00000393312	9606.ENSP00000216373	0	0	0	0	0	0.095	0.900	0.362	0.937
FGFR1	PIK3R2	9606.ENSP00000393312	9606.ENSP00000222254	0	0	0	0	0	0.373	0.900	0.248	0.948
FGFR1	CCND1	9606.ENSP00000393312	9606.ENSP00000227507	0	0	0	0	0.085	0	0	0.609	0.627
FGFR1	FGF6	9606.ENSP00000393312	9606.ENSP00000228837	0	0	0	0	0	0.483	0.900	0.997	0.999
FGFR1	FGF23	9606.ENSP00000393312	9606.ENSP00000237837	0	0	0	0	0	0.979	0.900	0.997	0.999
FGFR1	KRAS	9606.ENSP00000393312	9606.ENSP00000256078	0	0	0	0	0	0.099	0.900	0.816	0.981
FGFR1	NOTCH2	9606.ENSP00000393312	9606.ENSP00000256646	0	0	0	0	0.055	0.045	0	0.415	0.426
FGFR1	FLT4	9606.ENSP00000393312	9606.ENSP00000261937	0	0	0	0.712	0.061	0.099	0	0.489	0.529
FGFR1	PIK3R3	9606.ENSP00000393312	9606.ENSP00000262741	0	0	0	0	0	0.127	0.900	0.196	0.923
FGFR1	MAPK3	9606.ENSP00000393312	9606.ENSP00000263025	0	0	0	0.587	0	0	0.400	0.270	0.543
FGFR1	NOTCH3	9606.ENSP00000393312	9606.ENSP00000263388	0	0	0	0	0.098	0.045	0	0.601	0.626
FGFR1	PIK3CA	9606.ENSP00000393312	9606.ENSP00000263967	0	0	0	0	0	0.087	0.900	0.777	0.977
FGFR1	FGF2	9606.ENSP00000393312	9606.ENSP00000264498	0	0	0	0	0.110	0.995	0.900	0.998	0.999
FGFR1	SHC2	9606.ENSP00000393312	9606.ENSP00000264554	0	0	0	0	0.080	0.105	0.900	0.109	0.916
FGFR1	WNT5A	9606.ENSP00000393312	9606.ENSP00000264634	0	0	0	0	0.067	0.049	0	0.395	0.417
FGFR1	FGF10	9606.ENSP00000393312	9606.ENSP00000264664	0	0	0	0	0.042	0.296	0.900	0.997	0.999
FGFR1	EGF	9606.ENSP00000393312	9606.ENSP00000265171	0	0	0	0	0	0	0.650	0.799	0.926
FGFR1	FGF7	9606.ENSP00000393312	9606.ENSP00000267843	0	0	0	0	0.053	0.296	0.900	0.997	0.999
FGFR1	TP53	9606.ENSP00000393312	9606.ENSP00000269305	0	0	0	0	0.046	0	0	0.668	0.669
FGFR1	ERBB2	9606.ENSP00000393312	9606.ENSP00000269571	0	0	0	0.612	0.055	0.621	0	0.323	0.737
FGFR1	FGF18	9606.ENSP00000393312	9606.ENSP00000274625	0	0	0	0	0	0.168	0.900	0.995	0.999
FGFR1	EGFR	9606.ENSP00000393312	9606.ENSP00000275493	0	0	0	0.604	0.067	0.215	0	0.346	0.479
FGFR1	WNT3A	9606.ENSP00000393312	9606.ENSP00000284523	0	0	0	0	0	0.049	0	0.627	0.630
FGFR1	FGF19	9606.ENSP00000393312	9606.ENSP00000294312	0	0	0	0	0	0.337	0.900	0.884	0.991
FGFR1	FGF5	9606.ENSP00000393312	9606.ENSP00000311697	0	0	0	0	0.044	0.381	0.900	0.997	0.999
FGFR1	FGF8	9606.ENSP00000393312	9606.ENSP00000321797	0	0	0	0	0	0.782	0.900	0.999	0.999
FGFR1	PGR	9606.ENSP00000393312	9606.ENSP00000325120	0	0	0	0	0	0.045	0	0.614	0.615
FGFR1	SHC4	9606.ENSP00000393312	9606.ENSP00000329668	0	0	0	0	0.055	0.105	0.900	0.071	0.910
FGFR1	FGF3	9606.ENSP00000393312	9606.ENSP00000334122	0	0	0	0	0.042	0.168	0.900	0.997	0.999
FGFR1	FGF17	9606.ENSP00000393312	9606.ENSP00000352414	0	0	0	0	0	0.168	0.900	0.997	0.999
FGFR1	MTOR	9606.ENSP00000393312	9606.ENSP00000354558	0	0	0	0	0	0	0	0.450	0.450
FGFR1	NRAS	9606.ENSP00000393312	9606.ENSP00000358548	0	0	0	0	0	0.099	0.900	0.661	0.966
FGFR1	JUN	9606.ENSP00000393312	9606.ENSP00000360266	0	0	0	0	0	0.067	0	0.398	0.414
FGFR1	PTEN	9606.ENSP00000393312	9606.ENSP00000361021	0	0	0	0	0	0.063	0	0.675	0.682
FGFR1	SHC3	9606.ENSP00000393312	9606.ENSP00000364995	0	0	0	0	0.085	0.113	0.900	0.136	0.920
FGFR1	PIK3CD	9606.ENSP00000393312	9606.ENSP00000366563	0	0	0	0	0	0.087	0.900	0.235	0.924
FGFR1	BRCA2	9606.ENSP00000393312	9606.ENSP00000369497	0	0	0	0	0	0	0	0.485	0.485
FGFR1	FGF9	9606.ENSP00000393312	9606.ENSP00000371790	0	0	0	0	0.042	0.713	0.900	0.998	0.999
FGFR1	GRB2	9606.ENSP00000393312	9606.ENSP00000376345	0	0	0	0	0.055	0.218	0.900	0.545	0.961
FGFR1	IGF1	9606.ENSP00000393312	9606.ENSP00000376637	0	0	0	0	0.042	0	0.650	0.507	0.820
FGFR1	SOS1	9606.ENSP00000393312	9606.ENSP00000384675	0	0	0	0	0	0.618	0.900	0.701	0.987
FGFR1	BRAF	9606.ENSP00000393312	9606.ENSP00000419060	0	0	0	0.574	0.052	0.091	0	0.362	0.402
FGFR1	BRCA1	9606.ENSP00000393312	9606.ENSP00000418960	0	0	0	0	0	0	0	0.483	0.483
FGFR1	AKT1	9606.ENSP00000393312	9606.ENSP00000451828	0	0	0	0.570	0.050	0.316	0	0.365	0.552
FGFR1	ESR1	9606.ENSP00000393312	9606.ENSP00000405330	0	0	0	0	0	0.045	0	0.553	0.555
FGFR1	MYC	9606.ENSP00000393312	9606.ENSP00000478887	0	0	0	0	0	0	0	0.590	0.590
FGFR1	IGF1R	9606.ENSP00000393312	9606.ENSP00000497069	0	0	0	0.656	0.056	0.074	0	0.608	0.627
FGFR1	NOTCH1	9606.ENSP00000393312	9606.ENSP00000498587	0	0	0	0	0	0.045	0	0.736	0.737
FGFR1	PIK3CB	9606.ENSP00000393312	9606.ENSP00000501150	0	0	0	0	0	0.087	0.900	0.334	0.933
FGFR1	CTNNB1	9606.ENSP00000393312	9606.ENSP00000495360	0	0	0	0	0.088	0.777	0	0.762	0.947
FGFR1	HRAS	9606.ENSP00000393312	9606.ENSP00000407586	0	0	0	0	0	0.099	0.900	0.614	0.962
FGFR1	SHC1	9606.ENSP00000393312	9606.ENSP00000401303	0	0	0	0	0.062	0.373	0.900	0.615	0.974
FGFR1	PIK3R1	9606.ENSP00000393312	9606.ENSP00000428056	0	0	0	0	0.042	0.813	0.900	0.653	0.992
FGFR1	FGF21	9606.ENSP00000393312	9606.ENSP00000471477	0	0	0	0	0	0.168	0.900	0.985	0.998
FGFR1	FGF1	9606.ENSP00000393312	9606.ENSP00000480791	0	0	0	0	0.062	0.973	0.900	0.998	0.999
FGFR1	FGF16	9606.ENSP00000393312	9606.ENSP00000399324	0	0	0	0	0.042	0.538	0.900	0.995	0.999
FLT4	FGF4	9606.ENSP00000261937	9606.ENSP00000168712	0	0	0	0	0.070	0.168	0.650	0.709	0.910
FLT4	FGF20	9606.ENSP00000261937	9606.ENSP00000180166	0	0	0	0	0.060	0.168	0.650	0.710	0.910
FLT4	FGF22	9606.ENSP00000261937	9606.ENSP00000215530	0	0	0	0	0.118	0.168	0.650	0.709	0.915
FLT4	PIK3R2	9606.ENSP00000261937	9606.ENSP00000222254	0	0	0	0	0.042	0.185	0.650	0.165	0.741
FLT4	FGF6	9606.ENSP00000261937	9606.ENSP00000228837	0	0	0	0	0.081	0.168	0.650	0.711	0.912
FLT4	FGF23	9606.ENSP00000261937	9606.ENSP00000237837	0	0	0	0	0.093	0.168	0.650	0.182	0.755
FLT4	DLL4	9606.ENSP00000261937	9606.ENSP00000249749	0	0	0	0	0.133	0	0	0.803	0.822
FLT4	JAG1	9606.ENSP00000261937	9606.ENSP00000254958	0	0	0	0	0.055	0	0	0.421	0.430
FLT4	KRAS	9606.ENSP00000261937	9606.ENSP00000256078	0	0	0	0	0	0.092	0	0.411	0.442
FLT4	WNT5A	9606.ENSP00000261937	9606.ENSP00000264634	0	0	0	0	0	0.045	0	0.412	0.414
FLT4	MTOR	9606.ENSP00000261937	9606.ENSP00000354558	0	0	0	0	0	0	0	0.421	0.421
FLT4	HEY1	9606.ENSP00000261937	9606.ENSP00000338272	0	0	0	0	0	0	0	0.423	0.423
FLT4	PTEN	9606.ENSP00000261937	9606.ENSP00000361021	0	0	0	0	0	0.063	0	0.413	0.427
FLT4	CTNNB1	9606.ENSP00000261937	9606.ENSP00000495360	0	0	0	0	0.095	0	0	0.398	0.431
FLT4	NOTCH1	9606.ENSP00000261937	9606.ENSP00000498587	0	0	0	0	0.044	0	0	0.430	0.432
FLT4	TP53	9606.ENSP00000261937	9606.ENSP00000269305	0	0	0	0	0.059	0	0	0.433	0.443
FLT4	FGFR1	9606.ENSP00000261937	9606.ENSP00000393312	0	0	0	0.712	0.061	0.099	0	0.489	0.529
FLT4	WNT2	9606.ENSP00000261937	9606.ENSP00000265441	0	0	0	0	0	0.045	0	0.544	0.546
FLT4	IGF1R	9606.ENSP00000261937	9606.ENSP00000497069	0	0	0	0.573	0	0.074	0	0.532	0.548
FLT4	HEY2	9606.ENSP00000261937	9606.ENSP00000357348	0	0	0	0	0.053	0	0	0.572	0.578
FLT4	NOTCH4	9606.ENSP00000261937	9606.ENSP00000364163	0	0	0	0	0.107	0	0.500	0.379	0.698
FLT4	SHC2	9606.ENSP00000261937	9606.ENSP00000264554	0	0	0	0	0.075	0.105	0.650	0.112	0.708
FLT4	SHC3	9606.ENSP00000261937	9606.ENSP00000364995	0	0	0	0	0.055	0.162	0.650	0.071	0.708
FLT4	PIK3R3	9606.ENSP00000261937	9606.ENSP00000262741	0	0	0	0	0	0.153	0.650	0.131	0.720
FLT4	ERBB2	9606.ENSP00000261937	9606.ENSP00000269571	0	0	0	0.564	0.055	0.637	0	0.255	0.722
FLT4	PIK3CD	9606.ENSP00000261937	9606.ENSP00000366563	0	0	0	0	0.042	0.098	0.650	0.203	0.726
FLT4	PIK3CB	9606.ENSP00000261937	9606.ENSP00000501150	0	0	0	0	0	0.098	0.650	0.229	0.735
FLT4	FGF21	9606.ENSP00000261937	9606.ENSP00000471477	0	0	0	0	0.056	0.168	0.650	0.229	0.759
FLT4	FGF19	9606.ENSP00000261937	9606.ENSP00000294312	0	0	0	0	0	0.168	0.650	0.282	0.772
FLT4	IGF1	9606.ENSP00000261937	9606.ENSP00000376637	0	0	0	0	0	0	0.650	0.394	0.778
FLT4	FGF1	9606.ENSP00000261937	9606.ENSP00000480791	0	0	0	0	0.060	0.168	0.650	0.377	0.807
FLT4	PIK3CA	9606.ENSP00000261937	9606.ENSP00000263967	0	0	0	0	0	0.098	0.650	0.446	0.810
FLT4	SHC4	9606.ENSP00000261937	9606.ENSP00000329668	0	0	0	0	0.055	0.105	0.650	0.458	0.818
FLT4	PIK3R1	9606.ENSP00000261937	9606.ENSP00000428056	0	0	0	0	0	0.185	0.650	0.527	0.853
FLT4	FGF5	9606.ENSP00000261937	9606.ENSP00000311697	0	0	0	0	0	0.168	0.650	0.709	0.908
FLT4	FGF9	9606.ENSP00000261937	9606.ENSP00000371790	0	0	0	0	0.060	0.168	0.650	0.709	0.909
FLT4	FGF7	9606.ENSP00000261937	9606.ENSP00000267843	0	0	0	0	0.055	0.168	0.650	0.709	0.909
FLT4	FGF18	9606.ENSP00000261937	9606.ENSP00000274625	0	0	0	0	0.055	0.168	0.650	0.710	0.909
FLT4	FGF17	9606.ENSP00000261937	9606.ENSP00000352414	0	0	0	0	0.064	0.168	0.650	0.709	0.910
FLT4	FGF3	9606.ENSP00000261937	9606.ENSP00000334122	0	0	0	0	0.062	0.168	0.650	0.709	0.910
FLT4	EGF	9606.ENSP00000261937	9606.ENSP00000265171	0	0	0	0	0	0	0.650	0.758	0.911
FLT4	FGF8	9606.ENSP00000261937	9606.ENSP00000321797	0	0	0	0	0.082	0.168	0.650	0.709	0.912
FLT4	FGF16	9606.ENSP00000261937	9606.ENSP00000399324	0	0	0	0	0.074	0.168	0.650	0.712	0.912
FLT4	FGF10	9606.ENSP00000261937	9606.ENSP00000264664	0	0	0	0	0.086	0.168	0.650	0.709	0.912
FLT4	FGF2	9606.ENSP00000261937	9606.ENSP00000264498	0	0	0	0	0.055	0.168	0.650	0.814	0.942
FLT4	SHC1	9606.ENSP00000261937	9606.ENSP00000401303	0	0	0	0	0.057	0.672	0.650	0.791	0.974
FLT4	GRB2	9606.ENSP00000261937	9606.ENSP00000376345	0	0	0	0	0.055	0.383	0.650	0.910	0.979
FOS	FGF4	9606.ENSP00000306245	9606.ENSP00000168712	0	0	0	0	0.055	0	0	0.418	0.426
FOS	FGF20	9606.ENSP00000306245	9606.ENSP00000180166	0	0	0	0	0.087	0	0	0.416	0.444
FOS	FGF22	9606.ENSP00000306245	9606.ENSP00000215530	0	0	0	0	0.105	0	0	0.412	0.451
FOS	GADD45B	9606.ENSP00000306245	9606.ENSP00000215631	0	0	0	0	0.267	0	0	0.511	0.627
FOS	MAPK1	9606.ENSP00000306245	9606.ENSP00000215832	0	0	0	0	0.055	0.450	0.900	0.864	0.992
FOS	RPS6KB1	9606.ENSP00000306245	9606.ENSP00000225577	0	0	0	0	0.055	0.071	0.900	0.461	0.946
FOS	CCND1	9606.ENSP00000306245	9606.ENSP00000227507	0	0	0	0	0.055	0.469	0.500	0.799	0.942
FOS	FGF6	9606.ENSP00000306245	9606.ENSP00000228837	0	0	0	0	0.055	0	0	0.417	0.425
FOS	HES1	9606.ENSP00000306245	9606.ENSP00000232424	0	0	0	0	0.149	0.054	0	0.376	0.454
FOS	GADD45G	9606.ENSP00000306245	9606.ENSP00000252506	0	0	0	0	0.137	0	0	0.364	0.428
FOS	KRAS	9606.ENSP00000306245	9606.ENSP00000256078	0	0	0	0	0.056	0.097	0	0.515	0.550
FOS	CDK4	9606.ENSP00000306245	9606.ENSP00000257904	0	0	0	0	0.051	0.079	0	0.451	0.478
FOS	MAPK3	9606.ENSP00000306245	9606.ENSP00000263025	0	0	0	0	0.055	0.450	0.900	0.907	0.994
FOS	NOTCH3	9606.ENSP00000306245	9606.ENSP00000263388	0	0	0	0	0.063	0.094	0	0.465	0.507
FOS	PIK3CA	9606.ENSP00000306245	9606.ENSP00000263967	0	0	0	0	0	0.124	0	0.589	0.625
FOS	FGF2	9606.ENSP00000306245	9606.ENSP00000264498	0	0	0	0	0.087	0	0	0.665	0.681
FOS	FGF10	9606.ENSP00000306245	9606.ENSP00000264664	0	0	0	0	0.108	0	0	0.418	0.459
FOS	LEF1	9606.ENSP00000306245	9606.ENSP00000265165	0	0	0	0	0.042	0.090	0	0.517	0.543
FOS	EGF	9606.ENSP00000306245	9606.ENSP00000265171	0	0	0	0	0	0	0.400	0.662	0.788
FOS	CDK6	9606.ENSP00000306245	9606.ENSP00000265734	0	0	0	0	0.051	0.079	0	0.374	0.405
FOS	RB1	9606.ENSP00000306245	9606.ENSP00000267163	0	0	0	0	0.042	0.313	0	0.321	0.514
FOS	FGF7	9606.ENSP00000306245	9606.ENSP00000267843	0	0	0	0	0.087	0	0	0.435	0.462
FOS	TP53	9606.ENSP00000306245	9606.ENSP00000269305	0	0	0	0	0.053	0.230	0.500	0.884	0.952
FOS	ERBB2	9606.ENSP00000306245	9606.ENSP00000269571	0	0	0	0	0.057	0.071	0	0.507	0.530
FOS	FGF18	9606.ENSP00000306245	9606.ENSP00000274625	0	0	0	0	0.055	0	0	0.418	0.426
FOS	EGFR	9606.ENSP00000306245	9606.ENSP00000275493	0	0	0	0	0.086	0.591	0.400	0.765	0.940
FOS	MAP2K1	9606.ENSP00000306245	9606.ENSP00000302486	0	0	0	0	0.048	0.095	0	0.629	0.652
FOS	TCF7	9606.ENSP00000306245	9606.ENSP00000340347	0	0	0	0	0	0.090	0	0.383	0.415
FOS	FGF5	9606.ENSP00000306245	9606.ENSP00000311697	0	0	0	0	0.055	0	0	0.418	0.426
FOS	FGF8	9606.ENSP00000306245	9606.ENSP00000321797	0	0	0	0	0.055	0	0	0.418	0.426
FOS	FGF3	9606.ENSP00000306245	9606.ENSP00000334122	0	0	0	0	0.055	0	0	0.418	0.426
FOS	FGF17	9606.ENSP00000306245	9606.ENSP00000352414	0	0	0	0	0.055	0	0	0.419	0.427
FOS	FGF16	9606.ENSP00000306245	9606.ENSP00000399324	0	0	0	0	0.087	0	0	0.410	0.438
FOS	FGF9	9606.ENSP00000306245	9606.ENSP00000371790	0	0	0	0	0.087	0	0	0.418	0.445
FOS	BRAF	9606.ENSP00000306245	9606.ENSP00000419060	0	0	0	0	0	0.096	0	0.427	0.460
FOS	E2F2	9606.ENSP00000306245	9606.ENSP00000355249	0	0	0	0	0	0	0	0.462	0.462
FOS	NRAS	9606.ENSP00000306245	9606.ENSP00000358548	0	0	0	0	0.056	0.097	0	0.440	0.481
FOS	NFKB2	9606.ENSP00000306245	9606.ENSP00000358983	0	0	0	0	0.045	0.053	0	0.472	0.481
FOS	HEY1	9606.ENSP00000306245	9606.ENSP00000338272	0	0	0	0	0.042	0.054	0	0.481	0.488
FOS	IGF1R	9606.ENSP00000306245	9606.ENSP00000497069	0	0	0	0	0.048	0.096	0	0.455	0.490
FOS	MTOR	9606.ENSP00000306245	9606.ENSP00000354558	0	0	0	0	0.051	0.068	0	0.481	0.501
FOS	PIK3CD	9606.ENSP00000306245	9606.ENSP00000366563	0	0	0	0	0.043	0	0	0.511	0.512
FOS	SHC1	9606.ENSP00000306245	9606.ENSP00000401303	0	0	0	0	0.057	0	0	0.505	0.513
FOS	GRB2	9606.ENSP00000306245	9606.ENSP00000376345	0	0	0	0	0.055	0	0	0.507	0.514
FOS	RAF1	9606.ENSP00000306245	9606.ENSP00000401888	0	0	0	0	0	0.096	0	0.487	0.517
FOS	PIK3CB	9606.ENSP00000306245	9606.ENSP00000501150	0	0	0	0	0	0	0	0.525	0.525
FOS	GSK3B	9606.ENSP00000306245	9606.ENSP00000324806	0	0	0	0	0	0.096	0	0.515	0.543
FOS	IGF1	9606.ENSP00000306245	9606.ENSP00000376637	0	0	0	0	0.049	0	0	0.582	0.585
FOS	TCF7L2	9606.ENSP00000306245	9606.ENSP00000486891	0	0	0	0	0.047	0.099	0	0.586	0.614
FOS	CTNNB1	9606.ENSP00000306245	9606.ENSP00000495360	0	0	0	0	0.061	0	0	0.610	0.618
FOS	NOTCH1	9606.ENSP00000306245	9606.ENSP00000498587	0	0	0	0	0.042	0.094	0	0.610	0.632
FOS	PIK3R1	9606.ENSP00000306245	9606.ENSP00000428056	0	0	0	0	0.047	0.122	0	0.609	0.644
FOS	PGR	9606.ENSP00000306245	9606.ENSP00000325120	0	0	0	0	0.042	0.066	0	0.650	0.659
FOS	GADD45A	9606.ENSP00000306245	9606.ENSP00000360025	0	0	0	0	0.100	0	0	0.639	0.661
FOS	E2F1	9606.ENSP00000306245	9606.ENSP00000345571	0	0	0	0	0	0	0	0.699	0.699
FOS	PTEN	9606.ENSP00000306245	9606.ENSP00000361021	0	0	0	0	0.073	0.094	0	0.688	0.715
FOS	AKT1	9606.ENSP00000306245	9606.ENSP00000451828	0	0	0	0	0.069	0.096	0	0.722	0.746
FOS	CDKN1A	9606.ENSP00000306245	9606.ENSP00000384849	0	0	0	0	0.126	0	0	0.729	0.753
FOS	HRAS	9606.ENSP00000306245	9606.ENSP00000407586	0	0	0	0	0.056	0.097	0	0.744	0.763
FOS	TNFSF11	9606.ENSP00000306245	9606.ENSP00000381775	0	0	0	0	0.055	0	0	0.853	0.856
FOS	RPS6KB2	9606.ENSP00000306245	9606.ENSP00000308413	0	0	0	0	0.055	0.071	0.900	0.327	0.933
FOS	SP1	9606.ENSP00000306245	9606.ENSP00000329357	0	0	0	0	0	0.066	0.900	0.453	0.944
FOS	NCOA1	9606.ENSP00000306245	9606.ENSP00000385216	0	0	0	0	0.049	0.643	0.800	0.340	0.949
FOS	ESR2	9606.ENSP00000306245	9606.ENSP00000343925	0	0	0	0	0	0.095	0.900	0.611	0.961
FOS	MYC	9606.ENSP00000306245	9606.ENSP00000478887	0	0	0	0	0.134	0.221	0.400	0.924	0.965
FOS	NCOA3	9606.ENSP00000306245	9606.ENSP00000361066	0	0	0	0	0	0.327	0.900	0.593	0.970
FOS	JUN	9606.ENSP00000306245	9606.ENSP00000360266	0	0	0	0	0.690	0.999	0.900	0.999	0.999
FOS	ESR1	9606.ENSP00000306245	9606.ENSP00000405330	0	0	0	0	0.044	0.522	0.900	0.994	0.999
FRAT1	DVL2	9606.ENSP00000360060	9606.ENSP00000005340	0	0	0	0	0.042	0	0.900	0.247	0.921
FRAT1	APC	9606.ENSP00000360060	9606.ENSP00000257430	0	0	0	0	0	0	0.400	0.330	0.580
FRAT1	LRP6	9606.ENSP00000360060	9606.ENSP00000261349	0	0	0	0	0	0	0	0.525	0.525
FRAT1	AXIN1	9606.ENSP00000360060	9606.ENSP00000262320	0	0	0	0	0.072	0.292	0.400	0.984	0.992
FRAT1	WNT1	9606.ENSP00000360060	9606.ENSP00000293549	0	0	0	0	0.045	0	0	0.433	0.435
FRAT1	LRP5	9606.ENSP00000360060	9606.ENSP00000294304	0	0	0	0	0	0	0	0.425	0.425
FRAT1	DVL3	9606.ENSP00000360060	9606.ENSP00000316054	0	0	0	0	0.042	0	0.900	0.213	0.918
FRAT1	GSK3B	9606.ENSP00000360060	9606.ENSP00000324806	0	0	0	0	0	0.842	0.900	0.979	0.999
FRAT1	FRAT2	9606.ENSP00000360060	9606.ENSP00000360058	0	0	0.054	0.972	0.517	0	0.900	0.066	0.951
FRAT1	CTNNB1	9606.ENSP00000360060	9606.ENSP00000495360	0	0	0	0	0	0	0.400	0.697	0.810
FRAT1	DVL1	9606.ENSP00000360060	9606.ENSP00000368166	0	0	0	0	0.061	0.292	0.900	0.954	0.996
FRAT2	DVL2	9606.ENSP00000360058	9606.ENSP00000005340	0	0	0	0	0	0	0.900	0.082	0.904
FRAT2	FZD10	9606.ENSP00000360058	9606.ENSP00000229030	0	0	0	0	0.042	0	0	0.547	0.548
FRAT2	APC	9606.ENSP00000360058	9606.ENSP00000257430	0	0	0	0	0	0	0.400	0.139	0.461
FRAT2	LRP6	9606.ENSP00000360058	9606.ENSP00000261349	0	0	0	0	0	0	0	0.485	0.485
FRAT2	AXIN1	9606.ENSP00000360058	9606.ENSP00000262320	0	0	0	0	0.080	0	0.400	0.298	0.578
FRAT2	DVL3	9606.ENSP00000360058	9606.ENSP00000316054	0	0	0	0	0	0	0.900	0.272	0.924
FRAT2	GSK3B	9606.ENSP00000360058	9606.ENSP00000324806	0	0	0	0	0	0.608	0.900	0.709	0.987
FRAT2	FZD5	9606.ENSP00000360058	9606.ENSP00000354607	0	0	0	0	0.044	0	0	0.406	0.408
FRAT2	FZD4	9606.ENSP00000360058	9606.ENSP00000434034	0	0	0	0	0	0	0	0.408	0.408
FRAT2	CTNNB1	9606.ENSP00000360058	9606.ENSP00000495360	0	0	0	0	0	0	0.400	0.568	0.729
FRAT2	DVL1	9606.ENSP00000360058	9606.ENSP00000368166	0	0	0	0	0.060	0	0.900	0.227	0.920
FRAT2	FRAT1	9606.ENSP00000360058	9606.ENSP00000360060	0	0	0.054	0.972	0.517	0	0.900	0.066	0.951
FZD1	DVL2	9606.ENSP00000287934	9606.ENSP00000005340	0	0	0	0	0.049	0.169	0.650	0.773	0.928
FZD1	WNT16	9606.ENSP00000287934	9606.ENSP00000222462	0	0	0	0	0	0.234	0.650	0.702	0.913
FZD1	WNT3	9606.ENSP00000287934	9606.ENSP00000225512	0	0	0	0	0	0.234	0.650	0.749	0.926
FZD1	CCND1	9606.ENSP00000287934	9606.ENSP00000227507	0	0	0	0	0.098	0	0	0.480	0.511
FZD1	FZD10	9606.ENSP00000287934	9606.ENSP00000229030	0	0	0	0.915	0	0	0	0.405	0.405
FZD1	WNT6	9606.ENSP00000287934	9606.ENSP00000233948	0	0	0	0	0	0.234	0.650	0.753	0.928
FZD1	FZD3	9606.ENSP00000287934	9606.ENSP00000240093	0	0	0.065	0.894	0.043	0	0.500	0.121	0.554
FZD1	APC	9606.ENSP00000287934	9606.ENSP00000257430	0	0	0	0	0.042	0	0.540	0.403	0.714
FZD1	WNT10A	9606.ENSP00000287934	9606.ENSP00000258411	0	0	0	0	0	0.173	0.650	0.750	0.921
FZD1	LRP6	9606.ENSP00000287934	9606.ENSP00000261349	0	0	0	0	0	0.093	0.800	0.878	0.976
FZD1	AXIN1	9606.ENSP00000287934	9606.ENSP00000262320	0	0	0	0	0.060	0	0.500	0.860	0.928
FZD1	WNT5A	9606.ENSP00000287934	9606.ENSP00000264634	0	0	0	0	0.072	0.434	0.650	0.955	0.990
FZD1	LEF1	9606.ENSP00000287934	9606.ENSP00000265165	0	0	0	0	0	0	0	0.579	0.579
FZD1	WNT2	9606.ENSP00000287934	9606.ENSP00000265441	0	0	0.304	0	0.049	0.234	0.650	0.779	0.953
FZD1	WNT9A	9606.ENSP00000287934	9606.ENSP00000272164	0	0	0	0	0	0.173	0.650	0.604	0.875
FZD1	TCF7L1	9606.ENSP00000287934	9606.ENSP00000282111	0	0	0	0	0.058	0	0	0.398	0.409
FZD1	WNT3A	9606.ENSP00000287934	9606.ENSP00000284523	0	0	0	0	0	0.434	0.650	0.994	0.998
FZD1	WNT7A	9606.ENSP00000287934	9606.ENSP00000285018	0	0	0	0	0	0.234	0.650	0.769	0.932
FZD1	FZD7	9606.ENSP00000287934	9606.ENSP00000286201	0	0	0.051	0.978	0.122	0	0.500	0.422	0.727
FZD1	TCF7L2	9606.ENSP00000287934	9606.ENSP00000486891	0	0	0	0	0.064	0	0	0.404	0.418
FZD1	MYC	9606.ENSP00000287934	9606.ENSP00000478887	0	0	0	0	0.078	0	0	0.399	0.422
FZD1	TCF7	9606.ENSP00000287934	9606.ENSP00000340347	0	0	0	0	0	0	0	0.422	0.422
FZD1	FZD4	9606.ENSP00000287934	9606.ENSP00000434034	0	0	0.064	0.911	0.047	0	0.500	0.127	0.559
FZD1	FZD6	9606.ENSP00000287934	9606.ENSP00000351605	0	0	0.073	0.884	0.062	0	0.500	0.125	0.568
FZD1	AXIN2	9606.ENSP00000287934	9606.ENSP00000302625	0	0	0	0	0.053	0	0	0.628	0.633
FZD1	FZD5	9606.ENSP00000287934	9606.ENSP00000354607	0	0	0	0.923	0.089	0	0.500	0.411	0.708
FZD1	FZD2	9606.ENSP00000287934	9606.ENSP00000323901	0	0	0.051	0.978	0.083	0.082	0.500	0.395	0.714
FZD1	FZD8	9606.ENSP00000287934	9606.ENSP00000363826	0	0	0	0.899	0.147	0	0.500	0.449	0.744
FZD1	WNT9B	9606.ENSP00000287934	9606.ENSP00000290015	0	0	0	0	0	0.173	0.650	0.518	0.848
FZD1	GSK3B	9606.ENSP00000287934	9606.ENSP00000324806	0	0	0	0	0.049	0.250	0.540	0.599	0.851
FZD1	WNT8A	9606.ENSP00000287934	9606.ENSP00000426653	0	0	0	0	0	0.234	0.650	0.507	0.856
FZD1	DVL3	9606.ENSP00000287934	9606.ENSP00000316054	0	0	0	0	0.049	0.169	0.650	0.550	0.859
FZD1	WNT8B	9606.ENSP00000287934	9606.ENSP00000340677	0	0	0	0	0	0.234	0.650	0.544	0.867
FZD1	WNT5B	9606.ENSP00000287934	9606.ENSP00000380379	0	0	0.221	0	0.074	0.234	0.650	0.599	0.908
FZD1	CTNNB1	9606.ENSP00000287934	9606.ENSP00000495360	0	0	0	0	0.042	0.065	0.540	0.815	0.913
FZD1	WNT2B	9606.ENSP00000287934	9606.ENSP00000358698	0	0	0.202	0	0	0.234	0.650	0.759	0.941
FZD1	WNT4	9606.ENSP00000287934	9606.ENSP00000290167	0	0	0	0	0	0.234	0.650	0.815	0.946
FZD1	WNT10B	9606.ENSP00000287934	9606.ENSP00000301061	0	0	0	0	0	0.173	0.650	0.833	0.947
FZD1	WNT7B	9606.ENSP00000287934	9606.ENSP00000341032	0	0	0	0	0	0.234	0.650	0.834	0.951
FZD1	DVL1	9606.ENSP00000287934	9606.ENSP00000368166	0	0	0	0	0.067	0.169	0.650	0.936	0.980
FZD1	WNT11	9606.ENSP00000287934	9606.ENSP00000325526	0	0	0	0	0.087	0.234	0.900	0.774	0.982
FZD1	WNT1	9606.ENSP00000287934	9606.ENSP00000293549	0	0	0	0	0	0.234	0.900	0.970	0.997
FZD1	LRP5	9606.ENSP00000287934	9606.ENSP00000294304	0	0	0	0	0.080	0.093	0.800	0.993	0.998
FZD10	DVL2	9606.ENSP00000229030	9606.ENSP00000005340	0	0	0	0	0.052	0.169	0.650	0.352	0.797
FZD10	WNT16	9606.ENSP00000229030	9606.ENSP00000222462	0	0	0	0	0.044	0.234	0.650	0.474	0.847
FZD10	WNT3	9606.ENSP00000229030	9606.ENSP00000225512	0	0	0	0	0	0.234	0.650	0.475	0.847
FZD10	FZD1	9606.ENSP00000229030	9606.ENSP00000287934	0	0	0	0.915	0	0	0	0.405	0.405
FZD10	AXIN1	9606.ENSP00000229030	9606.ENSP00000262320	0	0	0	0	0.053	0	0	0.428	0.435
FZD10	LEF1	9606.ENSP00000229030	9606.ENSP00000265165	0	0	0	0	0.061	0	0	0.464	0.475
FZD10	AXIN2	9606.ENSP00000229030	9606.ENSP00000302625	0	0	0	0	0.059	0	0	0.496	0.506
FZD10	FRAT2	9606.ENSP00000229030	9606.ENSP00000360058	0	0	0	0	0.042	0	0	0.547	0.548
FZD10	CTNNB1	9606.ENSP00000229030	9606.ENSP00000495360	0	0	0	0	0	0.065	0	0.724	0.731
FZD10	DVL3	9606.ENSP00000229030	9606.ENSP00000316054	0	0	0	0	0.052	0.169	0.650	0.385	0.807
FZD10	WNT9A	9606.ENSP00000229030	9606.ENSP00000272164	0	0	0	0	0	0.173	0.650	0.418	0.817
FZD10	WNT5B	9606.ENSP00000229030	9606.ENSP00000380379	0	0	0	0	0	0.234	0.650	0.402	0.825
FZD10	DVL1	9606.ENSP00000229030	9606.ENSP00000368166	0	0	0	0	0.052	0.169	0.650	0.465	0.832
FZD10	WNT8B	9606.ENSP00000229030	9606.ENSP00000340677	0	0	0	0	0	0.234	0.650	0.430	0.834
FZD10	WNT8A	9606.ENSP00000229030	9606.ENSP00000426653	0	0	0	0	0	0.234	0.650	0.430	0.834
FZD10	WNT6	9606.ENSP00000229030	9606.ENSP00000233948	0	0	0	0	0.078	0.234	0.650	0.472	0.852
FZD10	WNT4	9606.ENSP00000229030	9606.ENSP00000290167	0	0	0	0	0.062	0.234	0.650	0.506	0.859
FZD10	WNT5A	9606.ENSP00000229030	9606.ENSP00000264634	0	0	0	0	0.080	0.234	0.650	0.535	0.869
FZD10	WNT10B	9606.ENSP00000229030	9606.ENSP00000301061	0	0	0	0	0	0.173	0.650	0.623	0.881
FZD10	WNT10A	9606.ENSP00000229030	9606.ENSP00000258411	0	0	0	0	0	0.173	0.650	0.628	0.883
FZD10	WNT9B	9606.ENSP00000229030	9606.ENSP00000290015	0	0	0	0	0	0.173	0.650	0.629	0.883
FZD10	WNT2	9606.ENSP00000229030	9606.ENSP00000265441	0	0	0	0	0.063	0.234	0.650	0.658	0.902
FZD10	WNT3A	9606.ENSP00000229030	9606.ENSP00000284523	0	0	0	0	0	0.234	0.650	0.670	0.904
FZD10	WNT2B	9606.ENSP00000229030	9606.ENSP00000358698	0	0	0	0	0.044	0.234	0.650	0.688	0.909
FZD10	LRP6	9606.ENSP00000229030	9606.ENSP00000261349	0	0	0	0	0.042	0.093	0.800	0.644	0.930
FZD10	LRP5	9606.ENSP00000229030	9606.ENSP00000294304	0	0	0	0	0	0.093	0.800	0.679	0.936
FZD10	WNT11	9606.ENSP00000229030	9606.ENSP00000325526	0	0	0	0	0.094	0.234	0.900	0.546	0.964
FZD10	WNT7B	9606.ENSP00000229030	9606.ENSP00000341032	0	0	0	0	0	0.234	0.650	0.879	0.964
FZD10	WNT7A	9606.ENSP00000229030	9606.ENSP00000285018	0	0	0	0	0	0.234	0.650	0.954	0.986
FZD10	WNT1	9606.ENSP00000229030	9606.ENSP00000293549	0	0	0	0	0	0.234	0.900	0.834	0.986
FZD2	DVL2	9606.ENSP00000323901	9606.ENSP00000005340	0	0	0	0	0.060	0.169	0.650	0.860	0.956
FZD2	WNT16	9606.ENSP00000323901	9606.ENSP00000222462	0	0	0	0	0	0.234	0.650	0.669	0.903
FZD2	WNT3	9606.ENSP00000323901	9606.ENSP00000225512	0	0	0	0	0.045	0.234	0.650	0.553	0.870
FZD2	CCND1	9606.ENSP00000323901	9606.ENSP00000227507	0	0	0	0	0.110	0	0	0.447	0.488
FZD2	WNT6	9606.ENSP00000323901	9606.ENSP00000233948	0	0	0	0	0.044	0.234	0.650	0.864	0.960
FZD2	FZD3	9606.ENSP00000323901	9606.ENSP00000240093	0	0	0.059	0.913	0	0	0.500	0.401	0.693
FZD2	APC	9606.ENSP00000323901	9606.ENSP00000257430	0	0	0	0	0	0	0.500	0.590	0.786
FZD2	WNT10A	9606.ENSP00000323901	9606.ENSP00000258411	0	0	0	0	0	0.173	0.650	0.566	0.863
FZD2	LRP6	9606.ENSP00000323901	9606.ENSP00000261349	0	0	0	0	0	0.093	0.800	0.751	0.950
FZD2	AXIN1	9606.ENSP00000323901	9606.ENSP00000262320	0	0	0	0	0.053	0	0.500	0.750	0.871
FZD2	WNT5A	9606.ENSP00000323901	9606.ENSP00000264634	0	0	0	0	0.074	0.434	0.650	0.997	0.999
FZD2	LEF1	9606.ENSP00000323901	9606.ENSP00000265165	0	0	0	0	0.047	0	0	0.545	0.548
FZD2	WNT2	9606.ENSP00000323901	9606.ENSP00000265441	0	0	0.268	0	0.047	0.234	0.650	0.833	0.963
FZD2	WNT9A	9606.ENSP00000323901	9606.ENSP00000272164	0	0	0	0	0	0.173	0.650	0.545	0.856
FZD2	WNT3A	9606.ENSP00000323901	9606.ENSP00000284523	0	0	0	0	0	0.667	0.650	0.981	0.997
FZD2	WNT7A	9606.ENSP00000323901	9606.ENSP00000285018	0	0	0	0	0	0.234	0.650	0.802	0.942
FZD2	FZD7	9606.ENSP00000323901	9606.ENSP00000286201	0	0	0.051	0.978	0.087	0.240	0.500	0.453	0.787
FZD2	FZD1	9606.ENSP00000323901	9606.ENSP00000287934	0	0	0.051	0.978	0.083	0.082	0.500	0.395	0.714
FZD2	WNT9B	9606.ENSP00000323901	9606.ENSP00000290015	0	0	0	0	0	0.173	0.650	0.493	0.840
FZD2	WNT4	9606.ENSP00000323901	9606.ENSP00000290167	0	0	0	0	0.044	0.234	0.650	0.913	0.974
FZD2	WNT1	9606.ENSP00000323901	9606.ENSP00000293549	0	0	0	0	0	0.234	0.900	0.789	0.982
FZD2	LRP5	9606.ENSP00000323901	9606.ENSP00000294304	0	0	0	0	0.083	0.093	0.800	0.782	0.959
FZD2	WNT10B	9606.ENSP00000323901	9606.ENSP00000301061	0	0	0	0	0	0.173	0.650	0.585	0.869
FZD2	AXIN2	9606.ENSP00000323901	9606.ENSP00000302625	0	0	0	0	0.053	0	0	0.720	0.724
FZD2	DVL3	9606.ENSP00000323901	9606.ENSP00000316054	0	0	0	0	0.042	0.169	0.650	0.551	0.858
FZD2	FZD6	9606.ENSP00000323901	9606.ENSP00000351605	0	0	0.060	0.908	0	0	0.500	0.103	0.542
FZD2	FZD4	9606.ENSP00000323901	9606.ENSP00000434034	0	0	0.060	0.915	0	0	0.500	0.122	0.552
FZD2	FZD8	9606.ENSP00000323901	9606.ENSP00000363826	0	0	0.057	0.927	0.126	0	0.500	0.367	0.704
FZD2	FZD5	9606.ENSP00000323901	9606.ENSP00000354607	0	0	0.057	0.933	0.087	0	0.500	0.397	0.705
FZD2	GSK3B	9606.ENSP00000323901	9606.ENSP00000324806	0	0	0	0	0	0.071	0.500	0.515	0.755
FZD2	WNT8A	9606.ENSP00000323901	9606.ENSP00000426653	0	0	0	0	0	0.234	0.650	0.475	0.847
FZD2	WNT2B	9606.ENSP00000323901	9606.ENSP00000358698	0	0	0	0	0	0.234	0.650	0.597	0.882
FZD2	WNT8B	9606.ENSP00000323901	9606.ENSP00000340677	0	0	0	0	0	0.234	0.650	0.712	0.916
FZD2	CTNNB1	9606.ENSP00000323901	9606.ENSP00000495360	0	0	0	0	0	0.065	0.500	0.871	0.934
FZD2	DVL1	9606.ENSP00000323901	9606.ENSP00000368166	0	0	0	0	0.067	0.169	0.650	0.802	0.939
FZD2	WNT7B	9606.ENSP00000323901	9606.ENSP00000341032	0	0	0.204	0	0.043	0.234	0.650	0.836	0.960
FZD2	WNT5B	9606.ENSP00000323901	9606.ENSP00000380379	0	0	0.216	0	0.092	0.234	0.650	0.851	0.966
FZD2	WNT11	9606.ENSP00000323901	9606.ENSP00000325526	0	0	0	0	0.087	0.234	0.900	0.813	0.985
FZD3	DVL2	9606.ENSP00000240093	9606.ENSP00000005340	0	0	0	0	0	0.169	0.650	0.629	0.882
FZD3	WNT16	9606.ENSP00000240093	9606.ENSP00000222462	0	0	0	0	0.042	0.234	0.650	0.647	0.897
FZD3	WNT3	9606.ENSP00000240093	9606.ENSP00000225512	0	0	0	0	0	0.234	0.650	0.530	0.863
FZD3	WNT6	9606.ENSP00000240093	9606.ENSP00000233948	0	0	0	0	0	0.234	0.650	0.724	0.919
FZD3	GSK3B	9606.ENSP00000240093	9606.ENSP00000324806	0	0	0	0	0	0.071	0	0.433	0.451
FZD3	AXIN1	9606.ENSP00000240093	9606.ENSP00000262320	0	0	0	0	0.053	0	0	0.450	0.457
FZD3	LEF1	9606.ENSP00000240093	9606.ENSP00000265165	0	0	0	0	0.047	0	0	0.483	0.487
FZD3	AXIN2	9606.ENSP00000240093	9606.ENSP00000302625	0	0	0	0	0.060	0	0	0.515	0.525
FZD3	FZD7	9606.ENSP00000240093	9606.ENSP00000286201	0	0	0.055	0.914	0.056	0	0.500	0.095	0.542
FZD3	FZD1	9606.ENSP00000240093	9606.ENSP00000287934	0	0	0.065	0.894	0.043	0	0.500	0.121	0.554
FZD3	FZD8	9606.ENSP00000240093	9606.ENSP00000363826	0	0	0	0.804	0	0	0.500	0.164	0.564
FZD3	FZD5	9606.ENSP00000240093	9606.ENSP00000354607	0	0	0	0.855	0.043	0	0.500	0.394	0.684
FZD3	FZD6	9606.ENSP00000240093	9606.ENSP00000351605	0	0	0	0.944	0.045	0	0.500	0.408	0.692
FZD3	FZD2	9606.ENSP00000240093	9606.ENSP00000323901	0	0	0.059	0.913	0	0	0.500	0.401	0.693
FZD3	FZD4	9606.ENSP00000240093	9606.ENSP00000434034	0	0	0	0.844	0	0	0.500	0.415	0.695
FZD3	CTNNB1	9606.ENSP00000240093	9606.ENSP00000495360	0	0	0	0	0.049	0.065	0	0.758	0.766
FZD3	WNT10B	9606.ENSP00000240093	9606.ENSP00000301061	0	0	0	0	0	0.173	0.650	0.418	0.816
FZD3	WNT9B	9606.ENSP00000240093	9606.ENSP00000290015	0	0	0	0	0	0.173	0.650	0.418	0.817
FZD3	WNT8A	9606.ENSP00000240093	9606.ENSP00000426653	0	0	0	0	0	0.234	0.650	0.401	0.825
FZD3	WNT10A	9606.ENSP00000240093	9606.ENSP00000258411	0	0	0	0	0	0.173	0.650	0.450	0.827
FZD3	WNT8B	9606.ENSP00000240093	9606.ENSP00000340677	0	0	0	0	0	0.234	0.650	0.434	0.835
FZD3	WNT9A	9606.ENSP00000240093	9606.ENSP00000272164	0	0	0	0	0	0.173	0.650	0.488	0.839
FZD3	DVL3	9606.ENSP00000240093	9606.ENSP00000316054	0	0	0	0	0	0.169	0.650	0.551	0.858
FZD3	LRP6	9606.ENSP00000240093	9606.ENSP00000261349	0	0	0	0	0.061	0.093	0.800	0.550	0.913
FZD3	WNT2	9606.ENSP00000240093	9606.ENSP00000265441	0	0	0	0	0	0.234	0.650	0.748	0.926
FZD3	WNT2B	9606.ENSP00000240093	9606.ENSP00000358698	0	0	0	0	0	0.234	0.650	0.780	0.936
FZD3	LRP5	9606.ENSP00000240093	9606.ENSP00000294304	0	0	0	0	0	0.093	0.800	0.695	0.939
FZD3	WNT7A	9606.ENSP00000240093	9606.ENSP00000285018	0	0	0	0	0	0.234	0.650	0.811	0.945
FZD3	WNT7B	9606.ENSP00000240093	9606.ENSP00000341032	0	0	0	0	0	0.234	0.650	0.818	0.947
FZD3	WNT3A	9606.ENSP00000240093	9606.ENSP00000284523	0	0	0.223	0	0	0.234	0.650	0.817	0.956
FZD3	DVL1	9606.ENSP00000240093	9606.ENSP00000368166	0	0	0	0	0	0.169	0.650	0.867	0.958
FZD3	WNT1	9606.ENSP00000240093	9606.ENSP00000293549	0	0	0	0	0	0.234	0.900	0.531	0.960
FZD3	WNT5B	9606.ENSP00000240093	9606.ENSP00000380379	0	0	0	0	0	0.234	0.900	0.833	0.986
FZD3	WNT4	9606.ENSP00000240093	9606.ENSP00000290167	0	0	0	0	0.042	0.234	0.900	0.854	0.987
FZD3	WNT11	9606.ENSP00000240093	9606.ENSP00000325526	0	0	0	0	0	0.234	0.900	0.962	0.996
FZD3	WNT5A	9606.ENSP00000240093	9606.ENSP00000264634	0	0	0	0	0.042	0.234	0.900	0.995	0.999
FZD4	DVL2	9606.ENSP00000434034	9606.ENSP00000005340	0	0	0	0	0.059	0.169	0.800	0.919	0.985
FZD4	WNT16	9606.ENSP00000434034	9606.ENSP00000222462	0	0	0	0	0	0.234	0.650	0.712	0.916
FZD4	WNT3	9606.ENSP00000434034	9606.ENSP00000225512	0	0	0.244	0	0	0.234	0.650	0.553	0.897
FZD4	CCND1	9606.ENSP00000434034	9606.ENSP00000227507	0	0	0	0	0.067	0	0	0.411	0.427
FZD4	WNT6	9606.ENSP00000434034	9606.ENSP00000233948	0	0	0	0	0.057	0.234	0.650	0.762	0.931
FZD4	FZD3	9606.ENSP00000434034	9606.ENSP00000240093	0	0	0	0.844	0	0	0.500	0.415	0.695
FZD4	WNT10A	9606.ENSP00000434034	9606.ENSP00000258411	0	0	0	0	0	0.173	0.650	0.495	0.841
FZD4	LRP6	9606.ENSP00000434034	9606.ENSP00000261349	0	0	0	0	0.062	0.093	0.800	0.995	0.999
FZD4	AXIN1	9606.ENSP00000434034	9606.ENSP00000262320	0	0	0	0	0.053	0	0	0.758	0.761
FZD4	WNT5A	9606.ENSP00000434034	9606.ENSP00000264634	0	0	0	0	0.058	0.234	0.900	0.998	0.999
FZD4	LEF1	9606.ENSP00000434034	9606.ENSP00000265165	0	0	0	0	0	0	0	0.543	0.543
FZD4	WNT2	9606.ENSP00000434034	9606.ENSP00000265441	0	0	0.258	0	0.048	0.234	0.650	0.818	0.959
FZD4	WNT9A	9606.ENSP00000434034	9606.ENSP00000272164	0	0	0.203	0	0.049	0.173	0.650	0.518	0.875
FZD4	WNT3A	9606.ENSP00000434034	9606.ENSP00000284523	0	0	0.253	0	0	0.234	0.650	0.882	0.973
FZD4	WNT7A	9606.ENSP00000434034	9606.ENSP00000285018	0	0	0.202	0	0	0.234	0.650	0.972	0.993
FZD4	FZD7	9606.ENSP00000434034	9606.ENSP00000286201	0	0	0.063	0.909	0.057	0	0.500	0.126	0.562
FZD4	FZD1	9606.ENSP00000434034	9606.ENSP00000287934	0	0	0.064	0.911	0.047	0	0.500	0.127	0.559
FZD4	WNT9B	9606.ENSP00000434034	9606.ENSP00000290015	0	0	0.261	0	0	0.173	0.650	0.619	0.907
FZD4	WNT4	9606.ENSP00000434034	9606.ENSP00000290167	0	0	0.211	0	0	0.234	0.650	0.872	0.969
FZD4	WNT1	9606.ENSP00000434034	9606.ENSP00000293549	0	0	0	0	0	0.234	0.900	0.754	0.979
FZD4	LRP5	9606.ENSP00000434034	9606.ENSP00000294304	0	0	0	0	0.060	0.093	0.800	0.998	0.999
FZD4	WNT10B	9606.ENSP00000434034	9606.ENSP00000301061	0	0	0	0	0	0.173	0.650	0.677	0.898
FZD4	AXIN2	9606.ENSP00000434034	9606.ENSP00000302625	0	0	0	0	0.059	0	0	0.583	0.592
FZD4	DVL3	9606.ENSP00000434034	9606.ENSP00000316054	0	0	0	0	0.059	0.169	0.650	0.828	0.946
FZD4	FZD2	9606.ENSP00000434034	9606.ENSP00000323901	0	0	0.060	0.915	0	0	0.500	0.122	0.552
FZD4	GSK3B	9606.ENSP00000434034	9606.ENSP00000324806	0	0	0	0	0	0.071	0	0.485	0.501
FZD4	WNT11	9606.ENSP00000434034	9606.ENSP00000325526	0	0	0.208	0	0.058	0.234	0.900	0.932	0.995
FZD4	TCF7	9606.ENSP00000434034	9606.ENSP00000340347	0	0	0	0	0	0	0	0.421	0.421
FZD4	WNT8B	9606.ENSP00000434034	9606.ENSP00000340677	0	0	0	0	0	0.234	0.650	0.475	0.847
FZD4	WNT7B	9606.ENSP00000434034	9606.ENSP00000341032	0	0	0.219	0	0	0.234	0.650	0.958	0.990
FZD4	FZD6	9606.ENSP00000434034	9606.ENSP00000351605	0	0	0	0.839	0.042	0	0.500	0.176	0.571
FZD4	FZD5	9606.ENSP00000434034	9606.ENSP00000354607	0	0	0	0.908	0.049	0	0.500	0.136	0.553
FZD4	WNT2B	9606.ENSP00000434034	9606.ENSP00000358698	0	0	0	0	0.049	0.234	0.650	0.851	0.957
FZD4	FRAT2	9606.ENSP00000434034	9606.ENSP00000360058	0	0	0	0	0	0	0	0.408	0.408
FZD4	FZD8	9606.ENSP00000434034	9606.ENSP00000363826	0	0	0	0.905	0.060	0	0.500	0.134	0.557
FZD4	DVL1	9606.ENSP00000434034	9606.ENSP00000368166	0	0	0	0	0.059	0.169	0.650	0.849	0.953
FZD4	WNT5B	9606.ENSP00000434034	9606.ENSP00000380379	0	0	0	0	0	0.234	0.650	0.900	0.970
FZD4	WNT8A	9606.ENSP00000434034	9606.ENSP00000426653	0	0	0.226	0	0	0.234	0.650	0.676	0.923
FZD4	CTNNB1	9606.ENSP00000434034	9606.ENSP00000495360	0	0	0	0	0	0.065	0	0.826	0.830
FZD5	DVL2	9606.ENSP00000354607	9606.ENSP00000005340	0	0	0	0	0	0.386	0.650	0.847	0.964
FZD5	WNT16	9606.ENSP00000354607	9606.ENSP00000222462	0	0	0	0	0	0.234	0.650	0.669	0.903
FZD5	WNT3	9606.ENSP00000354607	9606.ENSP00000225512	0	0	0	0	0	0.234	0.650	0.717	0.917
FZD5	CCND1	9606.ENSP00000354607	9606.ENSP00000227507	0	0	0	0	0.043	0	0	0.408	0.409
FZD5	WNT6	9606.ENSP00000354607	9606.ENSP00000233948	0	0	0	0	0	0.234	0.650	0.747	0.926
FZD5	FZD3	9606.ENSP00000354607	9606.ENSP00000240093	0	0	0	0.855	0.043	0	0.500	0.394	0.684
FZD5	WNT10A	9606.ENSP00000354607	9606.ENSP00000258411	0	0	0	0	0	0.173	0.650	0.689	0.902
FZD5	LRP6	9606.ENSP00000354607	9606.ENSP00000261349	0	0	0	0	0.044	0.330	0.800	0.839	0.976
FZD5	AXIN1	9606.ENSP00000354607	9606.ENSP00000262320	0	0	0	0	0.053	0	0.500	0.551	0.768
FZD5	WNT5A	9606.ENSP00000354607	9606.ENSP00000264634	0	0	0	0	0.049	0.527	0.650	0.998	0.999
FZD5	LEF1	9606.ENSP00000354607	9606.ENSP00000265165	0	0	0	0	0.044	0	0	0.457	0.458
FZD5	WNT2	9606.ENSP00000354607	9606.ENSP00000265441	0	0	0	0	0	0.234	0.650	0.746	0.926
FZD5	WNT9A	9606.ENSP00000354607	9606.ENSP00000272164	0	0	0	0	0	0.173	0.650	0.490	0.839
FZD5	TCF7L1	9606.ENSP00000354607	9606.ENSP00000282111	0	0	0	0	0.099	0	0	0.578	0.603
FZD5	WNT3A	9606.ENSP00000354607	9606.ENSP00000284523	0	0	0	0	0	0.434	0.800	0.792	0.974
FZD5	WNT7A	9606.ENSP00000354607	9606.ENSP00000285018	0	0	0	0	0	0.234	0.650	0.981	0.994
FZD5	FZD7	9606.ENSP00000354607	9606.ENSP00000286201	0	0	0.055	0.928	0.092	0	0.500	0.392	0.704
FZD5	FZD1	9606.ENSP00000354607	9606.ENSP00000287934	0	0	0	0.923	0.089	0	0.500	0.411	0.708
FZD5	WNT9B	9606.ENSP00000354607	9606.ENSP00000290015	0	0	0	0	0	0.173	0.650	0.686	0.901
FZD5	WNT4	9606.ENSP00000354607	9606.ENSP00000290167	0	0	0	0	0	0.234	0.650	0.861	0.959
FZD5	WNT1	9606.ENSP00000354607	9606.ENSP00000293549	0	0	0	0	0	0.234	0.900	0.713	0.976
FZD5	LRP5	9606.ENSP00000354607	9606.ENSP00000294304	0	0	0	0	0.049	0.093	0.800	0.771	0.955
FZD5	WNT10B	9606.ENSP00000354607	9606.ENSP00000301061	0	0	0	0	0	0.173	0.650	0.695	0.904
FZD5	AXIN2	9606.ENSP00000354607	9606.ENSP00000302625	0	0	0	0	0.053	0	0	0.553	0.558
FZD5	DVL3	9606.ENSP00000354607	9606.ENSP00000316054	0	0	0	0	0	0.169	0.650	0.699	0.905
FZD5	FZD2	9606.ENSP00000354607	9606.ENSP00000323901	0	0	0.057	0.933	0.087	0	0.500	0.397	0.705
FZD5	GSK3B	9606.ENSP00000354607	9606.ENSP00000324806	0	0	0	0	0	0.110	0.500	0.472	0.744
FZD5	WNT11	9606.ENSP00000354607	9606.ENSP00000325526	0	0	0	0	0	0.234	0.900	0.758	0.979
FZD5	WNT8B	9606.ENSP00000354607	9606.ENSP00000340677	0	0	0	0	0	0.234	0.650	0.505	0.855
FZD5	WNT7B	9606.ENSP00000354607	9606.ENSP00000341032	0	0	0	0	0	0.234	0.650	0.795	0.940
FZD5	FZD9	9606.ENSP00000354607	9606.ENSP00000345785	0	0	0.063	0.906	0.042	0	0	0.458	0.471
FZD5	FZD6	9606.ENSP00000354607	9606.ENSP00000351605	0	0	0	0.849	0	0	0.500	0.476	0.726
FZD5	FRAT2	9606.ENSP00000354607	9606.ENSP00000360058	0	0	0	0	0.044	0	0	0.406	0.408
FZD5	FZD4	9606.ENSP00000354607	9606.ENSP00000434034	0	0	0	0.908	0.049	0	0.500	0.136	0.553
FZD5	FZD8	9606.ENSP00000354607	9606.ENSP00000363826	0	0	0.056	0.967	0.044	0	0.500	0.394	0.690
FZD5	CTNNB1	9606.ENSP00000354607	9606.ENSP00000495360	0	0	0	0	0.042	0.065	0	0.792	0.797
FZD5	WNT2B	9606.ENSP00000354607	9606.ENSP00000358698	0	0	0	0	0	0.234	0.650	0.715	0.917
FZD5	WNT5B	9606.ENSP00000354607	9606.ENSP00000380379	0	0	0	0	0	0.234	0.650	0.799	0.941
FZD5	WNT8A	9606.ENSP00000354607	9606.ENSP00000426653	0	0	0	0	0	0.602	0.650	0.656	0.947
FZD5	DVL1	9606.ENSP00000354607	9606.ENSP00000368166	0	0	0	0	0	0.169	0.650	0.878	0.961
FZD6	DVL2	9606.ENSP00000351605	9606.ENSP00000005340	0	0	0	0	0	0.165	0.650	0.789	0.933
FZD6	WNT16	9606.ENSP00000351605	9606.ENSP00000222462	0	0	0	0	0	0.221	0.650	0.781	0.935
FZD6	WNT3	9606.ENSP00000351605	9606.ENSP00000225512	0	0	0	0	0	0.221	0.650	0.697	0.910
FZD6	CCND1	9606.ENSP00000351605	9606.ENSP00000227507	0	0	0	0	0.086	0	0	0.388	0.416
FZD6	WNT6	9606.ENSP00000351605	9606.ENSP00000233948	0	0	0	0	0	0.221	0.650	0.696	0.910
FZD6	FZD3	9606.ENSP00000351605	9606.ENSP00000240093	0	0	0	0.944	0.045	0	0.500	0.408	0.692
FZD6	WNT10A	9606.ENSP00000351605	9606.ENSP00000258411	0	0	0	0	0	0.173	0.650	0.688	0.902
FZD6	LRP6	9606.ENSP00000351605	9606.ENSP00000261349	0	0	0	0	0.072	0.093	0.800	0.790	0.959
FZD6	AXIN1	9606.ENSP00000351605	9606.ENSP00000262320	0	0	0	0	0.053	0	0	0.494	0.501
FZD6	WNT5A	9606.ENSP00000351605	9606.ENSP00000264634	0	0	0	0	0.066	0.221	0.650	0.991	0.997
FZD6	LEF1	9606.ENSP00000351605	9606.ENSP00000265165	0	0	0	0	0	0	0	0.514	0.514
FZD6	WNT2	9606.ENSP00000351605	9606.ENSP00000265441	0	0	0	0	0	0.221	0.650	0.707	0.913
FZD6	WNT9A	9606.ENSP00000351605	9606.ENSP00000272164	0	0	0	0	0	0.173	0.650	0.544	0.856
FZD6	WNT3A	9606.ENSP00000351605	9606.ENSP00000284523	0	0	0	0	0	0.221	0.650	0.758	0.928
FZD6	WNT7A	9606.ENSP00000351605	9606.ENSP00000285018	0	0	0	0	0.043	0.221	0.650	0.882	0.965
FZD6	FZD7	9606.ENSP00000351605	9606.ENSP00000286201	0	0	0.069	0.906	0.056	0	0.500	0.105	0.554
FZD6	FZD1	9606.ENSP00000351605	9606.ENSP00000287934	0	0	0.073	0.884	0.062	0	0.500	0.125	0.568
FZD6	WNT9B	9606.ENSP00000351605	9606.ENSP00000290015	0	0	0	0	0	0.173	0.650	0.587	0.870
FZD6	WNT4	9606.ENSP00000351605	9606.ENSP00000290167	0	0	0	0	0.042	0.221	0.650	0.943	0.983
FZD6	WNT1	9606.ENSP00000351605	9606.ENSP00000293549	0	0	0	0	0	0.221	0.900	0.700	0.974
FZD6	LRP5	9606.ENSP00000351605	9606.ENSP00000294304	0	0	0	0	0.084	0.093	0.800	0.748	0.952
FZD6	WNT10B	9606.ENSP00000351605	9606.ENSP00000301061	0	0	0	0	0	0.173	0.650	0.496	0.841
FZD6	AXIN2	9606.ENSP00000351605	9606.ENSP00000302625	0	0	0	0	0.053	0	0	0.548	0.554
FZD6	DVL3	9606.ENSP00000351605	9606.ENSP00000316054	0	0	0	0	0	0.165	0.650	0.758	0.923
FZD6	FZD2	9606.ENSP00000351605	9606.ENSP00000323901	0	0	0.060	0.908	0	0	0.500	0.103	0.542
FZD6	GSK3B	9606.ENSP00000351605	9606.ENSP00000324806	0	0	0	0	0	0.071	0	0.409	0.427
FZD6	WNT11	9606.ENSP00000351605	9606.ENSP00000325526	0	0	0	0	0	0.221	0.900	0.985	0.998
FZD6	WNT8B	9606.ENSP00000351605	9606.ENSP00000340677	0	0	0	0	0	0.221	0.650	0.462	0.840
FZD6	WNT7B	9606.ENSP00000351605	9606.ENSP00000341032	0	0	0	0	0	0.221	0.650	0.797	0.939
FZD6	FZD9	9606.ENSP00000351605	9606.ENSP00000345785	0	0	0	0.844	0	0	0	0.455	0.455
FZD6	FZD4	9606.ENSP00000351605	9606.ENSP00000434034	0	0	0	0.839	0.042	0	0.500	0.176	0.571
FZD6	FZD8	9606.ENSP00000351605	9606.ENSP00000363826	0	0	0	0.783	0.060	0	0.500	0.188	0.585
FZD6	CTNNB1	9606.ENSP00000351605	9606.ENSP00000495360	0	0	0	0	0	0.065	0	0.654	0.663
FZD6	FZD5	9606.ENSP00000351605	9606.ENSP00000354607	0	0	0	0.849	0	0	0.500	0.476	0.726
FZD6	WNT8A	9606.ENSP00000351605	9606.ENSP00000426653	0	0	0	0	0	0.221	0.650	0.411	0.825
FZD6	WNT2B	9606.ENSP00000351605	9606.ENSP00000358698	0	0	0	0	0	0.221	0.650	0.535	0.862
FZD6	DVL1	9606.ENSP00000351605	9606.ENSP00000368166	0	0	0	0	0	0.165	0.650	0.888	0.964
FZD6	WNT5B	9606.ENSP00000351605	9606.ENSP00000380379	0	0	0	0	0	0.221	0.650	0.893	0.968
FZD7	DVL2	9606.ENSP00000286201	9606.ENSP00000005340	0	0	0	0	0	0.169	0.650	0.889	0.964
FZD7	WNT16	9606.ENSP00000286201	9606.ENSP00000222462	0	0	0	0	0	0.234	0.650	0.369	0.816
FZD7	WNT3	9606.ENSP00000286201	9606.ENSP00000225512	0	0	0	0	0	0.608	0.650	0.846	0.977
FZD7	CCND1	9606.ENSP00000286201	9606.ENSP00000227507	0	0	0	0	0.123	0	0	0.481	0.526
FZD7	WNT6	9606.ENSP00000286201	9606.ENSP00000233948	0	0	0	0	0	0.234	0.650	0.690	0.909
FZD7	FZD3	9606.ENSP00000286201	9606.ENSP00000240093	0	0	0.055	0.914	0.056	0	0.500	0.095	0.542
FZD7	WNT10A	9606.ENSP00000286201	9606.ENSP00000258411	0	0	0	0	0	0.173	0.650	0.721	0.912
FZD7	LRP6	9606.ENSP00000286201	9606.ENSP00000261349	0	0	0	0	0.075	0.093	0.800	0.945	0.989
FZD7	AXIN1	9606.ENSP00000286201	9606.ENSP00000262320	0	0	0	0	0.053	0	0	0.722	0.725
FZD7	WNT5A	9606.ENSP00000286201	9606.ENSP00000264634	0	0	0.214	0	0.083	0.234	0.900	0.980	0.998
FZD7	LEF1	9606.ENSP00000286201	9606.ENSP00000265165	0	0	0	0	0	0	0	0.544	0.544
FZD7	WNT2	9606.ENSP00000286201	9606.ENSP00000265441	0	0	0.298	0	0.043	0.234	0.650	0.790	0.955
FZD7	WNT9A	9606.ENSP00000286201	9606.ENSP00000272164	0	0	0	0	0	0.173	0.650	0.542	0.855
FZD7	TCF7L1	9606.ENSP00000286201	9606.ENSP00000282111	0	0	0	0	0.097	0	0	0.444	0.476
FZD7	WNT3A	9606.ENSP00000286201	9606.ENSP00000284523	0	0	0	0	0	0.234	0.650	0.790	0.938
FZD7	WNT7A	9606.ENSP00000286201	9606.ENSP00000285018	0	0	0	0	0	0.234	0.650	0.985	0.995
FZD7	AKT1	9606.ENSP00000286201	9606.ENSP00000451828	0	0	0	0	0	0.071	0	0.387	0.406
FZD7	TCF7	9606.ENSP00000286201	9606.ENSP00000340347	0	0	0	0	0	0	0	0.421	0.421
FZD7	MYC	9606.ENSP00000286201	9606.ENSP00000478887	0	0	0	0	0.078	0	0	0.446	0.467
FZD7	GSK3B	9606.ENSP00000286201	9606.ENSP00000324806	0	0	0	0	0	0.071	0	0.485	0.501
FZD7	FZD6	9606.ENSP00000286201	9606.ENSP00000351605	0	0	0.069	0.906	0.056	0	0.500	0.105	0.554
FZD7	FZD4	9606.ENSP00000286201	9606.ENSP00000434034	0	0	0.063	0.909	0.057	0	0.500	0.126	0.562
FZD7	FZD8	9606.ENSP00000286201	9606.ENSP00000363826	0	0	0	0.920	0.141	0	0.500	0.111	0.584
FZD7	JUN	9606.ENSP00000286201	9606.ENSP00000360266	0	0	0	0	0	0.083	0	0.571	0.590
FZD7	FZD5	9606.ENSP00000286201	9606.ENSP00000354607	0	0	0.055	0.928	0.092	0	0.500	0.392	0.704
FZD7	FZD1	9606.ENSP00000286201	9606.ENSP00000287934	0	0	0.051	0.978	0.122	0	0.500	0.422	0.727
FZD7	AXIN2	9606.ENSP00000286201	9606.ENSP00000302625	0	0	0	0	0.073	0	0	0.745	0.753
FZD7	FZD2	9606.ENSP00000286201	9606.ENSP00000323901	0	0	0.051	0.978	0.087	0.240	0.500	0.453	0.787
FZD7	CTNNB1	9606.ENSP00000286201	9606.ENSP00000495360	0	0	0	0	0.044	0.065	0	0.802	0.808
FZD7	WNT8A	9606.ENSP00000286201	9606.ENSP00000426653	0	0	0	0	0	0.234	0.650	0.422	0.831
FZD7	WNT8B	9606.ENSP00000286201	9606.ENSP00000340677	0	0	0	0	0	0.234	0.650	0.426	0.832
FZD7	WNT9B	9606.ENSP00000286201	9606.ENSP00000290015	0	0	0	0	0	0.173	0.650	0.648	0.889
FZD7	WNT2B	9606.ENSP00000286201	9606.ENSP00000358698	0	0	0.228	0	0	0.234	0.650	0.742	0.939
FZD7	WNT4	9606.ENSP00000286201	9606.ENSP00000290167	0	0	0	0	0	0.234	0.650	0.797	0.941
FZD7	LRP5	9606.ENSP00000286201	9606.ENSP00000294304	0	0	0	0	0.059	0.093	0.800	0.704	0.942
FZD7	WNT10B	9606.ENSP00000286201	9606.ENSP00000301061	0	0	0	0	0	0.173	0.650	0.823	0.944
FZD7	WNT5B	9606.ENSP00000286201	9606.ENSP00000380379	0	0	0.239	0	0.062	0.234	0.650	0.803	0.955
FZD7	DVL3	9606.ENSP00000286201	9606.ENSP00000316054	0	0	0	0	0.042	0.169	0.650	0.879	0.962
FZD7	WNT7B	9606.ENSP00000286201	9606.ENSP00000341032	0	0	0	0	0	0.234	0.650	0.877	0.964
FZD7	WNT1	9606.ENSP00000286201	9606.ENSP00000293549	0	0	0	0	0	0.234	0.900	0.840	0.986
FZD7	DVL1	9606.ENSP00000286201	9606.ENSP00000368166	0	0	0	0	0	0.386	0.650	0.969	0.992
FZD7	WNT11	9606.ENSP00000286201	9606.ENSP00000325526	0	0	0	0	0.093	0.234	0.900	0.969	0.997
FZD8	DVL2	9606.ENSP00000363826	9606.ENSP00000005340	0	0	0	0	0	0.169	0.650	0.801	0.937
FZD8	WNT16	9606.ENSP00000363826	9606.ENSP00000222462	0	0	0	0	0	0.234	0.650	0.649	0.897
FZD8	WNT3	9606.ENSP00000363826	9606.ENSP00000225512	0	0	0	0	0	0.920	0.650	0.937	0.998
FZD8	CCND1	9606.ENSP00000363826	9606.ENSP00000227507	0	0	0	0	0.086	0	0	0.390	0.418
FZD8	WNT6	9606.ENSP00000363826	9606.ENSP00000233948	0	0	0	0	0	0.234	0.650	0.678	0.906
FZD8	FZD3	9606.ENSP00000363826	9606.ENSP00000240093	0	0	0	0.804	0	0	0.500	0.164	0.564
FZD8	WNT10A	9606.ENSP00000363826	9606.ENSP00000258411	0	0	0	0	0	0.173	0.650	0.709	0.908
FZD8	LRP6	9606.ENSP00000363826	9606.ENSP00000261349	0	0	0	0	0.062	0.536	0.800	0.947	0.994
FZD8	AXIN1	9606.ENSP00000363826	9606.ENSP00000262320	0	0	0	0	0.053	0	0	0.551	0.556
FZD8	WNT5A	9606.ENSP00000363826	9606.ENSP00000264634	0	0	0	0	0.074	0.234	0.650	0.846	0.956
FZD8	LEF1	9606.ENSP00000363826	9606.ENSP00000265165	0	0	0	0	0	0	0	0.478	0.478
FZD8	WNT2	9606.ENSP00000363826	9606.ENSP00000265441	0	0	0	0	0	0.234	0.650	0.872	0.962
FZD8	WNT9A	9606.ENSP00000363826	9606.ENSP00000272164	0	0	0	0	0.074	0.173	0.650	0.544	0.861
FZD8	TCF7L1	9606.ENSP00000363826	9606.ENSP00000282111	0	0	0	0	0.094	0	0	0.430	0.462
FZD8	WNT3A	9606.ENSP00000363826	9606.ENSP00000284523	0	0	0	0	0	0.434	0.650	0.953	0.989
FZD8	WNT7A	9606.ENSP00000363826	9606.ENSP00000285018	0	0	0	0	0	0.234	0.650	0.532	0.863
FZD8	FZD7	9606.ENSP00000363826	9606.ENSP00000286201	0	0	0	0.920	0.141	0	0.500	0.111	0.584
FZD8	FZD1	9606.ENSP00000363826	9606.ENSP00000287934	0	0	0	0.899	0.147	0	0.500	0.449	0.744
FZD8	WNT9B	9606.ENSP00000363826	9606.ENSP00000290015	0	0	0	0	0	0.173	0.650	0.489	0.839
FZD8	WNT4	9606.ENSP00000363826	9606.ENSP00000290167	0	0	0	0	0.049	0.234	0.650	0.857	0.958
FZD8	WNT1	9606.ENSP00000363826	9606.ENSP00000293549	0	0	0	0	0	0.434	0.900	0.923	0.995
FZD8	LRP5	9606.ENSP00000363826	9606.ENSP00000294304	0	0	0	0	0.080	0.330	0.800	0.817	0.974
FZD8	WNT10B	9606.ENSP00000363826	9606.ENSP00000301061	0	0	0	0	0	0.173	0.650	0.700	0.905
FZD8	AXIN2	9606.ENSP00000363826	9606.ENSP00000302625	0	0	0	0	0.053	0	0	0.552	0.557
FZD8	DVL3	9606.ENSP00000363826	9606.ENSP00000316054	0	0	0	0	0	0.386	0.650	0.683	0.926
FZD8	FZD2	9606.ENSP00000363826	9606.ENSP00000323901	0	0	0.057	0.927	0.126	0	0.500	0.367	0.704
FZD8	GSK3B	9606.ENSP00000363826	9606.ENSP00000324806	0	0	0	0	0	0.071	0	0.442	0.459
FZD8	WNT11	9606.ENSP00000363826	9606.ENSP00000325526	0	0	0	0	0	0.234	0.900	0.928	0.994
FZD8	TCF7	9606.ENSP00000363826	9606.ENSP00000340347	0	0	0	0	0	0	0	0.408	0.408
FZD8	WNT8B	9606.ENSP00000363826	9606.ENSP00000340677	0	0	0	0	0	0.234	0.650	0.502	0.855
FZD8	WNT7B	9606.ENSP00000363826	9606.ENSP00000341032	0	0	0	0	0.044	0.234	0.650	0.738	0.923
FZD8	FZD6	9606.ENSP00000363826	9606.ENSP00000351605	0	0	0	0.783	0.060	0	0.500	0.188	0.585
FZD8	FZD5	9606.ENSP00000363826	9606.ENSP00000354607	0	0	0.056	0.967	0.044	0	0.500	0.394	0.690
FZD8	WNT2B	9606.ENSP00000363826	9606.ENSP00000358698	0	0	0	0	0	0.234	0.650	0.840	0.953
FZD8	TCF7L2	9606.ENSP00000363826	9606.ENSP00000486891	0	0	0	0	0.080	0	0	0.381	0.407
FZD8	FZD4	9606.ENSP00000363826	9606.ENSP00000434034	0	0	0	0.905	0.060	0	0.500	0.134	0.557
FZD8	CTNNB1	9606.ENSP00000363826	9606.ENSP00000495360	0	0	0	0	0	0.065	0	0.793	0.798
FZD8	DVL1	9606.ENSP00000363826	9606.ENSP00000368166	0	0	0	0	0.067	0.169	0.650	0.609	0.879
FZD8	WNT8A	9606.ENSP00000363826	9606.ENSP00000426653	0	0	0	0	0	0.602	0.650	0.677	0.951
FZD8	WNT5B	9606.ENSP00000363826	9606.ENSP00000380379	0	0	0	0	0.064	0.234	0.650	0.863	0.961
FZD9	DVL2	9606.ENSP00000345785	9606.ENSP00000005340	0	0	0	0	0.053	0.169	0.650	0.767	0.927
FZD9	WNT16	9606.ENSP00000345785	9606.ENSP00000222462	0	0	0	0	0	0.234	0.650	0.531	0.863
FZD9	WNT3	9606.ENSP00000345785	9606.ENSP00000225512	0	0	0	0	0.047	0.234	0.650	0.567	0.874
FZD9	CCND1	9606.ENSP00000345785	9606.ENSP00000227507	0	0	0	0	0.062	0	0	0.387	0.400
FZD9	WNT6	9606.ENSP00000345785	9606.ENSP00000233948	0	0	0	0	0.086	0.234	0.650	0.787	0.940
FZD9	WNT10A	9606.ENSP00000345785	9606.ENSP00000258411	0	0	0	0	0	0.173	0.650	0.677	0.898
FZD9	LRP6	9606.ENSP00000345785	9606.ENSP00000261349	0	0	0	0	0.042	0.093	0.800	0.596	0.920
FZD9	AXIN1	9606.ENSP00000345785	9606.ENSP00000262320	0	0	0	0	0.058	0	0	0.495	0.505
FZD9	WNT5A	9606.ENSP00000345785	9606.ENSP00000264634	0	0	0	0	0.059	0.234	0.650	0.994	0.998
FZD9	LEF1	9606.ENSP00000345785	9606.ENSP00000265165	0	0	0	0	0	0	0	0.544	0.544
FZD9	WNT2	9606.ENSP00000345785	9606.ENSP00000265441	0	0	0	0	0	0.234	0.650	0.896	0.969
FZD9	WNT9A	9606.ENSP00000345785	9606.ENSP00000272164	0	0	0	0	0	0.173	0.650	0.576	0.866
FZD9	TCF7L1	9606.ENSP00000345785	9606.ENSP00000282111	0	0	0	0	0.045	0	0	0.398	0.401
FZD9	WNT3A	9606.ENSP00000345785	9606.ENSP00000284523	0	0	0	0	0	0.234	0.650	0.825	0.949
FZD9	WNT7A	9606.ENSP00000345785	9606.ENSP00000285018	0	0	0	0	0.042	0.234	0.650	0.955	0.987
FZD9	WNT9B	9606.ENSP00000345785	9606.ENSP00000290015	0	0	0	0	0	0.173	0.650	0.455	0.828
FZD9	WNT4	9606.ENSP00000345785	9606.ENSP00000290167	0	0	0	0	0.048	0.234	0.650	0.857	0.958
FZD9	WNT1	9606.ENSP00000345785	9606.ENSP00000293549	0	0	0	0	0.042	0.234	0.900	0.715	0.976
FZD9	LRP5	9606.ENSP00000345785	9606.ENSP00000294304	0	0	0	0	0.074	0.093	0.800	0.605	0.924
FZD9	WNT10B	9606.ENSP00000345785	9606.ENSP00000301061	0	0	0	0	0.067	0.173	0.650	0.522	0.853
FZD9	AXIN2	9606.ENSP00000345785	9606.ENSP00000302625	0	0	0	0	0.053	0	0	0.563	0.568
FZD9	DVL3	9606.ENSP00000345785	9606.ENSP00000316054	0	0	0	0	0.052	0.169	0.650	0.549	0.859
FZD9	GSK3B	9606.ENSP00000345785	9606.ENSP00000324806	0	0	0	0	0	0.071	0	0.440	0.457
FZD9	WNT11	9606.ENSP00000345785	9606.ENSP00000325526	0	0	0.218	0	0.080	0.234	0.900	0.951	0.996
FZD9	WNT8B	9606.ENSP00000345785	9606.ENSP00000340677	0	0	0	0	0.049	0.234	0.650	0.531	0.864
FZD9	WNT7B	9606.ENSP00000345785	9606.ENSP00000341032	0	0	0	0	0	0.234	0.650	0.832	0.951
FZD9	FZD6	9606.ENSP00000345785	9606.ENSP00000351605	0	0	0	0.844	0	0	0	0.455	0.455
FZD9	FZD5	9606.ENSP00000345785	9606.ENSP00000354607	0	0	0.063	0.906	0.042	0	0	0.458	0.471
FZD9	CTNNB1	9606.ENSP00000345785	9606.ENSP00000495360	0	0	0	0	0	0.065	0	0.772	0.778
FZD9	WNT8A	9606.ENSP00000345785	9606.ENSP00000426653	0	0	0	0	0	0.234	0.650	0.640	0.895
FZD9	DVL1	9606.ENSP00000345785	9606.ENSP00000368166	0	0	0	0	0.094	0.169	0.650	0.655	0.897
FZD9	WNT2B	9606.ENSP00000345785	9606.ENSP00000358698	0	0	0	0	0	0.234	0.650	0.777	0.934
FZD9	WNT5B	9606.ENSP00000345785	9606.ENSP00000380379	0	0	0	0	0	0.234	0.650	0.846	0.955
GADD45A	GADD45B	9606.ENSP00000360025	9606.ENSP00000215631	0	0	0.061	0.950	0.258	0.292	0.900	0.413	0.965
GADD45A	MAPK1	9606.ENSP00000360025	9606.ENSP00000215832	0	0	0	0	0.042	0.292	0	0.196	0.407
GADD45A	CCND1	9606.ENSP00000360025	9606.ENSP00000227507	0	0	0	0	0.044	0	0	0.520	0.521
GADD45A	GADD45G	9606.ENSP00000360025	9606.ENSP00000252506	0	0	0.063	0.947	0.135	0.292	0.900	0.404	0.959
GADD45A	DDB2	9606.ENSP00000360025	9606.ENSP00000256996	0	0	0	0	0.049	0	0	0.618	0.621
GADD45A	CDK4	9606.ENSP00000360025	9606.ENSP00000257904	0	0	0	0	0	0	0	0.447	0.447
GADD45A	CDK6	9606.ENSP00000360025	9606.ENSP00000265734	0	0	0	0	0.057	0	0	0.606	0.612
GADD45A	TP53	9606.ENSP00000360025	9606.ENSP00000269305	0	0	0	0	0	0.069	0.900	0.913	0.991
GADD45A	FOS	9606.ENSP00000360025	9606.ENSP00000306245	0	0	0	0	0.100	0	0	0.639	0.661
GADD45A	E2F1	9606.ENSP00000360025	9606.ENSP00000345571	0	0	0	0	0	0	0	0.447	0.447
GADD45A	MTOR	9606.ENSP00000360025	9606.ENSP00000354558	0	0	0	0	0	0.292	0	0.253	0.448
GADD45A	PTEN	9606.ENSP00000360025	9606.ENSP00000361021	0	0	0	0	0.049	0	0	0.418	0.422
GADD45A	AKT1	9606.ENSP00000360025	9606.ENSP00000451828	0	0	0	0	0	0	0	0.479	0.479
GADD45A	ESR1	9606.ENSP00000360025	9606.ENSP00000405330	0	0	0	0	0	0.292	0	0.368	0.533
GADD45A	MYC	9606.ENSP00000360025	9606.ENSP00000478887	0	0	0	0	0.082	0	0	0.541	0.560
GADD45A	JUN	9606.ENSP00000360025	9606.ENSP00000360266	0	0	0	0	0.219	0	0	0.541	0.626
GADD45A	BRCA1	9606.ENSP00000360025	9606.ENSP00000418960	0	0	0	0	0	0	0	0.710	0.710
GADD45A	CDKN1A	9606.ENSP00000360025	9606.ENSP00000384849	0	0	0	0	0.163	0.625	0	0.926	0.974
GADD45B	FGF20	9606.ENSP00000215631	9606.ENSP00000180166	0	0	0	0	0	0	0	0.415	0.414
GADD45B	FGF22	9606.ENSP00000215631	9606.ENSP00000215530	0	0	0	0	0	0	0	0.421	0.420
GADD45B	FGF6	9606.ENSP00000215631	9606.ENSP00000228837	0	0	0	0	0	0	0	0.404	0.404
GADD45B	MYC	9606.ENSP00000215631	9606.ENSP00000478887	0	0	0	0	0.062	0	0	0.396	0.409
GADD45B	FGF5	9606.ENSP00000215631	9606.ENSP00000311697	0	0	0	0	0	0	0	0.415	0.414
GADD45B	FGF7	9606.ENSP00000215631	9606.ENSP00000267843	0	0	0	0	0.042	0	0	0.416	0.416
GADD45B	FGF16	9606.ENSP00000215631	9606.ENSP00000399324	0	0	0	0	0	0	0	0.418	0.418
GADD45B	FGF18	9606.ENSP00000215631	9606.ENSP00000274625	0	0	0	0	0.050	0	0	0.430	0.435
GADD45B	ESR1	9606.ENSP00000215631	9606.ENSP00000405330	0	0	0	0	0.042	0	0	0.510	0.510
GADD45B	FOS	9606.ENSP00000215631	9606.ENSP00000306245	0	0	0	0	0.267	0	0	0.511	0.627
GADD45B	JUN	9606.ENSP00000215631	9606.ENSP00000360266	0	0	0	0	0.453	0	0	0.478	0.702
GADD45B	CDKN1A	9606.ENSP00000215631	9606.ENSP00000384849	0	0	0	0	0.215	0.046	0	0.703	0.758
GADD45B	GADD45G	9606.ENSP00000215631	9606.ENSP00000252506	0	0	0.056	0.946	0.280	0	0.900	0.416	0.955
GADD45B	TP53	9606.ENSP00000215631	9606.ENSP00000269305	0	0	0	0	0	0	0.900	0.660	0.964
GADD45B	GADD45A	9606.ENSP00000215631	9606.ENSP00000360025	0	0	0.061	0.950	0.258	0.292	0.900	0.413	0.965
GADD45G	GADD45B	9606.ENSP00000252506	9606.ENSP00000215631	0	0	0.056	0.946	0.280	0	0.900	0.416	0.955
GADD45G	PGR	9606.ENSP00000252506	9606.ENSP00000325120	0	0	0	0	0	0	0	0.427	0.427
GADD45G	FOS	9606.ENSP00000252506	9606.ENSP00000306245	0	0	0	0	0.137	0	0	0.364	0.428
GADD45G	JUN	9606.ENSP00000252506	9606.ENSP00000360266	0	0	0	0	0.168	0	0	0.352	0.437
GADD45G	ESR1	9606.ENSP00000252506	9606.ENSP00000405330	0	0	0	0	0.044	0.292	0	0.473	0.612
GADD45G	CDKN1A	9606.ENSP00000252506	9606.ENSP00000384849	0	0	0	0	0.088	0.513	0	0.439	0.729
GADD45G	TP53	9606.ENSP00000252506	9606.ENSP00000269305	0	0	0	0	0	0	0.900	0.400	0.937
GADD45G	GADD45A	9606.ENSP00000252506	9606.ENSP00000360025	0	0	0.063	0.947	0.135	0.292	0.900	0.404	0.959
GRB2	FGF4	9606.ENSP00000376345	9606.ENSP00000168712	0	0	0	0	0	0	0.400	0.609	0.755
GRB2	FGF20	9606.ENSP00000376345	9606.ENSP00000180166	0	0	0	0	0	0	0.400	0.633	0.770
GRB2	FGF22	9606.ENSP00000376345	9606.ENSP00000215530	0	0	0	0	0	0	0.400	0.616	0.759
GRB2	MAPK1	9606.ENSP00000376345	9606.ENSP00000215832	0	0	0	0	0.093	0	0.400	0.866	0.920
GRB2	SOS2	9606.ENSP00000376345	9606.ENSP00000216373	0	0	0	0	0.102	0.963	0.900	0.998	0.999
GRB2	PIK3R2	9606.ENSP00000376345	9606.ENSP00000222254	0	0	0	0.627	0.042	0.605	0.400	0.182	0.789
GRB2	RPS6KB1	9606.ENSP00000376345	9606.ENSP00000225577	0	0	0	0	0.079	0.057	0	0.452	0.482
GRB2	CCND1	9606.ENSP00000376345	9606.ENSP00000227507	0	0	0	0	0.074	0	0	0.646	0.658
GRB2	FGF6	9606.ENSP00000376345	9606.ENSP00000228837	0	0	0	0	0	0	0.400	0.592	0.745
GRB2	FGF23	9606.ENSP00000376345	9606.ENSP00000237837	0	0	0	0	0	0	0.400	0.246	0.528
GRB2	KRAS	9606.ENSP00000376345	9606.ENSP00000256078	0	0	0	0	0.093	0.450	0.500	0.758	0.931
GRB2	CDK4	9606.ENSP00000376345	9606.ENSP00000257904	0	0	0	0	0.108	0	0	0.497	0.532
GRB2	FLT4	9606.ENSP00000376345	9606.ENSP00000261937	0	0	0	0	0.055	0.383	0.650	0.910	0.979
GRB2	PIK3R3	9606.ENSP00000376345	9606.ENSP00000262741	0	0	0	0.613	0	0.338	0.400	0.202	0.655
GRB2	MAP2K2	9606.ENSP00000376345	9606.ENSP00000262948	0	0	0	0	0.085	0	0	0.680	0.695
GRB2	MAPK3	9606.ENSP00000376345	9606.ENSP00000263025	0	0	0	0	0.075	0	0.400	0.782	0.868
GRB2	PIK3CA	9606.ENSP00000376345	9606.ENSP00000263967	0	0	0	0	0	0.676	0.400	0.642	0.924
GRB2	FGF2	9606.ENSP00000376345	9606.ENSP00000264498	0	0	0	0	0	0	0.400	0.462	0.663
GRB2	SHC2	9606.ENSP00000376345	9606.ENSP00000264554	0	0	0	0.619	0.074	0.334	0.900	0.395	0.957
GRB2	FGF10	9606.ENSP00000376345	9606.ENSP00000264664	0	0	0	0	0	0	0.400	0.616	0.759
GRB2	EGF	9606.ENSP00000376345	9606.ENSP00000265171	0	0	0	0	0	0	0.400	0.993	0.995
GRB2	RB1	9606.ENSP00000376345	9606.ENSP00000267163	0	0	0	0	0.056	0.317	0	0.463	0.623
GRB2	FGF7	9606.ENSP00000376345	9606.ENSP00000267843	0	0	0	0	0	0	0.400	0.625	0.765
GRB2	TP53	9606.ENSP00000376345	9606.ENSP00000269305	0	0	0	0	0.049	0.305	0	0.675	0.766
GRB2	ERBB2	9606.ENSP00000376345	9606.ENSP00000269571	0	0	0	0	0	0.934	0.900	0.993	0.999
GRB2	FGF18	9606.ENSP00000376345	9606.ENSP00000274625	0	0	0	0	0	0	0.400	0.656	0.784
GRB2	EGFR	9606.ENSP00000376345	9606.ENSP00000275493	0	0	0	0	0.042	0.996	0.900	0.996	0.999
GRB2	KIT	9606.ENSP00000376345	9606.ENSP00000288135	0	0	0	0	0.074	0.849	0.900	0.887	0.998
GRB2	ARAF	9606.ENSP00000376345	9606.ENSP00000290277	0	0	0	0	0.060	0.100	0	0.555	0.591
GRB2	FGF19	9606.ENSP00000376345	9606.ENSP00000294312	0	0	0	0	0	0	0.400	0.256	0.534
GRB2	MAP2K1	9606.ENSP00000376345	9606.ENSP00000302486	0	0	0	0	0.108	0	0	0.800	0.814
GRB2	FOS	9606.ENSP00000376345	9606.ENSP00000306245	0	0	0	0	0.055	0	0	0.507	0.514
GRB2	RPS6KB2	9606.ENSP00000376345	9606.ENSP00000308413	0	0	0	0	0.082	0.057	0	0.509	0.538
GRB2	FGF5	9606.ENSP00000376345	9606.ENSP00000311697	0	0	0	0	0	0	0.400	0.592	0.745
GRB2	FGF8	9606.ENSP00000376345	9606.ENSP00000321797	0	0	0	0	0	0	0.400	0.592	0.745
GRB2	GSK3B	9606.ENSP00000376345	9606.ENSP00000324806	0	0	0	0	0.102	0.100	0	0.472	0.536
GRB2	SHC4	9606.ENSP00000376345	9606.ENSP00000329668	0	0	0	0	0.074	0.539	0.900	0.341	0.968
GRB2	FGF3	9606.ENSP00000376345	9606.ENSP00000334122	0	0	0	0	0	0	0.400	0.593	0.745
GRB2	FGF17	9606.ENSP00000376345	9606.ENSP00000352414	0	0	0	0	0	0	0.400	0.592	0.745
GRB2	MTOR	9606.ENSP00000376345	9606.ENSP00000354558	0	0	0	0	0.049	0	0	0.508	0.512
GRB2	NRAS	9606.ENSP00000376345	9606.ENSP00000358548	0	0	0	0	0.104	0.209	0.500	0.539	0.815
GRB2	JUN	9606.ENSP00000376345	9606.ENSP00000360266	0	0	0	0	0	0	0	0.586	0.586
GRB2	PTEN	9606.ENSP00000376345	9606.ENSP00000361021	0	0	0	0	0.049	0.292	0	0.543	0.665
GRB2	SHC3	9606.ENSP00000376345	9606.ENSP00000364995	0	0	0	0	0.087	0.129	0.900	0.866	0.987
GRB2	PIK3CD	9606.ENSP00000376345	9606.ENSP00000366563	0	0	0	0	0.067	0	0.400	0.363	0.612
GRB2	FGF9	9606.ENSP00000376345	9606.ENSP00000371790	0	0	0	0	0	0	0.400	0.634	0.771
GRB2	AKT2	9606.ENSP00000376345	9606.ENSP00000375892	0	0	0	0	0.049	0.100	0	0.397	0.439
GRB2	TNFSF11	9606.ENSP00000376345	9606.ENSP00000381775	0	0	0	0	0.103	0	0	0.381	0.421
GRB2	CTNNB1	9606.ENSP00000376345	9606.ENSP00000495360	0	0	0	0	0.049	0	0	0.502	0.506
GRB2	BRAF	9606.ENSP00000376345	9606.ENSP00000419060	0	0	0	0	0	0.100	0	0.592	0.617
GRB2	FGF1	9606.ENSP00000376345	9606.ENSP00000480791	0	0	0	0	0	0	0.400	0.397	0.623
GRB2	MYC	9606.ENSP00000376345	9606.ENSP00000478887	0	0	0	0	0.090	0.161	0	0.678	0.732
GRB2	IGF1	9606.ENSP00000376345	9606.ENSP00000376637	0	0	0	0	0	0	0.500	0.544	0.762
GRB2	FGF16	9606.ENSP00000376345	9606.ENSP00000399324	0	0	0	0	0	0	0.400	0.634	0.771
GRB2	PIK3CB	9606.ENSP00000376345	9606.ENSP00000501150	0	0	0	0	0.064	0.422	0.400	0.389	0.775
GRB2	RAF1	9606.ENSP00000376345	9606.ENSP00000401888	0	0	0	0	0.074	0.100	0	0.776	0.797
GRB2	ESR1	9606.ENSP00000376345	9606.ENSP00000405330	0	0	0	0	0.050	0.071	0	0.812	0.819
GRB2	AKT1	9606.ENSP00000376345	9606.ENSP00000451828	0	0	0	0	0.049	0.100	0	0.900	0.907
GRB2	HRAS	9606.ENSP00000376345	9606.ENSP00000407586	0	0	0	0	0.086	0.209	0.500	0.850	0.938
GRB2	FGFR1	9606.ENSP00000376345	9606.ENSP00000393312	0	0	0	0	0.055	0.218	0.900	0.545	0.961
GRB2	IGF1R	9606.ENSP00000376345	9606.ENSP00000497069	0	0	0	0	0.060	0.185	0.900	0.830	0.985
GRB2	PIK3R1	9606.ENSP00000376345	9606.ENSP00000428056	0	0	0	0	0.042	0.921	0.400	0.975	0.998
GRB2	SOS1	9606.ENSP00000376345	9606.ENSP00000384675	0	0	0	0	0.076	0.998	0.900	0.999	0.999
GRB2	SHC1	9606.ENSP00000376345	9606.ENSP00000401303	0	0	0	0	0.099	0.999	0.900	0.999	0.999
GSK3B	DVL2	9606.ENSP00000324806	9606.ENSP00000005340	0	0	0	0	0.049	0.093	0.900	0.764	0.976
GSK3B	FGF4	9606.ENSP00000324806	9606.ENSP00000168712	0	0	0	0	0	0	0	0.495	0.495
GSK3B	FGF20	9606.ENSP00000324806	9606.ENSP00000180166	0	0	0	0	0	0	0	0.502	0.502
GSK3B	FGF22	9606.ENSP00000324806	9606.ENSP00000215530	0	0	0	0	0	0	0	0.471	0.471
GSK3B	MAPK1	9606.ENSP00000324806	9606.ENSP00000215832	0	0	0	0.766	0.327	0.342	0	0.464	0.742
GSK3B	SOS2	9606.ENSP00000324806	9606.ENSP00000216373	0	0.001	0	0	0.142	0.084	0	0.321	0.420
GSK3B	WNT16	9606.ENSP00000324806	9606.ENSP00000222462	0	0	0	0	0	0.112	0	0.381	0.427
GSK3B	WNT3	9606.ENSP00000324806	9606.ENSP00000225512	0	0	0	0	0.043	0.112	0.720	0.606	0.893
GSK3B	RPS6KB1	9606.ENSP00000324806	9606.ENSP00000225577	0	0	0	0.601	0.060	0.091	0	0.554	0.586
GSK3B	CCND1	9606.ENSP00000324806	9606.ENSP00000227507	0	0	0	0	0	0.409	0.900	0.803	0.987
GSK3B	FGF6	9606.ENSP00000324806	9606.ENSP00000228837	0	0	0	0	0	0	0	0.453	0.453
GSK3B	WNT6	9606.ENSP00000324806	9606.ENSP00000233948	0	0	0	0	0	0.112	0	0.435	0.477
GSK3B	FZD3	9606.ENSP00000324806	9606.ENSP00000240093	0	0	0	0	0	0.071	0	0.433	0.451
GSK3B	JAG1	9606.ENSP00000324806	9606.ENSP00000254958	0	0	0	0	0.049	0.098	0	0.483	0.518
GSK3B	KRAS	9606.ENSP00000324806	9606.ENSP00000256078	0	0	0	0	0.113	0.110	0	0.529	0.596
GSK3B	NOTCH2	9606.ENSP00000324806	9606.ENSP00000256646	0	0	0	0	0.060	0.334	0	0.765	0.840
GSK3B	APC	9606.ENSP00000324806	9606.ENSP00000257430	0	0	0	0	0.095	0.863	0.900	0.996	0.999
GSK3B	CDK4	9606.ENSP00000324806	9606.ENSP00000257904	0	0	0	0.727	0.044	0.098	0.750	0.202	0.805
GSK3B	WNT10A	9606.ENSP00000324806	9606.ENSP00000258411	0	0	0	0	0	0.104	0	0.401	0.440
GSK3B	LRP6	9606.ENSP00000324806	9606.ENSP00000261349	0	0	0	0	0.047	0.626	0.720	0.954	0.994
GSK3B	AXIN1	9606.ENSP00000324806	9606.ENSP00000262320	0	0	0	0	0.093	0.996	0.900	0.999	0.999
GSK3B	MAP2K2	9606.ENSP00000324806	9606.ENSP00000262948	0	0	0	0.607	0.072	0.161	0.900	0.269	0.935
GSK3B	NOTCH3	9606.ENSP00000324806	9606.ENSP00000263388	0	0	0	0	0	0.334	0	0.307	0.518
GSK3B	PIK3CA	9606.ENSP00000324806	9606.ENSP00000263967	0	0	0	0	0.199	0.069	0	0.544	0.630
GSK3B	FGF2	9606.ENSP00000324806	9606.ENSP00000264498	0	0	0	0	0	0	0	0.601	0.601
GSK3B	WNT5A	9606.ENSP00000324806	9606.ENSP00000264634	0	0	0	0	0	0.112	0	0.670	0.695
GSK3B	FGF10	9606.ENSP00000324806	9606.ENSP00000264664	0	0	0	0	0	0	0	0.498	0.498
GSK3B	LEF1	9606.ENSP00000324806	9606.ENSP00000265165	0	0	0	0	0	0.071	0	0.819	0.824
GSK3B	EGF	9606.ENSP00000324806	9606.ENSP00000265171	0	0	0	0	0	0	0	0.632	0.632
GSK3B	WNT2	9606.ENSP00000324806	9606.ENSP00000265441	0	0	0	0	0	0.112	0.540	0.609	0.826
GSK3B	FGF7	9606.ENSP00000324806	9606.ENSP00000267843	0	0	0	0	0	0	0	0.497	0.497
GSK3B	TP53	9606.ENSP00000324806	9606.ENSP00000269305	0	0	0	0	0	0.633	0	0.981	0.992
GSK3B	ERBB2	9606.ENSP00000324806	9606.ENSP00000269571	0	0	0	0	0	0.091	0	0.552	0.575
GSK3B	WNT9A	9606.ENSP00000324806	9606.ENSP00000272164	0	0	0	0	0	0.104	0	0.359	0.401
GSK3B	FGF18	9606.ENSP00000324806	9606.ENSP00000274625	0	0	0	0	0	0	0	0.461	0.461
GSK3B	EGFR	9606.ENSP00000324806	9606.ENSP00000275493	0	0	0	0.568	0.047	0.091	0	0.548	0.574
GSK3B	WNT3A	9606.ENSP00000324806	9606.ENSP00000284523	0	0	0	0	0	0.112	0.500	0.869	0.937
GSK3B	WNT7A	9606.ENSP00000324806	9606.ENSP00000285018	0	0	0	0	0	0.112	0	0.731	0.751
GSK3B	FZD7	9606.ENSP00000324806	9606.ENSP00000286201	0	0	0	0	0	0.071	0	0.485	0.501
GSK3B	FZD1	9606.ENSP00000324806	9606.ENSP00000287934	0	0	0	0	0.049	0.250	0.540	0.599	0.851
GSK3B	WNT4	9606.ENSP00000324806	9606.ENSP00000290167	0	0	0	0	0	0.112	0	0.538	0.572
GSK3B	ARAF	9606.ENSP00000324806	9606.ENSP00000290277	0	0	0	0.571	0.050	0	0.900	0.129	0.910
GSK3B	BAX	9606.ENSP00000324806	9606.ENSP00000293288	0	0	0	0	0.062	0.292	0	0.414	0.576
GSK3B	WNT1	9606.ENSP00000324806	9606.ENSP00000293549	0	0	0	0	0	0.112	0.500	0.793	0.900
GSK3B	LRP5	9606.ENSP00000324806	9606.ENSP00000294304	0	0	0	0	0	0	0.720	0.863	0.960
GSK3B	WNT10B	9606.ENSP00000324806	9606.ENSP00000301061	0	0	0	0	0	0.104	0	0.527	0.558
GSK3B	MAP2K1	9606.ENSP00000324806	9606.ENSP00000302486	0	0	0	0.600	0.075	0.161	0.900	0.312	0.939
GSK3B	AXIN2	9606.ENSP00000324806	9606.ENSP00000302625	0	0	0	0	0.060	0.921	0.900	0.996	0.999
GSK3B	FOS	9606.ENSP00000324806	9606.ENSP00000306245	0	0	0	0	0	0.096	0	0.515	0.543
GSK3B	FGF5	9606.ENSP00000324806	9606.ENSP00000311697	0	0	0	0	0	0	0	0.484	0.484
GSK3B	DVL3	9606.ENSP00000324806	9606.ENSP00000316054	0	0	0	0	0.067	0.093	0.900	0.544	0.956
GSK3B	FGF8	9606.ENSP00000324806	9606.ENSP00000321797	0	0	0	0	0	0	0	0.496	0.496
GSK3B	FZD2	9606.ENSP00000324806	9606.ENSP00000323901	0	0	0	0	0	0.071	0.500	0.515	0.755
GSK3B	FZD6	9606.ENSP00000324806	9606.ENSP00000351605	0	0	0	0	0	0.071	0	0.409	0.427
GSK3B	PIK3CD	9606.ENSP00000324806	9606.ENSP00000366563	0	0	0	0	0.042	0.069	0	0.410	0.428
GSK3B	TNFSF11	9606.ENSP00000324806	9606.ENSP00000381775	0	0	0	0	0	0	0	0.447	0.447
GSK3B	HRAS	9606.ENSP00000324806	9606.ENSP00000407586	0	0	0	0	0.074	0.110	0	0.388	0.451
GSK3B	FGF17	9606.ENSP00000324806	9606.ENSP00000352414	0	0	0	0	0	0	0	0.453	0.453
GSK3B	FGF3	9606.ENSP00000324806	9606.ENSP00000334122	0	0	0	0	0	0	0	0.455	0.455
GSK3B	SHC1	9606.ENSP00000324806	9606.ENSP00000401303	0	0	0	0	0.063	0.073	0	0.425	0.457
GSK3B	FZD9	9606.ENSP00000324806	9606.ENSP00000345785	0	0	0	0	0	0.071	0	0.440	0.457
GSK3B	NRAS	9606.ENSP00000324806	9606.ENSP00000358548	0	0	0	0	0.129	0.110	0	0.355	0.457
GSK3B	FZD8	9606.ENSP00000324806	9606.ENSP00000363826	0	0	0	0	0	0.071	0	0.442	0.459
GSK3B	PIK3CB	9606.ENSP00000324806	9606.ENSP00000501150	0	0	0	0	0.060	0.069	0	0.433	0.460
GSK3B	WNT5B	9606.ENSP00000324806	9606.ENSP00000380379	0	0	0	0	0	0.112	0	0.434	0.476
GSK3B	SOS1	9606.ENSP00000324806	9606.ENSP00000384675	0	0.002	0	0	0.206	0.084	0	0.342	0.479
GSK3B	FGF16	9606.ENSP00000324806	9606.ENSP00000399324	0	0	0	0	0	0	0	0.481	0.481
GSK3B	PIK3R1	9606.ENSP00000324806	9606.ENSP00000428056	0	0	0	0	0.074	0.093	0	0.449	0.497
GSK3B	FZD4	9606.ENSP00000324806	9606.ENSP00000434034	0	0	0	0	0	0.071	0	0.485	0.501
GSK3B	WNT2B	9606.ENSP00000324806	9606.ENSP00000358698	0	0	0	0	0	0.112	0	0.463	0.503
GSK3B	FGF9	9606.ENSP00000324806	9606.ENSP00000371790	0	0	0	0	0	0	0	0.503	0.503
GSK3B	NCOA3	9606.ENSP00000324806	9606.ENSP00000361066	0	0	0	0	0.060	0.292	0	0.315	0.504
GSK3B	CDKN1A	9606.ENSP00000324806	9606.ENSP00000384849	0	0	0	0	0.042	0.047	0	0.525	0.529
GSK3B	GRB2	9606.ENSP00000324806	9606.ENSP00000376345	0	0	0	0	0.102	0.100	0	0.472	0.536
GSK3B	WNT7B	9606.ENSP00000324806	9606.ENSP00000341032	0	0	0	0	0	0.112	0	0.506	0.543
GSK3B	WNT11	9606.ENSP00000324806	9606.ENSP00000325526	0	0	0	0	0	0.112	0	0.512	0.548
GSK3B	TCF7L2	9606.ENSP00000324806	9606.ENSP00000486891	0	0	0	0	0.044	0.071	0	0.549	0.564
GSK3B	SP1	9606.ENSP00000324806	9606.ENSP00000329357	0	0	0	0	0.113	0.315	0	0.344	0.567
GSK3B	E2F1	9606.ENSP00000324806	9606.ENSP00000345571	0	0	0	0	0	0.314	0	0.451	0.607
GSK3B	BRCA1	9606.ENSP00000324806	9606.ENSP00000418960	0	0	0	0	0.049	0	0	0.607	0.610
GSK3B	ESR1	9606.ENSP00000324806	9606.ENSP00000405330	0	0	0	0	0	0.071	0	0.618	0.629
GSK3B	IGF1R	9606.ENSP00000324806	9606.ENSP00000497069	0	0	0	0	0.095	0	0	0.621	0.643
GSK3B	ESR2	9606.ENSP00000324806	9606.ENSP00000343925	0	0	0	0	0	0.071	0	0.636	0.648
GSK3B	IGF1	9606.ENSP00000324806	9606.ENSP00000376637	0	0	0	0	0	0.063	0	0.666	0.674
GSK3B	TCF7	9606.ENSP00000324806	9606.ENSP00000340347	0	0	0	0	0	0.071	0	0.679	0.689
GSK3B	WNT8B	9606.ENSP00000324806	9606.ENSP00000340677	0	0	0	0	0	0.112	0.500	0.365	0.693
GSK3B	WNT8A	9606.ENSP00000324806	9606.ENSP00000426653	0	0	0	0	0	0.112	0.500	0.366	0.694
GSK3B	FZD5	9606.ENSP00000324806	9606.ENSP00000354607	0	0	0	0	0	0.110	0.500	0.472	0.744
GSK3B	MTOR	9606.ENSP00000324806	9606.ENSP00000354558	0	0	0	0	0.135	0.095	0	0.746	0.784
GSK3B	NOTCH1	9606.ENSP00000324806	9606.ENSP00000498587	0	0	0	0	0.049	0.334	0	0.722	0.809
GSK3B	PTEN	9606.ENSP00000324806	9606.ENSP00000361021	0	0	0	0	0.056	0.092	0	0.899	0.906
GSK3B	JUN	9606.ENSP00000324806	9606.ENSP00000360266	0	0	0	0	0.059	0.697	0	0.704	0.908
GSK3B	RAF1	9606.ENSP00000324806	9606.ENSP00000401888	0	0	0	0.575	0.061	0	0.900	0.241	0.922
GSK3B	BRAF	9606.ENSP00000324806	9606.ENSP00000419060	0	0	0	0.577	0.049	0	0.900	0.283	0.925
GSK3B	CSNK1A1L	9606.ENSP00000324806	9606.ENSP00000369126	0	0	0	0	0.055	0.077	0.900	0.375	0.938
GSK3B	AKT3	9606.ENSP00000324806	9606.ENSP00000500582	0	0	0	0.586	0	0.552	0.900	0.254	0.963
GSK3B	APC2	9606.ENSP00000324806	9606.ENSP00000442954	0	0	0	0	0	0.234	0.900	0.594	0.966
GSK3B	AKT2	9606.ENSP00000324806	9606.ENSP00000375892	0	0	0	0.582	0.067	0.532	0.900	0.536	0.977
GSK3B	FRAT2	9606.ENSP00000324806	9606.ENSP00000360058	0	0	0	0	0	0.608	0.900	0.709	0.987
GSK3B	MYC	9606.ENSP00000324806	9606.ENSP00000478887	0	0	0	0	0	0.822	0.900	0.839	0.996
GSK3B	AKT1	9606.ENSP00000324806	9606.ENSP00000451828	0	0	0	0.579	0.138	0.929	0.900	0.428	0.996
GSK3B	FRAT1	9606.ENSP00000324806	9606.ENSP00000360060	0	0	0	0	0	0.842	0.900	0.979	0.999
GSK3B	DVL1	9606.ENSP00000324806	9606.ENSP00000368166	0	0	0	0	0.049	0.093	0.900	0.995	0.999
GSK3B	CTNNB1	9606.ENSP00000324806	9606.ENSP00000495360	0	0	0	0	0.054	0.991	0.900	0.999	0.999
HES1	DLL3	9606.ENSP00000232424	9606.ENSP00000205143	0	0	0	0	0	0.071	0	0.482	0.498
HES1	CTNNB1	9606.ENSP00000232424	9606.ENSP00000495360	0	0	0	0	0.049	0	0	0.395	0.400
HES1	FOS	9606.ENSP00000232424	9606.ENSP00000306245	0	0	0	0	0.149	0.054	0	0.376	0.454
HES1	MYC	9606.ENSP00000232424	9606.ENSP00000478887	0	0	0	0	0.068	0.292	0	0.326	0.517
HES1	DLL4	9606.ENSP00000232424	9606.ENSP00000249749	0	0	0	0	0.054	0.072	0	0.544	0.565
HES1	HEYL	9606.ENSP00000232424	9606.ENSP00000361943	0	0	0	0.672	0.063	0	0.500	0.181	0.583
HES1	JAG2	9606.ENSP00000232424	9606.ENSP00000328169	0	0	0	0	0.054	0.072	0	0.579	0.598
HES1	DLL1	9606.ENSP00000232424	9606.ENSP00000355718	0	0	0	0	0.079	0.072	0	0.609	0.637
HES1	JAG1	9606.ENSP00000232424	9606.ENSP00000254958	0	0	0	0	0.102	0.072	0	0.685	0.714
HES1	NOTCH4	9606.ENSP00000232424	9606.ENSP00000364163	0	0	0	0	0.048	0.071	0.500	0.500	0.749
HES1	HEY2	9606.ENSP00000232424	9606.ENSP00000357348	0	0	0	0.694	0.066	0.292	0.500	0.480	0.805
HES1	NOTCH3	9606.ENSP00000232424	9606.ENSP00000263388	0	0	0	0	0.080	0.072	0.500	0.599	0.806
HES1	NOTCH2	9606.ENSP00000232424	9606.ENSP00000256646	0	0	0	0	0	0.072	0.500	0.628	0.812
HES1	NOTCH1	9606.ENSP00000232424	9606.ENSP00000498587	0	0	0	0	0.044	0.314	0.500	0.725	0.897
HES1	HEY1	9606.ENSP00000232424	9606.ENSP00000338272	0	0	0	0.675	0.100	0.785	0.500	0.261	0.919
HES1	HES5	9606.ENSP00000232424	9606.ENSP00000367714	0	0	0	0.777	0.074	0.071	0.900	0.189	0.920
HES5	DLL3	9606.ENSP00000367714	9606.ENSP00000205143	0	0	0	0	0.054	0	0	0.719	0.723
HES5	HES1	9606.ENSP00000367714	9606.ENSP00000232424	0	0	0	0.777	0.074	0.071	0.900	0.189	0.920
HES5	DLL4	9606.ENSP00000367714	9606.ENSP00000249749	0	0	0	0	0.055	0	0	0.619	0.625
HES5	JAG1	9606.ENSP00000367714	9606.ENSP00000254958	0	0	0	0	0.048	0	0	0.836	0.837
HES5	NOTCH2	9606.ENSP00000367714	9606.ENSP00000256646	0	0	0	0	0	0	0.500	0.793	0.892
HES5	NOTCH3	9606.ENSP00000367714	9606.ENSP00000263388	0	0	0	0	0.049	0	0.500	0.865	0.930
HES5	FGF2	9606.ENSP00000367714	9606.ENSP00000264498	0	0	0	0	0.055	0	0	0.433	0.441
HES5	EGF	9606.ENSP00000367714	9606.ENSP00000265171	0	0	0	0	0	0	0	0.432	0.432
HES5	AXIN2	9606.ENSP00000367714	9606.ENSP00000302625	0	0	0	0	0.044	0	0	0.548	0.549
HES5	JAG2	9606.ENSP00000367714	9606.ENSP00000328169	0	0	0	0	0.058	0	0	0.647	0.654
HES5	FGF3	9606.ENSP00000367714	9606.ENSP00000334122	0	0	0	0	0.044	0	0	0.474	0.475
HES5	DLL1	9606.ENSP00000367714	9606.ENSP00000355718	0	0	0	0	0.086	0	0	0.853	0.859
HES5	NOTCH4	9606.ENSP00000367714	9606.ENSP00000364163	0	0	0	0	0.042	0	0.500	0.610	0.797
HES5	CTNNB1	9606.ENSP00000367714	9606.ENSP00000495360	0	0	0	0	0	0	0	0.567	0.567
HES5	NOTCH1	9606.ENSP00000367714	9606.ENSP00000498587	0	0	0	0	0.062	0	0.500	0.872	0.934
HEY1	DLL3	9606.ENSP00000338272	9606.ENSP00000205143	0	0	0	0	0.079	0.071	0	0.677	0.699
HEY1	CCND1	9606.ENSP00000338272	9606.ENSP00000227507	0	0	0	0	0.062	0	0	0.442	0.454
HEY1	HES1	9606.ENSP00000338272	9606.ENSP00000232424	0	0	0	0.675	0.100	0.785	0.500	0.261	0.919
HEY1	DLL4	9606.ENSP00000338272	9606.ENSP00000249749	0	0	0	0	0.062	0.071	0	0.792	0.803
HEY1	JAG1	9606.ENSP00000338272	9606.ENSP00000254958	0	0	0	0	0.122	0.071	0	0.917	0.926
HEY1	NOTCH2	9606.ENSP00000338272	9606.ENSP00000256646	0	0	0	0	0	0.071	0	0.781	0.788
HEY1	FLT4	9606.ENSP00000338272	9606.ENSP00000261937	0	0	0	0	0	0	0	0.423	0.423
HEY1	NOTCH3	9606.ENSP00000338272	9606.ENSP00000263388	0	0	0	0	0.056	0.071	0.500	0.784	0.892
HEY1	FGF2	9606.ENSP00000338272	9606.ENSP00000264498	0	0	0	0	0.055	0	0	0.394	0.403
HEY1	LEF1	9606.ENSP00000338272	9606.ENSP00000265165	0	0	0	0	0.070	0	0	0.386	0.404
HEY1	EGF	9606.ENSP00000338272	9606.ENSP00000265171	0	0	0	0	0.043	0	0	0.435	0.436
HEY1	TP53	9606.ENSP00000338272	9606.ENSP00000269305	0	0	0	0	0	0.510	0	0.419	0.703
HEY1	AXIN2	9606.ENSP00000338272	9606.ENSP00000302625	0	0	0	0	0.044	0	0	0.592	0.593
HEY1	FOS	9606.ENSP00000338272	9606.ENSP00000306245	0	0	0	0	0.042	0.054	0	0.481	0.488
HEY1	JAG2	9606.ENSP00000338272	9606.ENSP00000328169	0	0	0	0	0.067	0.071	0	0.731	0.747
HEY1	FGF3	9606.ENSP00000338272	9606.ENSP00000334122	0	0	0	0	0	0	0	0.502	0.502
HEY1	AKT1	9606.ENSP00000338272	9606.ENSP00000451828	0	0	0	0	0	0.071	0	0.417	0.436
HEY1	CTNNB1	9606.ENSP00000338272	9606.ENSP00000495360	0	0	0	0	0	0	0	0.480	0.480
HEY1	MYC	9606.ENSP00000338272	9606.ENSP00000478887	0	0	0	0	0.061	0	0	0.478	0.489
HEY1	DLL1	9606.ENSP00000338272	9606.ENSP00000355718	0	0	0	0	0.064	0.071	0	0.857	0.864
HEY1	NOTCH4	9606.ENSP00000338272	9606.ENSP00000364163	0	0	0	0	0.120	0.071	0.400	0.841	0.911
HEY1	HEYL	9606.ENSP00000338272	9606.ENSP00000361943	0	0	0.074	0.872	0.049	0	0.900	0.473	0.947
HEY1	NOTCH1	9606.ENSP00000338272	9606.ENSP00000498587	0	0	0	0	0.056	0.450	0.500	0.881	0.965
HEY1	HEY2	9606.ENSP00000338272	9606.ENSP00000357348	0	0	0	0.933	0.085	0.828	0.900	0.394	0.989
HEY2	DLL3	9606.ENSP00000357348	9606.ENSP00000205143	0	0	0	0	0.047	0.071	0	0.599	0.614
HEY2	WNT3	9606.ENSP00000357348	9606.ENSP00000225512	0	0	0	0	0	0	0	0.431	0.431
HEY2	HES1	9606.ENSP00000357348	9606.ENSP00000232424	0	0	0	0.694	0.066	0.292	0.500	0.480	0.805
HEY2	DLL4	9606.ENSP00000357348	9606.ENSP00000249749	0	0	0	0	0.049	0.071	0	0.748	0.758
HEY2	JAG1	9606.ENSP00000357348	9606.ENSP00000254958	0	0	0	0	0.056	0.071	0	0.914	0.918
HEY2	NOTCH2	9606.ENSP00000357348	9606.ENSP00000256646	0	0	0	0	0	0.071	0	0.796	0.803
HEY2	FLT4	9606.ENSP00000357348	9606.ENSP00000261937	0	0	0	0	0.053	0	0	0.572	0.578
HEY2	NOTCH3	9606.ENSP00000357348	9606.ENSP00000263388	0	0	0	0	0.065	0.071	0.500	0.704	0.854
HEY2	JAG2	9606.ENSP00000357348	9606.ENSP00000328169	0	0	0	0	0.058	0.071	0	0.674	0.689
HEY2	HEY1	9606.ENSP00000357348	9606.ENSP00000338272	0	0	0	0.933	0.085	0.828	0.900	0.394	0.989
HEY2	DLL1	9606.ENSP00000357348	9606.ENSP00000355718	0	0	0	0	0.067	0.071	0	0.677	0.696
HEY2	IGF1R	9606.ENSP00000357348	9606.ENSP00000497069	0	0	0	0	0	0.071	0	0.427	0.445
HEY2	AKT1	9606.ENSP00000357348	9606.ENSP00000451828	0	0	0	0	0	0.071	0	0.465	0.481
HEY2	NOTCH4	9606.ENSP00000357348	9606.ENSP00000364163	0	0	0	0	0.098	0.071	0.400	0.818	0.896
HEY2	HEYL	9606.ENSP00000357348	9606.ENSP00000361943	0	0	0	0.872	0.099	0	0.900	0.167	0.918
HEY2	NOTCH1	9606.ENSP00000357348	9606.ENSP00000498587	0	0	0	0	0.048	0.249	0.500	0.865	0.945
HEYL	DLL3	9606.ENSP00000361943	9606.ENSP00000205143	0	0	0	0	0.047	0.071	0	0.515	0.533
HEYL	HES1	9606.ENSP00000361943	9606.ENSP00000232424	0	0	0	0.672	0.063	0	0.500	0.181	0.583
HEYL	DLL4	9606.ENSP00000361943	9606.ENSP00000249749	0	0	0	0	0.078	0.071	0	0.599	0.626
HEYL	JAG1	9606.ENSP00000361943	9606.ENSP00000254958	0	0	0	0	0.061	0.071	0	0.676	0.692
HEYL	NOTCH2	9606.ENSP00000361943	9606.ENSP00000256646	0	0	0	0	0	0.071	0	0.608	0.620
HEYL	NOTCH3	9606.ENSP00000361943	9606.ENSP00000263388	0	0	0	0	0.140	0.071	0.500	0.637	0.835
HEYL	JAG2	9606.ENSP00000361943	9606.ENSP00000328169	0	0	0	0	0.067	0.071	0	0.598	0.621
HEYL	HEY1	9606.ENSP00000361943	9606.ENSP00000338272	0	0	0.074	0.872	0.049	0	0.900	0.473	0.947
HEYL	DLL1	9606.ENSP00000361943	9606.ENSP00000355718	0	0	0	0	0.062	0.071	0	0.610	0.631
HEYL	HEY2	9606.ENSP00000361943	9606.ENSP00000357348	0	0	0	0.872	0.099	0	0.900	0.167	0.918
HEYL	NOTCH4	9606.ENSP00000361943	9606.ENSP00000364163	0	0	0	0	0.161	0.071	0	0.573	0.638
HEYL	NOTCH1	9606.ENSP00000361943	9606.ENSP00000498587	0	0	0	0	0.056	0.071	0.500	0.610	0.806
HRAS	FGF4	9606.ENSP00000407586	9606.ENSP00000168712	0	0	0	0	0.086	0.045	0.500	0.306	0.656
HRAS	FGF20	9606.ENSP00000407586	9606.ENSP00000180166	0	0	0	0	0.055	0.045	0.500	0.283	0.633
HRAS	FGF22	9606.ENSP00000407586	9606.ENSP00000215530	0	0	0	0	0.055	0.045	0.500	0.275	0.629
HRAS	MAPK1	9606.ENSP00000407586	9606.ENSP00000215832	0	0	0	0	0.056	0.098	0.900	0.783	0.979
HRAS	SOS2	9606.ENSP00000407586	9606.ENSP00000216373	0	0	0	0	0.065	0.157	0.900	0.798	0.981
HRAS	PIK3R2	9606.ENSP00000407586	9606.ENSP00000222254	0	0	0	0	0.059	0.065	0.900	0.305	0.930
HRAS	RPS6KB1	9606.ENSP00000407586	9606.ENSP00000225577	0	0	0	0	0.084	0.135	0	0.408	0.490
HRAS	CCND1	9606.ENSP00000407586	9606.ENSP00000227507	0	0	0	0	0.077	0.071	0	0.728	0.747
HRAS	FGF6	9606.ENSP00000407586	9606.ENSP00000228837	0	0	0	0	0.059	0.045	0.500	0.282	0.634
HRAS	FGF23	9606.ENSP00000407586	9606.ENSP00000237837	0	0	0	0	0.067	0.045	0.500	0.167	0.579
HRAS	KRAS	9606.ENSP00000407586	9606.ENSP00000256078	0	0	0.050	0.981	0	0.883	0.900	0.411	0.992
HRAS	CDK4	9606.ENSP00000407586	9606.ENSP00000257904	0	0	0	0	0.081	0.190	0	0.599	0.676
HRAS	PIK3R3	9606.ENSP00000407586	9606.ENSP00000262741	0	0	0	0	0	0.065	0.900	0.232	0.922
HRAS	MAP2K2	9606.ENSP00000407586	9606.ENSP00000262948	0	0	0	0	0.062	0.163	0.900	0.641	0.968
HRAS	MAPK3	9606.ENSP00000407586	9606.ENSP00000263025	0	0	0	0	0.061	0.098	0.900	0.829	0.983
HRAS	PIK3CA	9606.ENSP00000407586	9606.ENSP00000263967	0	0	0	0	0.100	0.758	0.900	0.800	0.995
HRAS	FGF2	9606.ENSP00000407586	9606.ENSP00000264498	0	0	0	0	0.055	0.045	0.500	0.388	0.686
HRAS	SHC2	9606.ENSP00000407586	9606.ENSP00000264554	0	0	0	0	0.051	0	0.500	0.175	0.574
HRAS	FGF10	9606.ENSP00000407586	9606.ENSP00000264664	0	0	0	0	0.055	0.045	0.500	0.286	0.635
HRAS	EGF	9606.ENSP00000407586	9606.ENSP00000265171	0	0	0	0	0	0	0.500	0.750	0.869
HRAS	CDK6	9606.ENSP00000407586	9606.ENSP00000265734	0	0	0	0	0.067	0.095	0	0.641	0.670
HRAS	FGF7	9606.ENSP00000407586	9606.ENSP00000267843	0	0	0	0	0.055	0.045	0.500	0.281	0.632
HRAS	TP53	9606.ENSP00000407586	9606.ENSP00000269305	0	0	0	0	0.083	0.292	0	0.894	0.925
HRAS	ERBB2	9606.ENSP00000407586	9606.ENSP00000269571	0	0	0	0	0.053	0.328	0.500	0.742	0.907
HRAS	FGF18	9606.ENSP00000407586	9606.ENSP00000274625	0	0	0	0	0.046	0.045	0.500	0.347	0.662
HRAS	EGFR	9606.ENSP00000407586	9606.ENSP00000275493	0	0	0	0	0.053	0.315	0.900	0.931	0.994
HRAS	KIT	9606.ENSP00000407586	9606.ENSP00000288135	0	0	0	0	0.055	0.071	0.900	0.621	0.962
HRAS	ARAF	9606.ENSP00000407586	9606.ENSP00000290277	0	0	0	0	0.076	0.809	0.900	0.782	0.995
HRAS	FGF19	9606.ENSP00000407586	9606.ENSP00000294312	0	0	0	0	0.046	0.045	0.500	0.177	0.575
HRAS	MAP2K1	9606.ENSP00000407586	9606.ENSP00000302486	0	0	0	0	0.062	0.382	0.900	0.832	0.989
HRAS	FOS	9606.ENSP00000407586	9606.ENSP00000306245	0	0	0	0	0.056	0.097	0	0.744	0.763
HRAS	FGF5	9606.ENSP00000407586	9606.ENSP00000311697	0	0	0	0	0.046	0.045	0.500	0.278	0.627
HRAS	FGF8	9606.ENSP00000407586	9606.ENSP00000321797	0	0	0	0	0.046	0.045	0.500	0.275	0.626
HRAS	GSK3B	9606.ENSP00000407586	9606.ENSP00000324806	0	0	0	0	0.074	0.110	0	0.388	0.451
HRAS	FGF3	9606.ENSP00000407586	9606.ENSP00000334122	0	0	0	0	0.046	0.045	0.500	0.319	0.649
HRAS	E2F1	9606.ENSP00000407586	9606.ENSP00000345571	0	0	0	0	0.072	0	0	0.592	0.605
HRAS	FGF17	9606.ENSP00000407586	9606.ENSP00000352414	0	0	0	0	0.074	0.045	0.500	0.285	0.642
HRAS	MTOR	9606.ENSP00000407586	9606.ENSP00000354558	0	0	0	0	0	0.390	0	0.480	0.669
HRAS	NRAS	9606.ENSP00000407586	9606.ENSP00000358548	0	0	0.050	0.981	0	0.330	0.900	0.059	0.932
HRAS	JUN	9606.ENSP00000407586	9606.ENSP00000360266	0	0	0	0	0.067	0.181	0	0.733	0.778
HRAS	PTEN	9606.ENSP00000407586	9606.ENSP00000361021	0	0	0	0	0.059	0.099	0	0.808	0.823
HRAS	SHC3	9606.ENSP00000407586	9606.ENSP00000364995	0	0	0	0	0.056	0	0.500	0.114	0.545
HRAS	PIK3CD	9606.ENSP00000407586	9606.ENSP00000366563	0	0	0	0	0.056	0.644	0.900	0.239	0.971
HRAS	BRCA2	9606.ENSP00000407586	9606.ENSP00000369497	0	0	0	0	0	0	0	0.480	0.480
HRAS	FGF9	9606.ENSP00000407586	9606.ENSP00000371790	0	0	0	0	0.055	0.045	0.500	0.291	0.637
HRAS	AKT2	9606.ENSP00000407586	9606.ENSP00000375892	0	0	0	0	0.076	0.110	0	0.442	0.501
HRAS	GRB2	9606.ENSP00000407586	9606.ENSP00000376345	0	0	0	0	0.086	0.209	0.500	0.850	0.938
HRAS	SOS1	9606.ENSP00000407586	9606.ENSP00000384675	0	0	0	0	0.071	0.991	0.900	0.976	0.999
HRAS	CDKN1A	9606.ENSP00000407586	9606.ENSP00000384849	0	0	0	0	0.072	0.053	0	0.660	0.675
HRAS	FGFR1	9606.ENSP00000407586	9606.ENSP00000393312	0	0	0	0	0	0.099	0.900	0.614	0.962
HRAS	FGF16	9606.ENSP00000407586	9606.ENSP00000399324	0	0	0	0	0.055	0.045	0.500	0.291	0.637
HRAS	SHC1	9606.ENSP00000407586	9606.ENSP00000401303	0	0	0	0	0.070	0	0.500	0.724	0.860
HRAS	RAF1	9606.ENSP00000407586	9606.ENSP00000401888	0	0	0	0	0.074	0.999	0.900	0.985	0.999
HRAS	ESR1	9606.ENSP00000407586	9606.ENSP00000405330	0	0	0	0	0	0.073	0	0.705	0.715
HRAS	AKT3	9606.ENSP00000407586	9606.ENSP00000500582	0	0	0	0	0.074	0.110	0	0.408	0.470
HRAS	BRCA1	9606.ENSP00000407586	9606.ENSP00000418960	0	0	0	0	0	0	0	0.528	0.528
HRAS	FGF1	9606.ENSP00000407586	9606.ENSP00000480791	0	0	0	0	0.055	0.045	0.500	0.211	0.596
HRAS	NOTCH1	9606.ENSP00000407586	9606.ENSP00000498587	0	0	0	0	0	0.522	0	0.626	0.814
HRAS	CTNNB1	9606.ENSP00000407586	9606.ENSP00000495360	0	0	0	0	0.059	0.168	0	0.841	0.865
HRAS	MYC	9606.ENSP00000407586	9606.ENSP00000478887	0	0	0	0	0.059	0.045	0	0.868	0.871
HRAS	AKT1	9606.ENSP00000407586	9606.ENSP00000451828	0	0	0	0	0.103	0.110	0	0.880	0.896
HRAS	IGF1R	9606.ENSP00000407586	9606.ENSP00000497069	0	0	0	0	0.074	0.110	0.900	0.463	0.949
HRAS	PIK3CB	9606.ENSP00000407586	9606.ENSP00000501150	0	0	0	0	0.056	0.133	0.900	0.610	0.963
HRAS	PIK3R1	9606.ENSP00000407586	9606.ENSP00000428056	0	0	0	0	0	0.688	0.900	0.707	0.990
HRAS	BRAF	9606.ENSP00000407586	9606.ENSP00000419060	0	0	0	0	0.074	0.921	0.900	0.952	0.999
IGF1	FGF4	9606.ENSP00000376637	9606.ENSP00000168712	0	0	0	0	0	0	0	0.788	0.788
IGF1	FGF20	9606.ENSP00000376637	9606.ENSP00000180166	0	0	0	0	0	0	0	0.770	0.770
IGF1	FGF22	9606.ENSP00000376637	9606.ENSP00000215530	0	0	0	0	0	0	0	0.782	0.782
IGF1	MAPK1	9606.ENSP00000376637	9606.ENSP00000215832	0	0	0	0	0	0	0	0.621	0.621
IGF1	RPS6KB1	9606.ENSP00000376637	9606.ENSP00000225577	0	0	0	0	0	0	0	0.733	0.733
IGF1	CCND1	9606.ENSP00000376637	9606.ENSP00000227507	0	0	0	0	0	0	0	0.648	0.648
IGF1	FGF6	9606.ENSP00000376637	9606.ENSP00000228837	0	0	0	0	0	0	0	0.794	0.794
IGF1	FGF23	9606.ENSP00000376637	9606.ENSP00000237837	0	0	0	0	0	0	0	0.528	0.528
IGF1	JAG1	9606.ENSP00000376637	9606.ENSP00000254958	0	0	0	0	0.042	0	0	0.418	0.418
IGF1	KRAS	9606.ENSP00000376637	9606.ENSP00000256078	0	0	0	0	0	0	0	0.698	0.698
IGF1	NOTCH2	9606.ENSP00000376637	9606.ENSP00000256646	0	0	0	0	0.044	0	0	0.479	0.480
IGF1	CDK4	9606.ENSP00000376637	9606.ENSP00000257904	0	0	0	0	0	0	0	0.448	0.448
IGF1	FLT4	9606.ENSP00000376637	9606.ENSP00000261937	0	0	0	0	0	0	0.650	0.394	0.778
IGF1	MAPK3	9606.ENSP00000376637	9606.ENSP00000263025	0	0	0	0	0	0	0	0.697	0.697
IGF1	PIK3CA	9606.ENSP00000376637	9606.ENSP00000263967	0	0	0	0	0.042	0	0	0.512	0.512
IGF1	FGF2	9606.ENSP00000376637	9606.ENSP00000264498	0	0	0	0	0.043	0	0	0.882	0.882
IGF1	WNT5A	9606.ENSP00000376637	9606.ENSP00000264634	0	0	0	0	0.042	0	0	0.737	0.737
IGF1	FGF10	9606.ENSP00000376637	9606.ENSP00000264664	0	0	0	0	0.060	0	0	0.785	0.789
IGF1	EGF	9606.ENSP00000376637	9606.ENSP00000265171	0	0	0	0	0	0	0.900	0.957	0.995
IGF1	WNT2	9606.ENSP00000376637	9606.ENSP00000265441	0	0	0	0	0.068	0	0	0.587	0.599
IGF1	FGF7	9606.ENSP00000376637	9606.ENSP00000267843	0	0	0	0	0.136	0	0	0.808	0.827
IGF1	TP53	9606.ENSP00000376637	9606.ENSP00000269305	0	0	0	0	0	0	0	0.720	0.720
IGF1	ERBB2	9606.ENSP00000376637	9606.ENSP00000269571	0	0	0	0	0	0	0.900	0.926	0.992
IGF1	FGF18	9606.ENSP00000376637	9606.ENSP00000274625	0	0	0	0	0.054	0	0	0.794	0.797
IGF1	EGFR	9606.ENSP00000376637	9606.ENSP00000275493	0	0	0	0	0	0	0.900	0.919	0.991
IGF1	WNT3A	9606.ENSP00000376637	9606.ENSP00000284523	0	0	0	0	0	0	0	0.478	0.478
IGF1	KIT	9606.ENSP00000376637	9606.ENSP00000288135	0	0	0	0	0.068	0	0.650	0.606	0.860
IGF1	WNT1	9606.ENSP00000376637	9606.ENSP00000293549	0	0	0	0	0	0	0	0.400	0.400
IGF1	LRP5	9606.ENSP00000376637	9606.ENSP00000294304	0	0	0	0	0.042	0	0	0.639	0.639
IGF1	FGF19	9606.ENSP00000376637	9606.ENSP00000294312	0	0	0	0	0	0	0	0.489	0.489
IGF1	MAP2K1	9606.ENSP00000376637	9606.ENSP00000302486	0	0	0	0	0	0	0	0.677	0.677
IGF1	FOS	9606.ENSP00000376637	9606.ENSP00000306245	0	0	0	0	0.049	0	0	0.582	0.585
IGF1	RPS6KB2	9606.ENSP00000376637	9606.ENSP00000308413	0	0	0	0	0	0	0	0.587	0.587
IGF1	FGF5	9606.ENSP00000376637	9606.ENSP00000311697	0	0	0	0	0	0	0	0.788	0.788
IGF1	FGF8	9606.ENSP00000376637	9606.ENSP00000321797	0	0	0	0	0	0	0	0.762	0.762
IGF1	GSK3B	9606.ENSP00000376637	9606.ENSP00000324806	0	0	0	0	0	0.063	0	0.666	0.674
IGF1	PGR	9606.ENSP00000376637	9606.ENSP00000325120	0	0	0	0	0.058	0	0	0.571	0.578
IGF1	FGF3	9606.ENSP00000376637	9606.ENSP00000334122	0	0	0	0	0	0	0	0.763	0.763
IGF1	ESR2	9606.ENSP00000376637	9606.ENSP00000343925	0	0	0	0	0.043	0	0	0.731	0.731
IGF1	E2F1	9606.ENSP00000376637	9606.ENSP00000345571	0	0	0	0	0	0.230	0	0.393	0.512
IGF1	FGF17	9606.ENSP00000376637	9606.ENSP00000352414	0	0	0	0	0	0	0	0.787	0.787
IGF1	MTOR	9606.ENSP00000376637	9606.ENSP00000354558	0	0	0	0	0	0	0	0.781	0.781
IGF1	JUN	9606.ENSP00000376637	9606.ENSP00000360266	0	0	0	0	0.049	0	0	0.633	0.636
IGF1	PTEN	9606.ENSP00000376637	9606.ENSP00000361021	0	0	0	0	0.042	0	0	0.795	0.795
IGF1	FGF9	9606.ENSP00000376637	9606.ENSP00000371790	0	0	0	0	0	0	0	0.772	0.772
IGF1	AKT2	9606.ENSP00000376637	9606.ENSP00000375892	0	0	0	0	0	0.063	0	0.723	0.729
IGF1	GRB2	9606.ENSP00000376637	9606.ENSP00000376345	0	0	0	0	0	0	0.500	0.544	0.762
IGF1	BRCA1	9606.ENSP00000376637	9606.ENSP00000418960	0	0	0	0	0	0	0	0.445	0.445
IGF1	AKT3	9606.ENSP00000376637	9606.ENSP00000500582	0	0	0	0	0	0.063	0	0.447	0.459
IGF1	NOTCH1	9606.ENSP00000376637	9606.ENSP00000498587	0	0	0	0	0	0	0	0.480	0.480
IGF1	BRAF	9606.ENSP00000376637	9606.ENSP00000419060	0	0	0	0	0	0.063	0	0.474	0.486
IGF1	CDKN1A	9606.ENSP00000376637	9606.ENSP00000384849	0	0	0	0	0	0	0	0.506	0.506
IGF1	PIK3R1	9606.ENSP00000376637	9606.ENSP00000428056	0	0	0	0	0.076	0	0	0.507	0.524
IGF1	PIK3CB	9606.ENSP00000376637	9606.ENSP00000501150	0	0	0	0	0	0	0	0.588	0.588
IGF1	SOS1	9606.ENSP00000376637	9606.ENSP00000384675	0	0	0	0	0	0	0.500	0.371	0.672
IGF1	CTNNB1	9606.ENSP00000376637	9606.ENSP00000495360	0	0	0	0	0	0	0	0.687	0.687
IGF1	FGF21	9606.ENSP00000376637	9606.ENSP00000471477	0	0	0	0	0	0	0	0.690	0.690
IGF1	MYC	9606.ENSP00000376637	9606.ENSP00000478887	0	0	0	0	0.042	0	0	0.731	0.731
IGF1	FGF16	9606.ENSP00000376637	9606.ENSP00000399324	0	0	0	0	0	0	0	0.770	0.770
IGF1	TNFSF11	9606.ENSP00000376637	9606.ENSP00000381775	0	0	0	0	0.060	0	0	0.801	0.804
IGF1	FGFR1	9606.ENSP00000376637	9606.ENSP00000393312	0	0	0	0	0.042	0	0.650	0.507	0.820
IGF1	FGF1	9606.ENSP00000376637	9606.ENSP00000480791	0	0	0	0	0.048	0	0	0.825	0.827
IGF1	SHC1	9606.ENSP00000376637	9606.ENSP00000401303	0	0	0	0	0	0	0.500	0.790	0.890
IGF1	AKT1	9606.ENSP00000376637	9606.ENSP00000451828	0	0	0	0	0	0.063	0	0.934	0.935
IGF1	ESR1	9606.ENSP00000376637	9606.ENSP00000405330	0	0	0	0	0.062	0	0	0.964	0.964
IGF1	IGF1R	9606.ENSP00000376637	9606.ENSP00000497069	0	0	0	0	0	0.983	0.900	0.999	0.999
IGF1R	FGF4	9606.ENSP00000497069	9606.ENSP00000168712	0	0	0	0	0	0	0.650	0.599	0.853
IGF1R	FGF20	9606.ENSP00000497069	9606.ENSP00000180166	0	0	0	0	0	0	0.650	0.602	0.855
IGF1R	FGF22	9606.ENSP00000497069	9606.ENSP00000215530	0	0	0	0	0	0	0.650	0.600	0.854
IGF1R	SOS2	9606.ENSP00000497069	9606.ENSP00000216373	0	0	0	0	0.068	0.084	0	0.374	0.419
IGF1R	PIK3R2	9606.ENSP00000497069	9606.ENSP00000222254	0	0	0	0	0.042	0.397	0.900	0.463	0.964
IGF1R	RPS6KB1	9606.ENSP00000497069	9606.ENSP00000225577	0	0	0	0.558	0.048	0.091	0	0.402	0.437
IGF1R	CCND1	9606.ENSP00000497069	9606.ENSP00000227507	0	0	0	0	0.072	0	0	0.665	0.676
IGF1R	FGF6	9606.ENSP00000497069	9606.ENSP00000228837	0	0	0	0	0	0	0.650	0.589	0.850
IGF1R	FGF23	9606.ENSP00000497069	9606.ENSP00000237837	0	0	0	0	0	0	0.650	0.203	0.709
IGF1R	JAG1	9606.ENSP00000497069	9606.ENSP00000254958	0	0	0	0	0.049	0.098	0	0.571	0.600
IGF1R	KRAS	9606.ENSP00000497069	9606.ENSP00000256078	0	0	0	0	0.075	0.224	0.900	0.655	0.971
IGF1R	NOTCH2	9606.ENSP00000497069	9606.ENSP00000256646	0	0	0	0	0.060	0.098	0	0.594	0.626
IGF1R	CDK4	9606.ENSP00000497069	9606.ENSP00000257904	0	0	0	0.600	0	0.270	0	0.489	0.611
IGF1R	FLT4	9606.ENSP00000497069	9606.ENSP00000261937	0	0	0	0.573	0	0.074	0	0.532	0.548
IGF1R	PIK3R3	9606.ENSP00000497069	9606.ENSP00000262741	0	0	0	0	0	0.719	0.900	0.696	0.990
IGF1R	MAP2K2	9606.ENSP00000497069	9606.ENSP00000262948	0	0	0	0.571	0	0.161	0	0.487	0.551
IGF1R	NOTCH3	9606.ENSP00000497069	9606.ENSP00000263388	0	0	0	0	0.067	0.098	0	0.362	0.417
IGF1R	PIK3CA	9606.ENSP00000497069	9606.ENSP00000263967	0	0	0	0	0.048	0.098	0.900	0.776	0.978
IGF1R	FGF2	9606.ENSP00000497069	9606.ENSP00000264498	0	0	0	0	0	0	0.650	0.726	0.900
IGF1R	SHC2	9606.ENSP00000497069	9606.ENSP00000264554	0	0	0	0	0	0.073	0.900	0.173	0.916
IGF1R	FGF10	9606.ENSP00000497069	9606.ENSP00000264664	0	0	0	0	0	0	0.650	0.656	0.874
IGF1R	LEF1	9606.ENSP00000497069	9606.ENSP00000265165	0	0	0	0	0.048	0.294	0	0.540	0.664
IGF1R	EGF	9606.ENSP00000497069	9606.ENSP00000265171	0	0	0	0	0	0.062	0.900	0.979	0.997
IGF1R	FGF7	9606.ENSP00000497069	9606.ENSP00000267843	0	0	0	0	0	0	0.650	0.610	0.857
IGF1R	TP53	9606.ENSP00000497069	9606.ENSP00000269305	0	0	0	0	0.049	0.292	0	0.800	0.853
IGF1R	ERBB2	9606.ENSP00000497069	9606.ENSP00000269571	0	0	0	0.569	0.083	0.693	0	0.979	0.993
IGF1R	FGF18	9606.ENSP00000497069	9606.ENSP00000274625	0	0	0	0	0	0	0.650	0.586	0.848
IGF1R	EGFR	9606.ENSP00000497069	9606.ENSP00000275493	0	0	0	0.571	0.113	0.585	0	0.972	0.989
IGF1R	KIT	9606.ENSP00000497069	9606.ENSP00000288135	0	0	0	0.593	0.042	0.074	0	0.547	0.563
IGF1R	FGF19	9606.ENSP00000497069	9606.ENSP00000294312	0	0	0	0	0	0	0.650	0.229	0.718
IGF1R	MAP2K1	9606.ENSP00000497069	9606.ENSP00000302486	0	0	0	0.575	0	0.249	0	0.585	0.675
IGF1R	FOS	9606.ENSP00000497069	9606.ENSP00000306245	0	0	0	0	0.048	0.096	0	0.455	0.490
IGF1R	FGF5	9606.ENSP00000497069	9606.ENSP00000311697	0	0	0	0	0	0	0.650	0.589	0.850
IGF1R	FGF8	9606.ENSP00000497069	9606.ENSP00000321797	0	0	0	0	0	0	0.650	0.586	0.848
IGF1R	GSK3B	9606.ENSP00000497069	9606.ENSP00000324806	0	0	0	0	0.095	0	0	0.621	0.643
IGF1R	PGR	9606.ENSP00000497069	9606.ENSP00000325120	0	0	0	0	0.049	0.071	0	0.812	0.820
IGF1R	SP1	9606.ENSP00000497069	9606.ENSP00000329357	0	0	0	0	0.067	0.071	0	0.576	0.601
IGF1R	SHC4	9606.ENSP00000497069	9606.ENSP00000329668	0	0	0	0	0.042	0.073	0.900	0.455	0.945
IGF1R	FGF3	9606.ENSP00000497069	9606.ENSP00000334122	0	0	0	0	0	0	0.650	0.587	0.849
IGF1R	ESR2	9606.ENSP00000497069	9606.ENSP00000343925	0	0	0	0	0	0.071	0	0.807	0.813
IGF1R	E2F1	9606.ENSP00000497069	9606.ENSP00000345571	0	0	0	0	0	0.057	0	0.437	0.447
IGF1R	FGF17	9606.ENSP00000497069	9606.ENSP00000352414	0	0	0	0	0	0	0.650	0.588	0.849
IGF1R	MTOR	9606.ENSP00000497069	9606.ENSP00000354558	0	0	0	0	0.049	0.211	0	0.843	0.872
IGF1R	HEY2	9606.ENSP00000497069	9606.ENSP00000357348	0	0	0	0	0	0.071	0	0.427	0.445
IGF1R	NRAS	9606.ENSP00000497069	9606.ENSP00000358548	0	0	0	0	0.074	0.110	0.900	0.582	0.960
IGF1R	JUN	9606.ENSP00000497069	9606.ENSP00000360266	0	0	0	0	0	0.085	0	0.554	0.574
IGF1R	PTEN	9606.ENSP00000497069	9606.ENSP00000361021	0	0	0	0	0.054	0.256	0	0.844	0.880
IGF1R	SHC3	9606.ENSP00000497069	9606.ENSP00000364995	0	0	0	0	0	0.112	0.900	0.473	0.949
IGF1R	PIK3CD	9606.ENSP00000497069	9606.ENSP00000366563	0	0	0	0	0.044	0.167	0.900	0.447	0.950
IGF1R	BRCA2	9606.ENSP00000497069	9606.ENSP00000369497	0	0	0	0	0	0	0	0.418	0.418
IGF1R	FGF9	9606.ENSP00000497069	9606.ENSP00000371790	0	0	0	0	0	0	0.650	0.616	0.859
IGF1R	AKT2	9606.ENSP00000497069	9606.ENSP00000375892	0	0	0	0.562	0.071	0.045	0	0.378	0.401
IGF1R	GRB2	9606.ENSP00000497069	9606.ENSP00000376345	0	0	0	0	0.060	0.185	0.900	0.830	0.985
IGF1R	IGF1	9606.ENSP00000497069	9606.ENSP00000376637	0	0	0	0	0	0.983	0.900	0.999	0.999
IGF1R	TNFSF11	9606.ENSP00000497069	9606.ENSP00000381775	0	0	0	0	0	0	0	0.678	0.678
IGF1R	SOS1	9606.ENSP00000497069	9606.ENSP00000384675	0	0	0	0	0.049	0.084	0.500	0.409	0.708
IGF1R	CDKN1A	9606.ENSP00000497069	9606.ENSP00000384849	0	0	0	0	0.058	0.069	0	0.487	0.510
IGF1R	NCOA1	9606.ENSP00000497069	9606.ENSP00000385216	0	0	0	0	0.058	0	0	0.488	0.498
IGF1R	FGFR1	9606.ENSP00000497069	9606.ENSP00000393312	0	0	0	0.656	0.056	0.074	0	0.608	0.627
IGF1R	FGF16	9606.ENSP00000497069	9606.ENSP00000399324	0	0	0	0	0	0	0.650	0.603	0.855
IGF1R	SHC1	9606.ENSP00000497069	9606.ENSP00000401303	0	0	0	0	0.042	0.841	0.900	0.992	0.999
IGF1R	ESR1	9606.ENSP00000497069	9606.ENSP00000405330	0	0	0	0	0.063	0.743	0.500	0.994	0.999
IGF1R	HRAS	9606.ENSP00000497069	9606.ENSP00000407586	0	0	0	0	0.074	0.110	0.900	0.463	0.949
IGF1R	BRCA1	9606.ENSP00000497069	9606.ENSP00000418960	0	0	0	0	0	0	0	0.480	0.480
IGF1R	PIK3R1	9606.ENSP00000497069	9606.ENSP00000428056	0	0	0	0	0.042	0.803	0.900	0.735	0.994
IGF1R	AKT1	9606.ENSP00000497069	9606.ENSP00000451828	0	0	0	0.559	0.062	0.294	0	0.470	0.619
IGF1R	FGF21	9606.ENSP00000497069	9606.ENSP00000471477	0	0	0	0	0	0	0.650	0.377	0.772
IGF1R	MYC	9606.ENSP00000497069	9606.ENSP00000478887	0	0	0	0	0.045	0.045	0	0.710	0.712
IGF1R	FGF1	9606.ENSP00000497069	9606.ENSP00000480791	0	0	0	0	0	0	0.650	0.375	0.772
IGF1R	CTNNB1	9606.ENSP00000497069	9606.ENSP00000495360	0	0	0	0	0.063	0.397	0.900	0.777	0.985
IGF1R	NOTCH1	9606.ENSP00000497069	9606.ENSP00000498587	0	0	0	0	0.042	0.098	0	0.665	0.685
IGF1R	PIK3CB	9606.ENSP00000497069	9606.ENSP00000501150	0	0	0	0	0.074	0.098	0.900	0.695	0.971
JAG1	FGF4	9606.ENSP00000254958	9606.ENSP00000168712	0	0	0	0	0	0.042	0	0.462	0.463
JAG1	FGF20	9606.ENSP00000254958	9606.ENSP00000180166	0	0	0	0	0.054	0.042	0	0.466	0.474
JAG1	FGF22	9606.ENSP00000254958	9606.ENSP00000215530	0	0	0	0	0.056	0.042	0	0.431	0.441
JAG1	WNT3	9606.ENSP00000254958	9606.ENSP00000225512	0	0	0	0	0	0.094	0	0.475	0.504
JAG1	CCND1	9606.ENSP00000254958	9606.ENSP00000227507	0	0	0	0	0.101	0	0	0.725	0.742
JAG1	FGF6	9606.ENSP00000254958	9606.ENSP00000228837	0	0	0	0	0	0.042	0	0.452	0.453
JAG1	HES1	9606.ENSP00000254958	9606.ENSP00000232424	0	0	0	0	0.102	0.072	0	0.685	0.714
JAG1	DLL4	9606.ENSP00000254958	9606.ENSP00000249749	0	0	0	0.851	0.049	0	0.400	0.463	0.666
JAG1	CDK6	9606.ENSP00000254958	9606.ENSP00000265734	0	0	0	0	0.069	0.092	0	0.347	0.400
JAG1	AXIN1	9606.ENSP00000254958	9606.ENSP00000262320	0	0	0	0	0	0.065	0	0.392	0.407
JAG1	IGF1	9606.ENSP00000254958	9606.ENSP00000376637	0	0	0	0	0.042	0	0	0.418	0.418
JAG1	FGF17	9606.ENSP00000254958	9606.ENSP00000352414	0	0	0	0	0	0.042	0	0.418	0.419
JAG1	MAPK3	9606.ENSP00000254958	9606.ENSP00000263025	0	0	0	0	0.055	0.068	0	0.399	0.425
JAG1	KRAS	9606.ENSP00000254958	9606.ENSP00000256078	0	0	0	0	0.042	0.157	0	0.351	0.430
JAG1	FLT4	9606.ENSP00000254958	9606.ENSP00000261937	0	0	0	0	0.055	0	0	0.421	0.430
JAG1	TNFSF11	9606.ENSP00000254958	9606.ENSP00000381775	0	0	0	0	0	0	0	0.434	0.434
JAG1	JUN	9606.ENSP00000254958	9606.ENSP00000360266	0	0	0	0	0.069	0.093	0	0.386	0.437
JAG1	WNT2	9606.ENSP00000254958	9606.ENSP00000265441	0	0	0	0	0	0.094	0	0.406	0.438
JAG1	FGF16	9606.ENSP00000254958	9606.ENSP00000399324	0	0	0	0	0.054	0.042	0	0.440	0.448
JAG1	LEF1	9606.ENSP00000254958	9606.ENSP00000265165	0	0	0	0	0.052	0.051	0	0.437	0.449
JAG1	CDKN1A	9606.ENSP00000254958	9606.ENSP00000384849	0	0	0	0	0.083	0.045	0	0.427	0.454
JAG1	LRP5	9606.ENSP00000254958	9606.ENSP00000294304	0	0	0	0	0.067	0	0	0.446	0.461
JAG1	KIT	9606.ENSP00000254958	9606.ENSP00000288135	0	0	0	0	0.058	0	0	0.451	0.461
JAG1	WNT4	9606.ENSP00000254958	9606.ENSP00000290167	0	0	0	0	0.042	0.094	0	0.433	0.465
JAG1	FGF9	9606.ENSP00000254958	9606.ENSP00000371790	0	0	0	0	0.054	0.042	0	0.468	0.476
JAG1	FGF18	9606.ENSP00000254958	9606.ENSP00000274625	0	0	0	0	0.087	0.042	0	0.454	0.481
JAG1	PTEN	9606.ENSP00000254958	9606.ENSP00000361021	0	0	0	0	0.055	0.072	0	0.464	0.489
JAG1	ERBB2	9606.ENSP00000254958	9606.ENSP00000269571	0	0	0	0	0	0.097	0	0.460	0.492
JAG1	FGF8	9606.ENSP00000254958	9606.ENSP00000321797	0	0	0	0	0	0.042	0	0.498	0.498
JAG1	WNT5A	9606.ENSP00000254958	9606.ENSP00000264634	0	0	0	0	0.062	0.094	0	0.460	0.501
JAG1	FGF10	9606.ENSP00000254958	9606.ENSP00000264664	0	0	0	0	0.056	0.042	0	0.497	0.505
JAG1	TP53	9606.ENSP00000254958	9606.ENSP00000269305	0	0	0	0	0	0.045	0	0.507	0.509
JAG1	GSK3B	9606.ENSP00000254958	9606.ENSP00000324806	0	0	0	0	0.049	0.098	0	0.483	0.518
JAG1	FGF2	9606.ENSP00000254958	9606.ENSP00000264498	0	0	0	0	0.060	0.042	0	0.525	0.536
JAG1	EGFR	9606.ENSP00000254958	9606.ENSP00000275493	0	0	0	0	0.104	0.097	0	0.504	0.563
JAG1	WNT3A	9606.ENSP00000254958	9606.ENSP00000284523	0	0	0	0	0	0.094	0	0.563	0.587
JAG1	FGF3	9606.ENSP00000254958	9606.ENSP00000334122	0	0	0	0	0	0.042	0	0.593	0.593
JAG1	IGF1R	9606.ENSP00000254958	9606.ENSP00000497069	0	0	0	0	0.049	0.098	0	0.571	0.600
JAG1	AKT1	9606.ENSP00000254958	9606.ENSP00000451828	0	0	0	0	0.057	0.098	0	0.582	0.613
JAG1	FGF5	9606.ENSP00000254958	9606.ENSP00000311697	0	0	0	0	0	0.042	0	0.618	0.618
JAG1	AXIN2	9606.ENSP00000254958	9606.ENSP00000302625	0	0	0	0	0	0.065	0	0.614	0.623
JAG1	FGF7	9606.ENSP00000254958	9606.ENSP00000267843	0	0	0	0	0.054	0.042	0	0.618	0.624
JAG1	ESR1	9606.ENSP00000254958	9606.ENSP00000405330	0	0	0	0	0	0.050	0	0.628	0.631
JAG1	MYC	9606.ENSP00000254958	9606.ENSP00000478887	0	0	0	0	0.055	0.067	0	0.675	0.688
JAG1	HEYL	9606.ENSP00000254958	9606.ENSP00000361943	0	0	0	0	0.061	0.071	0	0.676	0.692
JAG1	WNT1	9606.ENSP00000254958	9606.ENSP00000293549	0	0	0	0	0	0.094	0	0.676	0.694
JAG1	CTNNB1	9606.ENSP00000254958	9606.ENSP00000495360	0	0	0	0	0.081	0.098	0	0.774	0.796
JAG1	DLL1	9606.ENSP00000254958	9606.ENSP00000355718	0	0	0	0.853	0.050	0	0.400	0.684	0.804
JAG1	HES5	9606.ENSP00000254958	9606.ENSP00000367714	0	0	0	0	0.048	0	0	0.836	0.837
JAG1	EGF	9606.ENSP00000254958	9606.ENSP00000265171	0	0	0	0	0.055	0	0	0.867	0.869
JAG1	HEY2	9606.ENSP00000254958	9606.ENSP00000357348	0	0	0	0	0.056	0.071	0	0.914	0.918
JAG1	HEY1	9606.ENSP00000254958	9606.ENSP00000338272	0	0	0	0	0.122	0.071	0	0.917	0.926
JAG1	JAG2	9606.ENSP00000254958	9606.ENSP00000328169	0	0	0.062	0.950	0.084	0.130	0.900	0.448	0.951
JAG1	NOTCH4	9606.ENSP00000254958	9606.ENSP00000364163	0	0	0	0.678	0.047	0.087	0.900	0.990	0.999
JAG1	NOTCH2	9606.ENSP00000254958	9606.ENSP00000256646	0	0	0	0.703	0.092	0.644	0.900	0.990	0.999
JAG1	NOTCH3	9606.ENSP00000254958	9606.ENSP00000263388	0	0	0	0.696	0.105	0.525	0.900	0.987	0.999
JAG1	NOTCH1	9606.ENSP00000254958	9606.ENSP00000498587	0	0	0	0.710	0.097	0.870	0.900	0.987	0.999
JAG2	CCND1	9606.ENSP00000328169	9606.ENSP00000227507	0	0	0	0	0.080	0	0	0.431	0.454
JAG2	HES1	9606.ENSP00000328169	9606.ENSP00000232424	0	0	0	0	0.054	0.072	0	0.579	0.598
JAG2	DLL4	9606.ENSP00000328169	9606.ENSP00000249749	0	0	0	0.852	0.083	0	0.400	0.322	0.594
JAG2	JAG1	9606.ENSP00000328169	9606.ENSP00000254958	0	0	0.062	0.950	0.084	0.130	0.900	0.448	0.951
JAG2	NOTCH2	9606.ENSP00000328169	9606.ENSP00000256646	0	0	0	0.698	0.062	0.360	0.900	0.990	0.999
JAG2	NOTCH3	9606.ENSP00000328169	9606.ENSP00000263388	0	0	0	0.689	0.146	0.368	0.900	0.987	0.999
JAG2	LEF1	9606.ENSP00000328169	9606.ENSP00000265165	0	0	0	0	0.052	0.051	0	0.505	0.516
JAG2	EGF	9606.ENSP00000328169	9606.ENSP00000265171	0	0	0	0	0.055	0	0	0.770	0.774
JAG2	TP53	9606.ENSP00000328169	9606.ENSP00000269305	0	0	0	0	0	0.045	0	0.418	0.420
JAG2	EGFR	9606.ENSP00000328169	9606.ENSP00000275493	0	0	0	0	0.074	0.097	0	0.625	0.659
JAG2	WNT11	9606.ENSP00000328169	9606.ENSP00000325526	0	0	0	0	0.072	0.094	0	0.414	0.464
JAG2	NCOA3	9606.ENSP00000328169	9606.ENSP00000361066	0	0	0	0	0	0.054	0	0.436	0.443
JAG2	AKT1	9606.ENSP00000328169	9606.ENSP00000451828	0	0	0	0	0.087	0.098	0	0.432	0.491
JAG2	CTNNB1	9606.ENSP00000328169	9606.ENSP00000495360	0	0	0	0	0.056	0.098	0	0.469	0.508
JAG2	DLL1	9606.ENSP00000328169	9606.ENSP00000355718	0	0	0	0.839	0.075	0	0.400	0.189	0.510
JAG2	MYC	9606.ENSP00000328169	9606.ENSP00000478887	0	0	0	0	0.056	0.067	0	0.507	0.528
JAG2	HEYL	9606.ENSP00000328169	9606.ENSP00000361943	0	0	0	0	0.067	0.071	0	0.598	0.621
JAG2	HES5	9606.ENSP00000328169	9606.ENSP00000367714	0	0	0	0	0.058	0	0	0.647	0.654
JAG2	HEY2	9606.ENSP00000328169	9606.ENSP00000357348	0	0	0	0	0.058	0.071	0	0.674	0.689
JAG2	HEY1	9606.ENSP00000328169	9606.ENSP00000338272	0	0	0	0	0.067	0.071	0	0.731	0.747
JAG2	NOTCH1	9606.ENSP00000328169	9606.ENSP00000498587	0	0	0	0.697	0.093	0.565	0.900	0.987	0.999
JAG2	NOTCH4	9606.ENSP00000328169	9606.ENSP00000364163	0	0	0	0.659	0.056	0.087	0.900	0.990	0.999
JUN	DVL2	9606.ENSP00000360266	9606.ENSP00000005340	0	0	0	0	0	0.113	0	0.370	0.417
JUN	FGF4	9606.ENSP00000360266	9606.ENSP00000168712	0	0	0	0	0	0	0	0.505	0.505
JUN	FGF20	9606.ENSP00000360266	9606.ENSP00000180166	0	0	0	0	0	0	0	0.485	0.485
JUN	FGF22	9606.ENSP00000360266	9606.ENSP00000215530	0	0	0	0	0	0	0	0.486	0.486
JUN	GADD45B	9606.ENSP00000360266	9606.ENSP00000215631	0	0	0	0	0.453	0	0	0.478	0.702
JUN	MAPK1	9606.ENSP00000360266	9606.ENSP00000215832	0	0	0	0	0	0.771	0.900	0.958	0.998
JUN	SOS2	9606.ENSP00000360266	9606.ENSP00000216373	0	0	0	0	0	0	0	0.609	0.609
JUN	PIK3R2	9606.ENSP00000360266	9606.ENSP00000222254	0	0	0	0	0	0	0	0.424	0.424
JUN	RPS6KB1	9606.ENSP00000360266	9606.ENSP00000225577	0	0	0	0	0	0	0.900	0.607	0.959
JUN	CCND1	9606.ENSP00000360266	9606.ENSP00000227507	0	0	0	0	0.042	0.292	0.500	0.790	0.919
JUN	FGF6	9606.ENSP00000360266	9606.ENSP00000228837	0	0	0	0	0	0	0	0.481	0.481
JUN	GADD45G	9606.ENSP00000360266	9606.ENSP00000252506	0	0	0	0	0.168	0	0	0.352	0.437
JUN	JAG1	9606.ENSP00000360266	9606.ENSP00000254958	0	0	0	0	0.069	0.093	0	0.386	0.437
JUN	KRAS	9606.ENSP00000360266	9606.ENSP00000256078	0	0	0	0	0.067	0.097	0	0.589	0.624
JUN	APC	9606.ENSP00000360266	9606.ENSP00000257430	0	0	0	0	0	0.088	0	0.370	0.400
JUN	CDK4	9606.ENSP00000360266	9606.ENSP00000257904	0	0	0	0	0	0.188	0	0.716	0.759
JUN	LRP6	9606.ENSP00000360266	9606.ENSP00000261349	0	0	0	0	0	0	0	0.408	0.408
JUN	AXIN1	9606.ENSP00000360266	9606.ENSP00000262320	0	0	0	0	0	0	0	0.559	0.559
JUN	E2F3	9606.ENSP00000360266	9606.ENSP00000262904	0	0	0	0	0	0	0	0.417	0.417
JUN	MAP2K2	9606.ENSP00000360266	9606.ENSP00000262948	0	0	0	0	0.049	0	0	0.587	0.590
JUN	MAPK3	9606.ENSP00000360266	9606.ENSP00000263025	0	0	0	0	0	0.323	0.900	0.824	0.987
JUN	NOTCH3	9606.ENSP00000360266	9606.ENSP00000263388	0	0	0	0	0.062	0.093	0	0.484	0.523
JUN	PIK3CA	9606.ENSP00000360266	9606.ENSP00000263967	0	0	0	0	0	0	0	0.646	0.646
JUN	FGF2	9606.ENSP00000360266	9606.ENSP00000264498	0	0	0	0	0	0	0	0.589	0.589
JUN	WNT5A	9606.ENSP00000360266	9606.ENSP00000264634	0	0	0	0	0	0	0	0.677	0.677
JUN	FGF10	9606.ENSP00000360266	9606.ENSP00000264664	0	0	0	0	0	0	0	0.486	0.486
JUN	LEF1	9606.ENSP00000360266	9606.ENSP00000265165	0	0	0	0	0	0	0	0.681	0.681
JUN	EGF	9606.ENSP00000360266	9606.ENSP00000265171	0	0	0	0	0	0	0	0.890	0.890
JUN	CDK6	9606.ENSP00000360266	9606.ENSP00000265734	0	0	0	0	0.042	0.188	0	0.748	0.787
JUN	RB1	9606.ENSP00000360266	9606.ENSP00000267163	0	0	0	0	0	0.510	0	0.394	0.690
JUN	FGF7	9606.ENSP00000360266	9606.ENSP00000267843	0	0	0	0	0.044	0	0	0.509	0.510
JUN	TP53	9606.ENSP00000360266	9606.ENSP00000269305	0	0	0	0	0	0.324	0.500	0.992	0.997
JUN	ERBB2	9606.ENSP00000360266	9606.ENSP00000269571	0	0	0	0	0	0.071	0	0.751	0.759
JUN	FGF18	9606.ENSP00000360266	9606.ENSP00000274625	0	0	0	0	0	0	0	0.505	0.505
JUN	EGFR	9606.ENSP00000360266	9606.ENSP00000275493	0	0	0	0	0.059	0.250	0	0.832	0.871
JUN	WNT3A	9606.ENSP00000360266	9606.ENSP00000284523	0	0	0	0	0	0	0	0.484	0.484
JUN	FZD7	9606.ENSP00000360266	9606.ENSP00000286201	0	0	0	0	0	0.083	0	0.571	0.590
JUN	KIT	9606.ENSP00000360266	9606.ENSP00000288135	0	0	0	0	0	0.053	0	0.446	0.452
JUN	BAX	9606.ENSP00000360266	9606.ENSP00000293288	0	0	0	0	0	0	0	0.560	0.560
JUN	WNT1	9606.ENSP00000360266	9606.ENSP00000293549	0	0	0	0	0	0	0	0.434	0.434
JUN	LRP5	9606.ENSP00000360266	9606.ENSP00000294304	0	0	0	0	0.058	0.131	0	0.463	0.522
JUN	MAP2K1	9606.ENSP00000360266	9606.ENSP00000302486	0	0	0	0	0.049	0	0	0.807	0.808
JUN	AXIN2	9606.ENSP00000360266	9606.ENSP00000302625	0	0	0	0	0	0	0	0.503	0.503
JUN	FOS	9606.ENSP00000360266	9606.ENSP00000306245	0	0	0	0	0.690	0.999	0.900	0.999	0.999
JUN	RPS6KB2	9606.ENSP00000360266	9606.ENSP00000308413	0	0	0	0	0	0.131	0.900	0.431	0.946
JUN	FGF5	9606.ENSP00000360266	9606.ENSP00000311697	0	0	0	0	0	0	0	0.505	0.505
JUN	FGF8	9606.ENSP00000360266	9606.ENSP00000321797	0	0	0	0	0	0	0	0.479	0.479
JUN	GSK3B	9606.ENSP00000360266	9606.ENSP00000324806	0	0	0	0	0.059	0.697	0	0.704	0.908
JUN	PGR	9606.ENSP00000360266	9606.ENSP00000325120	0	0	0	0	0	0.057	0	0.658	0.664
JUN	WNT11	9606.ENSP00000360266	9606.ENSP00000325526	0	0	0	0	0	0	0	0.410	0.410
JUN	SP1	9606.ENSP00000360266	9606.ENSP00000329357	0	0	0	0	0.102	0.794	0.900	0.826	0.996
JUN	FGF3	9606.ENSP00000360266	9606.ENSP00000334122	0	0	0	0	0	0	0	0.480	0.480
JUN	ESR2	9606.ENSP00000360266	9606.ENSP00000343925	0	0	0	0	0	0.057	0.900	0.686	0.967
JUN	E2F1	9606.ENSP00000360266	9606.ENSP00000345571	0	0	0	0	0	0	0	0.743	0.743
JUN	FGF17	9606.ENSP00000360266	9606.ENSP00000352414	0	0	0	0	0	0	0	0.480	0.480
JUN	MTOR	9606.ENSP00000360266	9606.ENSP00000354558	0	0	0	0	0	0.098	0	0.697	0.715
JUN	NRAS	9606.ENSP00000360266	9606.ENSP00000358548	0	0	0	0	0.067	0.097	0	0.466	0.510
JUN	NFKB2	9606.ENSP00000360266	9606.ENSP00000358983	0	0	0	0	0.087	0	0	0.500	0.525
JUN	GADD45A	9606.ENSP00000360266	9606.ENSP00000360025	0	0	0	0	0.219	0	0	0.541	0.626
JUN	FGFR1	9606.ENSP00000360266	9606.ENSP00000393312	0	0	0	0	0	0.067	0	0.398	0.414
JUN	SOS1	9606.ENSP00000360266	9606.ENSP00000384675	0	0	0	0	0	0	0	0.447	0.447
JUN	FGF16	9606.ENSP00000360266	9606.ENSP00000399324	0	0	0	0	0	0	0	0.485	0.485
JUN	PIK3CB	9606.ENSP00000360266	9606.ENSP00000501150	0	0	0	0	0	0	0	0.508	0.508
JUN	FGF9	9606.ENSP00000360266	9606.ENSP00000371790	0	0	0	0	0	0	0	0.510	0.510
JUN	SHC1	9606.ENSP00000360266	9606.ENSP00000401303	0	0	0	0	0	0	0	0.540	0.540
JUN	NOTCH4	9606.ENSP00000360266	9606.ENSP00000364163	0	0	0	0	0.063	0.093	0	0.503	0.541
JUN	IGF1R	9606.ENSP00000360266	9606.ENSP00000497069	0	0	0	0	0	0.085	0	0.554	0.574
JUN	BRAF	9606.ENSP00000360266	9606.ENSP00000419060	0	0	0	0	0	0.085	0	0.556	0.576
JUN	GRB2	9606.ENSP00000360266	9606.ENSP00000376345	0	0	0	0	0	0	0	0.586	0.586
JUN	RAF1	9606.ENSP00000360266	9606.ENSP00000401888	0	0	0	0	0	0.085	0	0.583	0.602
JUN	NOTCH1	9606.ENSP00000360266	9606.ENSP00000498587	0	0	0	0	0.078	0.093	0	0.563	0.603
JUN	PIK3R1	9606.ENSP00000360266	9606.ENSP00000428056	0	0	0	0	0.049	0.127	0	0.574	0.615
JUN	IGF1	9606.ENSP00000360266	9606.ENSP00000376637	0	0	0	0	0.049	0	0	0.633	0.636
JUN	TCF7L2	9606.ENSP00000360266	9606.ENSP00000486891	0	0	0	0	0.044	0	0	0.692	0.693
JUN	TNFSF11	9606.ENSP00000360266	9606.ENSP00000381775	0	0	0	0	0	0	0	0.738	0.738
JUN	DVL1	9606.ENSP00000360266	9606.ENSP00000368166	0	0	0	0	0.064	0.113	0	0.710	0.738
JUN	PTEN	9606.ENSP00000360266	9606.ENSP00000361021	0	0	0	0	0	0.077	0	0.766	0.775
JUN	HRAS	9606.ENSP00000360266	9606.ENSP00000407586	0	0	0	0	0.067	0.181	0	0.733	0.778
JUN	BRCA1	9606.ENSP00000360266	9606.ENSP00000418960	0	0	0	0	0	0.589	0	0.520	0.794
JUN	CDKN1A	9606.ENSP00000360266	9606.ENSP00000384849	0	0	0	0	0.122	0.510	0	0.639	0.831
JUN	CTNNB1	9606.ENSP00000360266	9606.ENSP00000495360	0	0	0	0	0.045	0.095	0	0.891	0.898
JUN	NCOA3	9606.ENSP00000360266	9606.ENSP00000361066	0	0	0	0	0	0	0.900	0.409	0.938
JUN	AKT3	9606.ENSP00000360266	9606.ENSP00000500582	0	0	0	0	0	0.085	0.900	0.407	0.941
JUN	NCOA1	9606.ENSP00000360266	9606.ENSP00000385216	0	0	0	0	0	0.625	0.800	0.574	0.965
JUN	AKT2	9606.ENSP00000360266	9606.ENSP00000375892	0	0	0	0	0	0.085	0.900	0.677	0.967
JUN	MYC	9606.ENSP00000360266	9606.ENSP00000478887	0	0	0	0	0.079	0.626	0	0.922	0.970
JUN	AKT1	9606.ENSP00000360266	9606.ENSP00000451828	0	0	0	0	0.049	0.085	0.900	0.915	0.991
JUN	ESR1	9606.ENSP00000360266	9606.ENSP00000405330	0	0	0	0	0	0.631	0.900	0.995	0.999
KIT	FGF4	9606.ENSP00000288135	9606.ENSP00000168712	0	0	0	0	0	0.168	0.650	0.554	0.858
KIT	FGF20	9606.ENSP00000288135	9606.ENSP00000180166	0	0	0	0	0.051	0.168	0.650	0.521	0.850
KIT	FGF22	9606.ENSP00000288135	9606.ENSP00000215530	0	0	0	0	0	0.168	0.650	0.521	0.848
KIT	PIK3R2	9606.ENSP00000288135	9606.ENSP00000222254	0	0	0	0	0	0.605	0.900	0.256	0.968
KIT	RPS6KB1	9606.ENSP00000288135	9606.ENSP00000225577	0	0	0	0.559	0.067	0.218	0	0.485	0.591
KIT	CCND1	9606.ENSP00000288135	9606.ENSP00000227507	0	0	0	0	0.069	0	0	0.742	0.749
KIT	FGF6	9606.ENSP00000288135	9606.ENSP00000228837	0	0	0	0	0	0.168	0.650	0.521	0.848
KIT	FGF23	9606.ENSP00000288135	9606.ENSP00000237837	0	0	0	0	0	0.168	0.650	0.193	0.744
KIT	DLL4	9606.ENSP00000288135	9606.ENSP00000249749	0	0	0	0	0.067	0	0	0.400	0.416
KIT	JAG1	9606.ENSP00000288135	9606.ENSP00000254958	0	0	0	0	0.058	0	0	0.451	0.461
KIT	KRAS	9606.ENSP00000288135	9606.ENSP00000256078	0	0	0	0	0.055	0.071	0.900	0.767	0.976
KIT	NOTCH2	9606.ENSP00000288135	9606.ENSP00000256646	0	0	0	0	0.099	0	0	0.435	0.469
KIT	PIK3R3	9606.ENSP00000288135	9606.ENSP00000262741	0	0	0	0	0.054	0.228	0.900	0.183	0.932
KIT	MAPK3	9606.ENSP00000288135	9606.ENSP00000263025	0	0	0	0.585	0.103	0	0	0.483	0.516
KIT	PIK3CA	9606.ENSP00000288135	9606.ENSP00000263967	0	0	0	0	0.106	0.325	0.900	0.809	0.986
KIT	FGF2	9606.ENSP00000288135	9606.ENSP00000264498	0	0	0	0	0.042	0.168	0.650	0.637	0.885
KIT	SHC2	9606.ENSP00000288135	9606.ENSP00000264554	0	0	0	0	0.073	0.208	0.900	0.214	0.934
KIT	FGF10	9606.ENSP00000288135	9606.ENSP00000264664	0	0	0	0	0.062	0.168	0.650	0.542	0.858
KIT	LEF1	9606.ENSP00000288135	9606.ENSP00000265165	0	0	0	0	0.063	0.053	0	0.380	0.402
KIT	EGF	9606.ENSP00000288135	9606.ENSP00000265171	0	0	0	0	0.044	0	0.900	0.741	0.973
KIT	FGF7	9606.ENSP00000288135	9606.ENSP00000267843	0	0	0	0	0.056	0.168	0.650	0.715	0.911
KIT	TP53	9606.ENSP00000288135	9606.ENSP00000269305	0	0	0	0	0.046	0.239	0	0.767	0.816
KIT	FGF18	9606.ENSP00000288135	9606.ENSP00000274625	0	0	0	0	0	0.168	0.650	0.521	0.848
KIT	EGFR	9606.ENSP00000288135	9606.ENSP00000275493	0	0	0	0.572	0	0.101	0	0.389	0.428
KIT	AKT2	9606.ENSP00000288135	9606.ENSP00000375892	0	0	0	0	0.079	0.074	0	0.368	0.413
KIT	NCOA1	9606.ENSP00000288135	9606.ENSP00000385216	0	0	0	0	0.047	0	0	0.413	0.416
KIT	AKT3	9606.ENSP00000288135	9606.ENSP00000500582	0	0	0	0	0.086	0.074	0	0.370	0.420
KIT	BRAF	9606.ENSP00000288135	9606.ENSP00000419060	0	0	0	0.567	0.067	0.074	0	0.389	0.426
KIT	CDKN1A	9606.ENSP00000288135	9606.ENSP00000384849	0	0	0	0	0.067	0	0	0.419	0.434
KIT	JUN	9606.ENSP00000288135	9606.ENSP00000360266	0	0	0	0	0	0.053	0	0.446	0.452
KIT	BRCA2	9606.ENSP00000288135	9606.ENSP00000369497	0	0	0	0	0	0	0	0.484	0.484
KIT	BRCA1	9606.ENSP00000288135	9606.ENSP00000418960	0	0	0	0	0	0	0	0.511	0.511
KIT	BAK1	9606.ENSP00000288135	9606.ENSP00000363591	0	0	0	0	0	0	0	0.525	0.525
KIT	PGR	9606.ENSP00000288135	9606.ENSP00000325120	0	0	0	0	0.061	0.045	0	0.529	0.541
KIT	IGF1R	9606.ENSP00000288135	9606.ENSP00000497069	0	0	0	0.593	0.042	0.074	0	0.547	0.563
KIT	SOS1	9606.ENSP00000288135	9606.ENSP00000384675	0	0	0	0	0.055	0.071	0.400	0.275	0.567
KIT	MTOR	9606.ENSP00000288135	9606.ENSP00000354558	0	0	0	0	0	0	0	0.574	0.574
KIT	ESR1	9606.ENSP00000288135	9606.ENSP00000405330	0	0	0	0	0	0.045	0	0.590	0.592
KIT	NOTCH1	9606.ENSP00000288135	9606.ENSP00000498587	0	0	0	0	0.096	0	0	0.626	0.647
KIT	MYC	9606.ENSP00000288135	9606.ENSP00000478887	0	0	0	0	0.062	0	0	0.667	0.674
KIT	CTNNB1	9606.ENSP00000288135	9606.ENSP00000495360	0	0	0	0	0.100	0	0	0.667	0.687
KIT	PTEN	9606.ENSP00000288135	9606.ENSP00000361021	0	0	0	0	0.042	0.063	0	0.713	0.719
KIT	FGF21	9606.ENSP00000288135	9606.ENSP00000471477	0	0	0	0	0	0.168	0.650	0.204	0.748
KIT	FGF19	9606.ENSP00000288135	9606.ENSP00000294312	0	0	0	0	0	0.168	0.650	0.269	0.768
KIT	FGF1	9606.ENSP00000288135	9606.ENSP00000480791	0	0	0	0	0.060	0.168	0.650	0.391	0.811
KIT	AKT1	9606.ENSP00000288135	9606.ENSP00000451828	0	0	0	0	0.079	0.074	0	0.804	0.818
KIT	FGF8	9606.ENSP00000288135	9606.ENSP00000321797	0	0	0	0	0	0.168	0.650	0.521	0.848
KIT	FGF16	9606.ENSP00000288135	9606.ENSP00000399324	0	0	0	0	0.051	0.168	0.650	0.521	0.850
KIT	FGF5	9606.ENSP00000288135	9606.ENSP00000311697	0	0	0	0	0	0.168	0.650	0.528	0.850
KIT	FGF17	9606.ENSP00000288135	9606.ENSP00000352414	0	0	0	0	0.067	0.168	0.650	0.521	0.852
KIT	FGF3	9606.ENSP00000288135	9606.ENSP00000334122	0	0	0	0	0	0.168	0.650	0.538	0.853
KIT	FGF9	9606.ENSP00000288135	9606.ENSP00000371790	0	0	0	0	0.069	0.168	0.650	0.528	0.855
KIT	IGF1	9606.ENSP00000288135	9606.ENSP00000376637	0	0	0	0	0.068	0	0.650	0.606	0.860
KIT	SHC4	9606.ENSP00000288135	9606.ENSP00000329668	0	0	0	0	0.063	0.208	0.900	0.071	0.921
KIT	SHC3	9606.ENSP00000288135	9606.ENSP00000364995	0	0	0	0	0.076	0.208	0.900	0.104	0.925
KIT	PIK3CD	9606.ENSP00000288135	9606.ENSP00000366563	0	0	0	0	0.106	0.087	0.900	0.353	0.940
KIT	PIK3CB	9606.ENSP00000288135	9606.ENSP00000501150	0	0	0	0	0.108	0.087	0.900	0.580	0.961
KIT	HRAS	9606.ENSP00000288135	9606.ENSP00000407586	0	0	0	0	0.055	0.071	0.900	0.621	0.962
KIT	SHC1	9606.ENSP00000288135	9606.ENSP00000401303	0	0	0	0	0.076	0.208	0.900	0.603	0.967
KIT	NRAS	9606.ENSP00000288135	9606.ENSP00000358548	0	0	0	0	0.055	0.071	0.900	0.812	0.981
KIT	PIK3R1	9606.ENSP00000288135	9606.ENSP00000428056	0	0	0	0	0.056	0.870	0.900	0.668	0.995
KIT	GRB2	9606.ENSP00000288135	9606.ENSP00000376345	0	0	0	0	0.074	0.849	0.900	0.887	0.998
KRAS	FGF4	9606.ENSP00000256078	9606.ENSP00000168712	0	0	0	0	0.086	0.045	0.500	0.408	0.707
KRAS	FGF20	9606.ENSP00000256078	9606.ENSP00000180166	0	0	0	0	0.055	0.045	0.500	0.391	0.688
KRAS	FGF22	9606.ENSP00000256078	9606.ENSP00000215530	0	0	0	0	0.055	0.045	0.500	0.384	0.685
KRAS	MAPK1	9606.ENSP00000256078	9606.ENSP00000215832	0	0	0	0	0.088	0.495	0.900	0.771	0.988
KRAS	SOS2	9606.ENSP00000256078	9606.ENSP00000216373	0	0	0	0	0.088	0.297	0.900	0.793	0.985
KRAS	PIK3R2	9606.ENSP00000256078	9606.ENSP00000222254	0	0	0	0	0.047	0.147	0.900	0.417	0.946
KRAS	RPS6KB1	9606.ENSP00000256078	9606.ENSP00000225577	0	0	0	0	0.123	0.135	0	0.562	0.639
KRAS	CCND1	9606.ENSP00000256078	9606.ENSP00000227507	0	0	0	0	0.058	0.101	0	0.821	0.835
KRAS	FGF6	9606.ENSP00000256078	9606.ENSP00000228837	0	0	0	0	0.059	0.045	0.500	0.388	0.688
KRAS	FGF23	9606.ENSP00000256078	9606.ENSP00000237837	0	0	0	0	0.067	0.045	0.500	0.162	0.576
KRAS	JAG1	9606.ENSP00000256078	9606.ENSP00000254958	0	0	0	0	0.042	0.157	0	0.351	0.430
KRAS	WNT3A	9606.ENSP00000256078	9606.ENSP00000284523	0	0	0	0	0	0.095	0	0.374	0.409
KRAS	WNT5A	9606.ENSP00000256078	9606.ENSP00000264634	0	0	0	0	0	0.095	0	0.383	0.417
KRAS	E2F3	9606.ENSP00000256078	9606.ENSP00000262904	0	0	0	0	0.110	0	0	0.383	0.427
KRAS	TCF7L2	9606.ENSP00000256078	9606.ENSP00000486891	0	0	0	0	0.059	0	0	0.417	0.428
KRAS	RB1	9606.ENSP00000256078	9606.ENSP00000267163	0	0	0	0	0.056	0.066	0	0.408	0.433
KRAS	AXIN2	9606.ENSP00000256078	9606.ENSP00000302625	0	0	0	0	0	0	0	0.437	0.437
KRAS	FLT4	9606.ENSP00000256078	9606.ENSP00000261937	0	0	0	0	0	0.092	0	0.411	0.442
KRAS	NOTCH3	9606.ENSP00000256078	9606.ENSP00000263388	0	0	0	0	0.059	0.078	0	0.419	0.451
KRAS	RPS6KB2	9606.ENSP00000256078	9606.ENSP00000308413	0	0	0	0	0.068	0.135	0	0.401	0.475
KRAS	AXIN1	9606.ENSP00000256078	9606.ENSP00000262320	0	0	0	0	0.049	0	0	0.478	0.482
KRAS	FOS	9606.ENSP00000256078	9606.ENSP00000306245	0	0	0	0	0.056	0.097	0	0.515	0.550
KRAS	SHC3	9606.ENSP00000256078	9606.ENSP00000364995	0	0	0	0	0.056	0	0.500	0.144	0.560
KRAS	NOTCH2	9606.ENSP00000256078	9606.ENSP00000256646	0	0	0	0	0	0.195	0	0.478	0.562
KRAS	AKT3	9606.ENSP00000256078	9606.ENSP00000500582	0	0	0	0	0.079	0.110	0	0.513	0.566
KRAS	CDKN1A	9606.ENSP00000256078	9606.ENSP00000384849	0	0	0	0	0.055	0.053	0	0.568	0.579
KRAS	SHC2	9606.ENSP00000256078	9606.ENSP00000264554	0	0	0	0	0.051	0	0.500	0.199	0.587
KRAS	E2F1	9606.ENSP00000256078	9606.ENSP00000345571	0	0	0	0	0	0	0	0.591	0.591
KRAS	GSK3B	9606.ENSP00000256078	9606.ENSP00000324806	0	0	0	0	0.113	0.110	0	0.529	0.596
KRAS	APC	9606.ENSP00000256078	9606.ENSP00000257430	0	0	0	0	0.060	0.088	0	0.583	0.611
KRAS	JUN	9606.ENSP00000256078	9606.ENSP00000360266	0	0	0	0	0.067	0.097	0	0.589	0.624
KRAS	FGF1	9606.ENSP00000256078	9606.ENSP00000480791	0	0	0	0	0.055	0.045	0.500	0.270	0.626
KRAS	CDK6	9606.ENSP00000256078	9606.ENSP00000265734	0	0	0	0	0.067	0.095	0	0.603	0.636
KRAS	AKT2	9606.ENSP00000256078	9606.ENSP00000375892	0	0	0	0	0.081	0.148	0	0.584	0.646
KRAS	FGF19	9606.ENSP00000256078	9606.ENSP00000294312	0	0	0	0	0.046	0.045	0.500	0.315	0.646
KRAS	FGF8	9606.ENSP00000256078	9606.ENSP00000321797	0	0	0	0	0.046	0.045	0.500	0.384	0.682
KRAS	FGF5	9606.ENSP00000256078	9606.ENSP00000311697	0	0	0	0	0.046	0.045	0.500	0.385	0.682
KRAS	FGF16	9606.ENSP00000256078	9606.ENSP00000399324	0	0	0	0	0.055	0.045	0.500	0.391	0.688
KRAS	FGF17	9606.ENSP00000256078	9606.ENSP00000352414	0	0	0	0	0.074	0.045	0.500	0.385	0.692
KRAS	FGF7	9606.ENSP00000256078	9606.ENSP00000267843	0	0	0	0	0.055	0.045	0.500	0.403	0.695
KRAS	PGR	9606.ENSP00000256078	9606.ENSP00000325120	0	0	0	0	0	0.073	0	0.687	0.697
KRAS	IGF1	9606.ENSP00000256078	9606.ENSP00000376637	0	0	0	0	0	0	0	0.698	0.698
KRAS	FGF9	9606.ENSP00000256078	9606.ENSP00000371790	0	0	0	0	0.055	0.045	0.500	0.413	0.700
KRAS	FGF3	9606.ENSP00000256078	9606.ENSP00000334122	0	0	0	0	0.046	0.045	0.500	0.425	0.703
KRAS	FGF10	9606.ENSP00000256078	9606.ENSP00000264664	0	0	0	0	0.055	0.045	0.500	0.428	0.707
KRAS	FGF18	9606.ENSP00000256078	9606.ENSP00000274625	0	0	0	0	0.046	0.045	0.500	0.445	0.713
KRAS	BRCA1	9606.ENSP00000256078	9606.ENSP00000418960	0	0	0	0	0	0	0	0.721	0.721
KRAS	BRCA2	9606.ENSP00000256078	9606.ENSP00000369497	0	0	0	0	0.044	0	0	0.720	0.721
KRAS	CDK4	9606.ENSP00000256078	9606.ENSP00000257904	0	0	0	0	0.067	0.195	0	0.684	0.743
KRAS	SHC1	9606.ENSP00000256078	9606.ENSP00000401303	0	0	0	0	0.061	0.225	0.500	0.414	0.758
KRAS	ESR1	9606.ENSP00000256078	9606.ENSP00000405330	0	0	0	0	0	0.073	0	0.756	0.764
KRAS	FGF2	9606.ENSP00000256078	9606.ENSP00000264498	0	0	0	0	0.055	0.045	0.500	0.648	0.820
KRAS	MTOR	9606.ENSP00000256078	9606.ENSP00000354558	0	0	0	0	0.049	0.517	0	0.651	0.826
KRAS	NOTCH1	9606.ENSP00000256078	9606.ENSP00000498587	0	0	0	0	0.044	0.553	0	0.683	0.853
KRAS	EGF	9606.ENSP00000256078	9606.ENSP00000265171	0	0	0	0	0	0	0.500	0.720	0.854
KRAS	MYC	9606.ENSP00000256078	9606.ENSP00000478887	0	0	0	0	0.059	0.075	0	0.865	0.872
KRAS	CTNNB1	9606.ENSP00000256078	9606.ENSP00000495360	0	0	0	0	0.077	0.197	0	0.857	0.885
KRAS	AKT1	9606.ENSP00000256078	9606.ENSP00000451828	0	0	0	0	0.076	0.110	0	0.893	0.904
KRAS	GRB2	9606.ENSP00000256078	9606.ENSP00000376345	0	0	0	0	0.093	0.450	0.500	0.758	0.931
KRAS	PTEN	9606.ENSP00000256078	9606.ENSP00000361021	0	0	0	0	0.078	0.099	0	0.930	0.936
KRAS	NRAS	9606.ENSP00000256078	9606.ENSP00000358548	0	0	0.050	0.981	0.095	0.422	0.900	0.059	0.944
KRAS	TP53	9606.ENSP00000256078	9606.ENSP00000269305	0	0	0	0	0.074	0	0	0.947	0.949
KRAS	PIK3R3	9606.ENSP00000256078	9606.ENSP00000262741	0	0	0	0	0	0.065	0.900	0.535	0.952
KRAS	PIK3R1	9606.ENSP00000256078	9606.ENSP00000428056	0	0	0	0	0.072	0.102	0.900	0.618	0.963
KRAS	ERBB2	9606.ENSP00000256078	9606.ENSP00000269571	0	0	0	0	0.053	0.199	0.500	0.923	0.966
KRAS	MAP2K2	9606.ENSP00000256078	9606.ENSP00000262948	0	0	0	0	0.047	0.163	0.900	0.624	0.966
KRAS	IGF1R	9606.ENSP00000256078	9606.ENSP00000497069	0	0	0	0	0.075	0.224	0.900	0.655	0.971
KRAS	PIK3CB	9606.ENSP00000256078	9606.ENSP00000501150	0	0	0	0	0.070	0.216	0.900	0.679	0.973
KRAS	PIK3CD	9606.ENSP00000256078	9606.ENSP00000366563	0	0	0	0	0.056	0.352	0.900	0.637	0.974
KRAS	KIT	9606.ENSP00000256078	9606.ENSP00000288135	0	0	0	0	0.055	0.071	0.900	0.767	0.976
KRAS	FGFR1	9606.ENSP00000256078	9606.ENSP00000393312	0	0	0	0	0	0.099	0.900	0.816	0.981
KRAS	MAPK3	9606.ENSP00000256078	9606.ENSP00000263025	0	0	0	0	0.056	0.098	0.900	0.816	0.982
KRAS	HRAS	9606.ENSP00000256078	9606.ENSP00000407586	0	0	0.050	0.981	0	0.883	0.900	0.411	0.992
KRAS	MAP2K1	9606.ENSP00000256078	9606.ENSP00000302486	0	0	0	0	0.049	0.615	0.900	0.883	0.995
KRAS	ARAF	9606.ENSP00000256078	9606.ENSP00000290277	0	0	0	0	0.079	0.745	0.900	0.864	0.996
KRAS	EGFR	9606.ENSP00000256078	9606.ENSP00000275493	0	0	0	0	0.053	0.662	0.900	0.918	0.997
KRAS	PIK3CA	9606.ENSP00000256078	9606.ENSP00000263967	0	0	0	0	0.143	0.627	0.900	0.951	0.998
KRAS	BRAF	9606.ENSP00000256078	9606.ENSP00000419060	0	0	0	0	0.081	0.870	0.900	0.973	0.999
KRAS	SOS1	9606.ENSP00000256078	9606.ENSP00000384675	0	0	0	0	0.113	0.950	0.900	0.966	0.999
KRAS	RAF1	9606.ENSP00000256078	9606.ENSP00000401888	0	0	0	0	0.081	0.947	0.900	0.976	0.999
LEF1	DVL2	9606.ENSP00000265165	9606.ENSP00000005340	0	0	0	0	0	0	0	0.542	0.542
LEF1	FGF4	9606.ENSP00000265165	9606.ENSP00000168712	0	0	0	0	0	0	0	0.463	0.463
LEF1	FGF20	9606.ENSP00000265165	9606.ENSP00000180166	0	0	0	0	0.044	0	0	0.449	0.451
LEF1	FGF22	9606.ENSP00000265165	9606.ENSP00000215530	0	0	0	0	0	0	0	0.421	0.421
LEF1	WNT16	9606.ENSP00000265165	9606.ENSP00000222462	0	0	0	0	0	0.129	0	0.513	0.557
LEF1	WNT3	9606.ENSP00000265165	9606.ENSP00000225512	0	0	0	0	0	0.129	0	0.625	0.660
LEF1	CCND1	9606.ENSP00000265165	9606.ENSP00000227507	0	0	0	0	0.074	0	0.500	0.861	0.930
LEF1	FGF6	9606.ENSP00000265165	9606.ENSP00000228837	0	0	0	0	0	0	0	0.405	0.405
LEF1	FZD10	9606.ENSP00000265165	9606.ENSP00000229030	0	0	0	0	0.061	0	0	0.464	0.475
LEF1	WNT6	9606.ENSP00000265165	9606.ENSP00000233948	0	0	0	0	0	0.129	0	0.544	0.586
LEF1	FZD3	9606.ENSP00000265165	9606.ENSP00000240093	0	0	0	0	0.047	0	0	0.483	0.487
LEF1	JAG1	9606.ENSP00000265165	9606.ENSP00000254958	0	0	0	0	0.052	0.051	0	0.437	0.449
LEF1	APC	9606.ENSP00000265165	9606.ENSP00000257430	0	0	0	0	0	0.071	0.650	0.571	0.848
LEF1	WNT10A	9606.ENSP00000265165	9606.ENSP00000258411	0	0	0	0	0.047	0.129	0	0.619	0.656
LEF1	LRP6	9606.ENSP00000265165	9606.ENSP00000261349	0	0	0	0	0	0	0	0.683	0.683
LEF1	AXIN1	9606.ENSP00000265165	9606.ENSP00000262320	0	0	0	0	0.051	0.106	0.650	0.880	0.959
LEF1	FGF2	9606.ENSP00000265165	9606.ENSP00000264498	0	0	0	0	0	0	0	0.416	0.416
LEF1	WNT5A	9606.ENSP00000265165	9606.ENSP00000264634	0	0	0	0	0.053	0.129	0	0.695	0.727
LEF1	FGF10	9606.ENSP00000265165	9606.ENSP00000264664	0	0	0	0	0	0	0	0.499	0.499
LEF1	KIT	9606.ENSP00000265165	9606.ENSP00000288135	0	0	0	0	0.063	0.053	0	0.380	0.402
LEF1	HEY1	9606.ENSP00000265165	9606.ENSP00000338272	0	0	0	0	0.070	0	0	0.386	0.404
LEF1	NFKB2	9606.ENSP00000265165	9606.ENSP00000358983	0	0	0	0	0.101	0	0	0.369	0.408
LEF1	FGF16	9606.ENSP00000265165	9606.ENSP00000399324	0	0	0	0	0	0	0	0.425	0.425
LEF1	FGF3	9606.ENSP00000265165	9606.ENSP00000334122	0	0	0	0	0	0	0	0.428	0.428
LEF1	FGF18	9606.ENSP00000265165	9606.ENSP00000274625	0	0	0	0	0	0	0	0.431	0.431
LEF1	SP1	9606.ENSP00000265165	9606.ENSP00000329357	0	0	0	0	0	0.091	0	0.402	0.433
LEF1	EGF	9606.ENSP00000265165	9606.ENSP00000265171	0	0	0	0	0	0	0	0.446	0.446
LEF1	FGF5	9606.ENSP00000265165	9606.ENSP00000311697	0	0	0	0	0.049	0	0	0.441	0.446
LEF1	FGF9	9606.ENSP00000265165	9606.ENSP00000371790	0	0	0	0	0.044	0	0	0.456	0.458
LEF1	FZD5	9606.ENSP00000265165	9606.ENSP00000354607	0	0	0	0	0.044	0	0	0.457	0.458
LEF1	PIK3R1	9606.ENSP00000265165	9606.ENSP00000428056	0	0	0	0	0.047	0	0	0.457	0.460
LEF1	EGFR	9606.ENSP00000265165	9606.ENSP00000275493	0	0	0	0	0	0	0	0.463	0.463
LEF1	PTEN	9606.ENSP00000265165	9606.ENSP00000361021	0	0	0	0	0	0.085	0	0.442	0.467
LEF1	FGF7	9606.ENSP00000265165	9606.ENSP00000267843	0	0	0	0	0.058	0	0	0.463	0.473
LEF1	WNT8A	9606.ENSP00000265165	9606.ENSP00000426653	0	0	0	0	0	0.129	0	0.423	0.476
LEF1	FZD8	9606.ENSP00000265165	9606.ENSP00000363826	0	0	0	0	0	0	0	0.478	0.478
LEF1	TNFSF11	9606.ENSP00000265165	9606.ENSP00000381775	0	0	0	0	0.105	0	0	0.472	0.507
LEF1	FZD6	9606.ENSP00000265165	9606.ENSP00000351605	0	0	0	0	0	0	0	0.514	0.514
LEF1	JAG2	9606.ENSP00000265165	9606.ENSP00000328169	0	0	0	0	0.052	0.051	0	0.505	0.516
LEF1	DVL3	9606.ENSP00000265165	9606.ENSP00000316054	0	0	0	0	0	0	0	0.516	0.516
LEF1	WNT9B	9606.ENSP00000265165	9606.ENSP00000290015	0	0	0	0	0	0.129	0	0.481	0.529
LEF1	ESR1	9606.ENSP00000265165	9606.ENSP00000405330	0	0	0	0	0.044	0.095	0	0.504	0.533
LEF1	AKT1	9606.ENSP00000265165	9606.ENSP00000451828	0	0	0	0	0.078	0.045	0	0.512	0.533
LEF1	WNT9A	9606.ENSP00000265165	9606.ENSP00000272164	0	0	0	0	0	0.129	0	0.487	0.534
LEF1	FOS	9606.ENSP00000265165	9606.ENSP00000306245	0	0	0	0	0.042	0.090	0	0.517	0.543
LEF1	FZD4	9606.ENSP00000265165	9606.ENSP00000434034	0	0	0	0	0	0	0	0.543	0.543
LEF1	FZD9	9606.ENSP00000265165	9606.ENSP00000345785	0	0	0	0	0	0	0	0.544	0.544
LEF1	FZD7	9606.ENSP00000265165	9606.ENSP00000286201	0	0	0	0	0	0	0	0.544	0.544
LEF1	FZD2	9606.ENSP00000265165	9606.ENSP00000323901	0	0	0	0	0.047	0	0	0.545	0.548
LEF1	WNT8B	9606.ENSP00000265165	9606.ENSP00000340677	0	0	0	0	0	0.129	0	0.504	0.550
LEF1	TP53	9606.ENSP00000265165	9606.ENSP00000269305	0	0	0	0	0.107	0	0	0.518	0.551
LEF1	WNT5B	9606.ENSP00000265165	9606.ENSP00000380379	0	0	0	0	0	0.129	0	0.525	0.568
LEF1	FZD1	9606.ENSP00000265165	9606.ENSP00000287934	0	0	0	0	0	0	0	0.579	0.579
LEF1	TCF7L1	9606.ENSP00000265165	9606.ENSP00000282111	0	0	0.058	0.932	0	0.051	0.540	0.163	0.610
LEF1	WNT2B	9606.ENSP00000265165	9606.ENSP00000358698	0	0	0	0	0	0.129	0	0.576	0.615
LEF1	WNT11	9606.ENSP00000265165	9606.ENSP00000325526	0	0	0	0	0	0.129	0	0.579	0.618
LEF1	FGF8	9606.ENSP00000265165	9606.ENSP00000321797	0	0	0	0	0	0	0	0.620	0.620
LEF1	WNT7B	9606.ENSP00000265165	9606.ENSP00000341032	0	0	0	0	0	0.129	0	0.611	0.647
LEF1	WNT7A	9606.ENSP00000265165	9606.ENSP00000285018	0	0	0	0	0.050	0.129	0	0.611	0.650
LEF1	WNT4	9606.ENSP00000265165	9606.ENSP00000290167	0	0	0	0	0.043	0.129	0	0.623	0.658
LEF1	IGF1R	9606.ENSP00000265165	9606.ENSP00000497069	0	0	0	0	0.048	0.294	0	0.540	0.664
LEF1	WNT2	9606.ENSP00000265165	9606.ENSP00000265441	0	0	0	0	0	0.129	0	0.632	0.666
LEF1	WNT10B	9606.ENSP00000265165	9606.ENSP00000301061	0	0	0	0	0.042	0.129	0	0.647	0.679
LEF1	JUN	9606.ENSP00000265165	9606.ENSP00000360266	0	0	0	0	0	0	0	0.681	0.681
LEF1	APC2	9606.ENSP00000265165	9606.ENSP00000442954	0	0	0	0	0	0.071	0.650	0.166	0.705
LEF1	LRP5	9606.ENSP00000265165	9606.ENSP00000294304	0	0	0	0	0	0	0	0.728	0.728
LEF1	WNT1	9606.ENSP00000265165	9606.ENSP00000293549	0	0	0	0	0.050	0.129	0	0.699	0.730
LEF1	E2F1	9606.ENSP00000265165	9606.ENSP00000345571	0	0	0	0	0.049	0.310	0	0.625	0.732
LEF1	TCF7L2	9606.ENSP00000265165	9606.ENSP00000486891	0	0	0	0.946	0	0.516	0.540	0.135	0.791
LEF1	DLL1	9606.ENSP00000265165	9606.ENSP00000355718	0	0	0	0	0.065	0.051	0.500	0.595	0.796
LEF1	DVL1	9606.ENSP00000265165	9606.ENSP00000368166	0	0	0	0	0	0	0	0.796	0.796
LEF1	GSK3B	9606.ENSP00000265165	9606.ENSP00000324806	0	0	0	0	0	0.071	0	0.819	0.824
LEF1	TCF7	9606.ENSP00000265165	9606.ENSP00000340347	0	0	0	0.884	0.284	0.095	0.540	0.560	0.851
LEF1	WNT3A	9606.ENSP00000265165	9606.ENSP00000284523	0	0	0	0	0	0.129	0	0.847	0.861
LEF1	MYC	9606.ENSP00000265165	9606.ENSP00000478887	0	0	0	0	0.076	0	0.500	0.787	0.893
LEF1	NOTCH1	9606.ENSP00000265165	9606.ENSP00000498587	0	0	0	0	0.058	0.294	0.500	0.725	0.896
LEF1	AXIN2	9606.ENSP00000265165	9606.ENSP00000302625	0	0	0	0	0.159	0.106	0.650	0.879	0.964
LEF1	CTNNB1	9606.ENSP00000265165	9606.ENSP00000495360	0	0	0	0	0	0.996	0.900	0.999	0.999
LRP5	DVL2	9606.ENSP00000294304	9606.ENSP00000005340	0	0	0	0	0.093	0.108	0.650	0.627	0.880
LRP5	FGF4	9606.ENSP00000294304	9606.ENSP00000168712	0	0	0	0	0	0.053	0	0.402	0.410
LRP5	WNT16	9606.ENSP00000294304	9606.ENSP00000222462	0	0	0	0	0	0.095	0.650	0.765	0.919
LRP5	WNT3	9606.ENSP00000294304	9606.ENSP00000225512	0	0	0	0	0	0.095	0.720	0.984	0.995
LRP5	CCND1	9606.ENSP00000294304	9606.ENSP00000227507	0	0	0	0	0.107	0	0	0.633	0.659
LRP5	FZD10	9606.ENSP00000294304	9606.ENSP00000229030	0	0	0	0	0	0.093	0.800	0.679	0.936
LRP5	WNT6	9606.ENSP00000294304	9606.ENSP00000233948	0	0	0	0	0.044	0.095	0.650	0.814	0.936
LRP5	FGF23	9606.ENSP00000294304	9606.ENSP00000237837	0	0	0	0	0.055	0.053	0	0.415	0.430
LRP5	FZD3	9606.ENSP00000294304	9606.ENSP00000240093	0	0	0	0	0	0.093	0.800	0.695	0.939
LRP5	JAG1	9606.ENSP00000294304	9606.ENSP00000254958	0	0	0	0	0.067	0	0	0.446	0.461
LRP5	APC	9606.ENSP00000294304	9606.ENSP00000257430	0	0	0	0	0	0	0.720	0.668	0.903
LRP5	WNT10A	9606.ENSP00000294304	9606.ENSP00000258411	0	0	0	0	0	0.173	0.650	0.781	0.931
LRP5	LRP6	9606.ENSP00000294304	9606.ENSP00000261349	0	0	0.053	0.974	0.081	0.354	0.900	0.986	0.999
LRP5	AXIN1	9606.ENSP00000294304	9606.ENSP00000262320	0	0	0	0	0.074	0.658	0.500	0.999	0.999
LRP5	WNT5A	9606.ENSP00000294304	9606.ENSP00000264634	0	0	0	0	0	0.095	0.650	0.980	0.993
LRP5	LEF1	9606.ENSP00000294304	9606.ENSP00000265165	0	0	0	0	0	0	0	0.728	0.728
LRP5	WNT2	9606.ENSP00000294304	9606.ENSP00000265441	0	0	0	0	0	0.095	0.650	0.949	0.982
LRP5	WNT9A	9606.ENSP00000294304	9606.ENSP00000272164	0	0	0	0	0.062	0.091	0.650	0.694	0.896
LRP5	FGF18	9606.ENSP00000294304	9606.ENSP00000274625	0	0	0	0	0.042	0.073	0	0.383	0.404
LRP5	EGFR	9606.ENSP00000294304	9606.ENSP00000275493	0	0	0	0	0.129	0.051	0	0.358	0.424
LRP5	TCF7L1	9606.ENSP00000294304	9606.ENSP00000282111	0	0	0	0	0.054	0	0	0.420	0.428
LRP5	WNT3A	9606.ENSP00000294304	9606.ENSP00000284523	0	0	0	0	0	0.095	0.720	0.998	0.999
LRP5	WNT7A	9606.ENSP00000294304	9606.ENSP00000285018	0	0	0	0	0	0.103	0.650	0.991	0.996
LRP5	FZD7	9606.ENSP00000294304	9606.ENSP00000286201	0	0	0	0	0.059	0.093	0.800	0.704	0.942
LRP5	FZD1	9606.ENSP00000294304	9606.ENSP00000287934	0	0	0	0	0.080	0.093	0.800	0.993	0.998
LRP5	WNT9B	9606.ENSP00000294304	9606.ENSP00000290015	0	0	0	0	0	0.091	0.650	0.695	0.894
LRP5	WNT4	9606.ENSP00000294304	9606.ENSP00000290167	0	0	0	0	0	0.095	0.650	0.830	0.941
LRP5	WNT1	9606.ENSP00000294304	9606.ENSP00000293549	0	0	0	0	0	0.128	0.650	0.997	0.999
LRP5	FRAT1	9606.ENSP00000294304	9606.ENSP00000360060	0	0	0	0	0	0	0	0.425	0.425
LRP5	FGF8	9606.ENSP00000294304	9606.ENSP00000321797	0	0	0	0	0	0.053	0	0.429	0.436
LRP5	ESR1	9606.ENSP00000294304	9606.ENSP00000405330	0	0	0	0	0	0	0	0.449	0.449
LRP5	TCF7	9606.ENSP00000294304	9606.ENSP00000340347	0	0	0	0	0	0	0	0.500	0.500
LRP5	JUN	9606.ENSP00000294304	9606.ENSP00000360266	0	0	0	0	0.058	0.131	0	0.463	0.522
LRP5	TCF7L2	9606.ENSP00000294304	9606.ENSP00000486891	0	0	0	0	0.056	0	0	0.530	0.537
LRP5	AKT1	9606.ENSP00000294304	9606.ENSP00000451828	0	0	0	0	0.086	0	0	0.517	0.540
LRP5	MYC	9606.ENSP00000294304	9606.ENSP00000478887	0	0	0	0	0.084	0	0	0.609	0.626
LRP5	IGF1	9606.ENSP00000294304	9606.ENSP00000376637	0	0	0	0	0.042	0	0	0.639	0.639
LRP5	TNFSF11	9606.ENSP00000294304	9606.ENSP00000381775	0	0	0	0	0	0	0	0.800	0.800
LRP5	DVL3	9606.ENSP00000294304	9606.ENSP00000316054	0	0	0	0	0.083	0.108	0.650	0.544	0.852
LRP5	AXIN2	9606.ENSP00000294304	9606.ENSP00000302625	0	0	0	0	0	0.126	0	0.840	0.854
LRP5	WNT5B	9606.ENSP00000294304	9606.ENSP00000380379	0	0	0	0	0	0.095	0.650	0.604	0.863
LRP5	WNT8B	9606.ENSP00000294304	9606.ENSP00000340677	0	0	0	0	0	0.095	0.650	0.637	0.875
LRP5	WNT8A	9606.ENSP00000294304	9606.ENSP00000426653	0	0	0	0	0.055	0.095	0.650	0.708	0.901
LRP5	FZD9	9606.ENSP00000294304	9606.ENSP00000345785	0	0	0	0	0.074	0.093	0.800	0.605	0.924
LRP5	WNT11	9606.ENSP00000294304	9606.ENSP00000325526	0	0	0	0	0.067	0.095	0.650	0.840	0.946
LRP5	WNT2B	9606.ENSP00000294304	9606.ENSP00000358698	0	0	0	0	0	0.095	0.650	0.846	0.947
LRP5	FZD6	9606.ENSP00000294304	9606.ENSP00000351605	0	0	0	0	0.084	0.093	0.800	0.748	0.952
LRP5	FZD5	9606.ENSP00000294304	9606.ENSP00000354607	0	0	0	0	0.049	0.093	0.800	0.771	0.955
LRP5	FZD2	9606.ENSP00000294304	9606.ENSP00000323901	0	0	0	0	0.083	0.093	0.800	0.782	0.959
LRP5	GSK3B	9606.ENSP00000294304	9606.ENSP00000324806	0	0	0	0	0	0	0.720	0.863	0.960
LRP5	FZD8	9606.ENSP00000294304	9606.ENSP00000363826	0	0	0	0	0.080	0.330	0.800	0.817	0.974
LRP5	WNT7B	9606.ENSP00000294304	9606.ENSP00000341032	0	0	0	0	0.042	0.103	0.650	0.943	0.980
LRP5	CTNNB1	9606.ENSP00000294304	9606.ENSP00000495360	0	0	0	0	0	0.325	0.720	0.964	0.992
LRP5	WNT10B	9606.ENSP00000294304	9606.ENSP00000301061	0	0	0	0	0	0.204	0.650	0.992	0.997
LRP5	FZD4	9606.ENSP00000294304	9606.ENSP00000434034	0	0	0	0	0.060	0.093	0.800	0.998	0.999
LRP5	DVL1	9606.ENSP00000294304	9606.ENSP00000368166	0	0	0	0	0.128	0.108	0.650	0.997	0.999
LRP6	DVL2	9606.ENSP00000261349	9606.ENSP00000005340	0	0	0	0	0.053	0.108	0.650	0.980	0.993
LRP6	FGF4	9606.ENSP00000261349	9606.ENSP00000168712	0	0	0	0	0	0.053	0	0.420	0.427
LRP6	WNT16	9606.ENSP00000261349	9606.ENSP00000222462	0	0	0	0	0	0.095	0.650	0.658	0.882
LRP6	WNT3	9606.ENSP00000261349	9606.ENSP00000225512	0	0	0	0	0	0.438	0.720	0.928	0.987
LRP6	CCND1	9606.ENSP00000261349	9606.ENSP00000227507	0	0	0	0	0.083	0	0	0.615	0.632
LRP6	FZD10	9606.ENSP00000261349	9606.ENSP00000229030	0	0	0	0	0.042	0.093	0.800	0.644	0.930
LRP6	WNT6	9606.ENSP00000261349	9606.ENSP00000233948	0	0	0	0	0	0.095	0.650	0.705	0.898
LRP6	FZD3	9606.ENSP00000261349	9606.ENSP00000240093	0	0	0	0	0.061	0.093	0.800	0.550	0.913
LRP6	APC	9606.ENSP00000261349	9606.ENSP00000257430	0	0	0	0	0.042	0	0.720	0.578	0.877
LRP6	WNT10A	9606.ENSP00000261349	9606.ENSP00000258411	0	0	0	0	0	0.091	0.650	0.752	0.914
LRP6	JUN	9606.ENSP00000261349	9606.ENSP00000360266	0	0	0	0	0	0	0	0.408	0.408
LRP6	FGF8	9606.ENSP00000261349	9606.ENSP00000321797	0	0	0	0	0	0.053	0	0.409	0.416
LRP6	TCF7	9606.ENSP00000261349	9606.ENSP00000340347	0	0	0	0	0	0	0	0.422	0.422
LRP6	EGFR	9606.ENSP00000261349	9606.ENSP00000275493	0	0	0	0	0.126	0.051	0	0.389	0.449
LRP6	TNFSF11	9606.ENSP00000261349	9606.ENSP00000381775	0	0	0	0	0	0	0	0.484	0.484
LRP6	FRAT2	9606.ENSP00000261349	9606.ENSP00000360058	0	0	0	0	0	0	0	0.485	0.485
LRP6	TCF7L2	9606.ENSP00000261349	9606.ENSP00000486891	0	0	0	0	0.058	0	0	0.500	0.509
LRP6	AKT1	9606.ENSP00000261349	9606.ENSP00000451828	0	0	0	0	0	0	0	0.516	0.516
LRP6	FRAT1	9606.ENSP00000261349	9606.ENSP00000360060	0	0	0	0	0	0	0	0.525	0.525
LRP6	MYC	9606.ENSP00000261349	9606.ENSP00000478887	0	0	0	0	0.042	0	0	0.599	0.599
LRP6	LEF1	9606.ENSP00000261349	9606.ENSP00000265165	0	0	0	0	0	0	0	0.683	0.683
LRP6	AXIN2	9606.ENSP00000261349	9606.ENSP00000302625	0	0	0	0	0.059	0.126	0	0.756	0.782
LRP6	WNT9A	9606.ENSP00000261349	9606.ENSP00000272164	0	0	0	0	0	0.091	0.650	0.448	0.809
LRP6	WNT11	9606.ENSP00000261349	9606.ENSP00000325526	0	0	0	0	0.042	0.095	0.650	0.601	0.862
LRP6	WNT8B	9606.ENSP00000261349	9606.ENSP00000340677	0	0	0	0	0	0.095	0.650	0.608	0.865
LRP6	WNT8A	9606.ENSP00000261349	9606.ENSP00000426653	0	0	0	0	0.055	0.095	0.650	0.701	0.898
LRP6	WNT9B	9606.ENSP00000261349	9606.ENSP00000290015	0	0	0	0	0	0.091	0.650	0.707	0.898
LRP6	WNT5B	9606.ENSP00000261349	9606.ENSP00000380379	0	0	0	0	0	0.095	0.650	0.713	0.901
LRP6	WNT4	9606.ENSP00000261349	9606.ENSP00000290167	0	0	0	0	0	0.095	0.650	0.746	0.912
LRP6	DVL3	9606.ENSP00000261349	9606.ENSP00000316054	0	0	0	0	0.053	0.108	0.650	0.748	0.915
LRP6	FZD9	9606.ENSP00000261349	9606.ENSP00000345785	0	0	0	0	0.042	0.093	0.800	0.596	0.920
LRP6	WNT2B	9606.ENSP00000261349	9606.ENSP00000358698	0	0	0	0	0	0.095	0.650	0.810	0.934
LRP6	FZD2	9606.ENSP00000261349	9606.ENSP00000323901	0	0	0	0	0	0.093	0.800	0.751	0.950
LRP6	WNT5A	9606.ENSP00000261349	9606.ENSP00000264634	0	0	0	0	0.062	0.331	0.650	0.814	0.953
LRP6	WNT7B	9606.ENSP00000261349	9606.ENSP00000341032	0	0	0	0	0	0.097	0.650	0.865	0.953
LRP6	FZD6	9606.ENSP00000261349	9606.ENSP00000351605	0	0	0	0	0.072	0.093	0.800	0.790	0.959
LRP6	FZD5	9606.ENSP00000261349	9606.ENSP00000354607	0	0	0	0	0.044	0.330	0.800	0.839	0.976
LRP6	FZD1	9606.ENSP00000261349	9606.ENSP00000287934	0	0	0	0	0	0.093	0.800	0.878	0.976
LRP6	WNT10B	9606.ENSP00000261349	9606.ENSP00000301061	0	0	0	0	0	0.229	0.650	0.936	0.981
LRP6	WNT2	9606.ENSP00000261349	9606.ENSP00000265441	0	0	0	0	0	0.095	0.650	0.948	0.982
LRP6	WNT7A	9606.ENSP00000261349	9606.ENSP00000285018	0	0	0	0	0	0.097	0.650	0.963	0.987
LRP6	FZD7	9606.ENSP00000261349	9606.ENSP00000286201	0	0	0	0	0.075	0.093	0.800	0.945	0.989
LRP6	CTNNB1	9606.ENSP00000261349	9606.ENSP00000495360	0	0	0	0	0	0.532	0.720	0.948	0.992
LRP6	FZD8	9606.ENSP00000261349	9606.ENSP00000363826	0	0	0	0	0.062	0.536	0.800	0.947	0.994
LRP6	GSK3B	9606.ENSP00000261349	9606.ENSP00000324806	0	0	0	0	0.047	0.626	0.720	0.954	0.994
LRP6	DVL1	9606.ENSP00000261349	9606.ENSP00000368166	0	0	0	0	0.053	0.108	0.650	0.994	0.998
LRP6	WNT3A	9606.ENSP00000261349	9606.ENSP00000284523	0	0	0	0	0	0.706	0.800	0.998	0.999
LRP6	WNT1	9606.ENSP00000261349	9606.ENSP00000293549	0	0	0	0	0	0.388	0.650	0.997	0.999
LRP6	FZD4	9606.ENSP00000261349	9606.ENSP00000434034	0	0	0	0	0.062	0.093	0.800	0.995	0.999
LRP6	AXIN1	9606.ENSP00000261349	9606.ENSP00000262320	0	0	0	0	0	0.851	0.500	0.999	0.999
LRP6	LRP5	9606.ENSP00000261349	9606.ENSP00000294304	0	0	0.053	0.974	0.081	0.354	0.900	0.986	0.999
MAP2K1	FGF4	9606.ENSP00000302486	9606.ENSP00000168712	0	0	0	0	0	0	0	0.415	0.415
MAP2K1	MAPK1	9606.ENSP00000302486	9606.ENSP00000215832	0	0	0	0.595	0.152	0.929	0.900	0.950	0.999
MAP2K1	SOS2	9606.ENSP00000302486	9606.ENSP00000216373	0	0	0	0	0.103	0.051	0	0.622	0.651
MAP2K1	CCND1	9606.ENSP00000302486	9606.ENSP00000227507	0	0	0	0	0.059	0	0	0.746	0.751
MAP2K1	KRAS	9606.ENSP00000302486	9606.ENSP00000256078	0	0	0	0	0.049	0.615	0.900	0.883	0.995
MAP2K1	CDK4	9606.ENSP00000302486	9606.ENSP00000257904	0	0	0.124	0.643	0.106	0.091	0	0.285	0.424
MAP2K1	AXIN1	9606.ENSP00000302486	9606.ENSP00000262320	0	0	0	0	0.064	0.154	0	0.327	0.421
MAP2K1	MAP2K2	9606.ENSP00000302486	9606.ENSP00000262948	0	0	0.051	0.979	0.049	0.836	0.900	0.783	0.996
MAP2K1	MAPK3	9606.ENSP00000302486	9606.ENSP00000263025	0	0	0	0.590	0.122	0.884	0.900	0.974	0.999
MAP2K1	PIK3CA	9606.ENSP00000302486	9606.ENSP00000263967	0	0	0	0	0.060	0.176	0	0.815	0.844
MAP2K1	FGF2	9606.ENSP00000302486	9606.ENSP00000264498	0	0	0	0	0	0	0	0.523	0.523
MAP2K1	EGF	9606.ENSP00000302486	9606.ENSP00000265171	0	0	0	0	0	0	0	0.686	0.686
MAP2K1	RB1	9606.ENSP00000302486	9606.ENSP00000267163	0	0	0	0	0.049	0	0	0.514	0.518
MAP2K1	TP53	9606.ENSP00000302486	9606.ENSP00000269305	0	0	0	0	0	0	0	0.667	0.667
MAP2K1	ERBB2	9606.ENSP00000302486	9606.ENSP00000269571	0	0	0	0.609	0	0.176	0	0.314	0.410
MAP2K1	FGF18	9606.ENSP00000302486	9606.ENSP00000274625	0	0	0	0	0	0	0	0.427	0.427
MAP2K1	EGFR	9606.ENSP00000302486	9606.ENSP00000275493	0	0	0	0.597	0.049	0.098	0	0.549	0.579
MAP2K1	ARAF	9606.ENSP00000302486	9606.ENSP00000290277	0	0	0	0.577	0.109	0.911	0.900	0.372	0.994
MAP2K1	NCOA3	9606.ENSP00000302486	9606.ENSP00000361066	0	0	0	0	0.049	0	0	0.407	0.411
MAP2K1	PIK3CB	9606.ENSP00000302486	9606.ENSP00000501150	0	0	0	0	0.068	0	0	0.396	0.413
MAP2K1	SHC3	9606.ENSP00000302486	9606.ENSP00000364995	0	0	0	0	0	0	0	0.449	0.449
MAP2K1	CDKN1A	9606.ENSP00000302486	9606.ENSP00000384849	0	0	0	0	0.054	0	0	0.447	0.454
MAP2K1	PGR	9606.ENSP00000302486	9606.ENSP00000325120	0	0	0	0	0.051	0.057	0	0.462	0.476
MAP2K1	AKT1	9606.ENSP00000302486	9606.ENSP00000451828	0	0	0.100	0.632	0.060	0.161	0	0.366	0.490
MAP2K1	PIK3R1	9606.ENSP00000302486	9606.ENSP00000428056	0	0	0	0	0.044	0	0	0.499	0.501
MAP2K1	NOTCH1	9606.ENSP00000302486	9606.ENSP00000498587	0	0	0	0	0.044	0.051	0	0.502	0.509
MAP2K1	ESR1	9606.ENSP00000302486	9606.ENSP00000405330	0	0	0	0	0.051	0.057	0	0.508	0.521
MAP2K1	SHC1	9606.ENSP00000302486	9606.ENSP00000401303	0	0	0	0	0.054	0	0	0.571	0.576
MAP2K1	FOS	9606.ENSP00000302486	9606.ENSP00000306245	0	0	0	0	0.048	0.095	0	0.629	0.652
MAP2K1	CTNNB1	9606.ENSP00000302486	9606.ENSP00000495360	0	0	0	0	0.115	0.091	0	0.608	0.657
MAP2K1	MTOR	9606.ENSP00000302486	9606.ENSP00000354558	0	0	0	0	0.054	0.216	0	0.596	0.674
MAP2K1	IGF1R	9606.ENSP00000302486	9606.ENSP00000497069	0	0	0	0.575	0	0.249	0	0.585	0.675
MAP2K1	IGF1	9606.ENSP00000302486	9606.ENSP00000376637	0	0	0	0	0	0	0	0.677	0.677
MAP2K1	MYC	9606.ENSP00000302486	9606.ENSP00000478887	0	0	0	0	0.083	0.186	0	0.614	0.687
MAP2K1	PTEN	9606.ENSP00000302486	9606.ENSP00000361021	0	0	0	0	0.057	0.100	0	0.775	0.792
MAP2K1	JUN	9606.ENSP00000302486	9606.ENSP00000360266	0	0	0	0	0.049	0	0	0.807	0.808
MAP2K1	GRB2	9606.ENSP00000302486	9606.ENSP00000376345	0	0	0	0	0.108	0	0	0.800	0.814
MAP2K1	SOS1	9606.ENSP00000302486	9606.ENSP00000384675	0	0	0	0	0.113	0.051	0	0.811	0.827
MAP2K1	GSK3B	9606.ENSP00000302486	9606.ENSP00000324806	0	0	0	0.600	0.075	0.161	0.900	0.312	0.939
MAP2K1	NRAS	9606.ENSP00000302486	9606.ENSP00000358548	0	0	0	0	0.060	0.163	0.900	0.813	0.983
MAP2K1	HRAS	9606.ENSP00000302486	9606.ENSP00000407586	0	0	0	0	0.062	0.382	0.900	0.832	0.989
MAP2K1	BRAF	9606.ENSP00000302486	9606.ENSP00000419060	0	0	0	0.580	0.119	0.996	0.900	0.983	0.999
MAP2K1	RAF1	9606.ENSP00000302486	9606.ENSP00000401888	0	0	0	0.577	0.131	0.974	0.900	0.970	0.999
MAP2K2	MAPK1	9606.ENSP00000262948	9606.ENSP00000215832	0	0	0	0.600	0.111	0.983	0.900	0.855	0.999
MAP2K2	SOS2	9606.ENSP00000262948	9606.ENSP00000216373	0	0	0	0	0.096	0.051	0	0.502	0.535
MAP2K2	KRAS	9606.ENSP00000262948	9606.ENSP00000256078	0	0	0	0	0.047	0.163	0.900	0.624	0.966
MAP2K2	TP53	9606.ENSP00000262948	9606.ENSP00000269305	0	0	0	0	0.056	0	0	0.417	0.426
MAP2K2	SHC3	9606.ENSP00000262948	9606.ENSP00000364995	0	0	0	0	0	0	0	0.434	0.434
MAP2K2	PTEN	9606.ENSP00000262948	9606.ENSP00000361021	0	0	0	0	0	0.100	0	0.431	0.466
MAP2K2	PIK3CA	9606.ENSP00000262948	9606.ENSP00000263967	0	0	0	0	0	0	0	0.484	0.484
MAP2K2	ESR1	9606.ENSP00000262948	9606.ENSP00000405330	0	0	0	0	0.051	0.057	0	0.517	0.530
MAP2K2	IGF1R	9606.ENSP00000262948	9606.ENSP00000497069	0	0	0	0.571	0	0.161	0	0.487	0.551
MAP2K2	JUN	9606.ENSP00000262948	9606.ENSP00000360266	0	0	0	0	0.049	0	0	0.587	0.590
MAP2K2	EGFR	9606.ENSP00000262948	9606.ENSP00000275493	0	0	0	0.593	0.042	0.181	0	0.520	0.591
MAP2K2	AKT1	9606.ENSP00000262948	9606.ENSP00000451828	0	0	0	0.630	0.157	0.161	0	0.471	0.593
MAP2K2	GRB2	9606.ENSP00000262948	9606.ENSP00000376345	0	0	0	0	0.085	0	0	0.680	0.695
MAP2K2	CTNNB1	9606.ENSP00000262948	9606.ENSP00000495360	0	0	0	0	0.093	0.091	0	0.750	0.776
MAP2K2	SOS1	9606.ENSP00000262948	9606.ENSP00000384675	0	0	0	0	0.096	0.051	0	0.777	0.792
MAP2K2	GSK3B	9606.ENSP00000262948	9606.ENSP00000324806	0	0	0	0.607	0.072	0.161	0.900	0.269	0.935
MAP2K2	NRAS	9606.ENSP00000262948	9606.ENSP00000358548	0	0	0	0	0.050	0.163	0.900	0.654	0.968
MAP2K2	HRAS	9606.ENSP00000262948	9606.ENSP00000407586	0	0	0	0	0.062	0.163	0.900	0.641	0.968
MAP2K2	MAPK3	9606.ENSP00000262948	9606.ENSP00000263025	0	0	0	0.597	0.226	0.732	0.900	0.600	0.990
MAP2K2	ARAF	9606.ENSP00000262948	9606.ENSP00000290277	0	0	0	0.575	0.126	0.925	0.900	0.572	0.996
MAP2K2	MAP2K1	9606.ENSP00000262948	9606.ENSP00000302486	0	0	0.051	0.979	0.049	0.836	0.900	0.783	0.996
MAP2K2	RAF1	9606.ENSP00000262948	9606.ENSP00000401888	0	0	0	0.575	0.126	0.925	0.900	0.495	0.996
MAP2K2	BRAF	9606.ENSP00000262948	9606.ENSP00000419060	0	0	0	0.575	0.102	0.904	0.900	0.835	0.998
MAPK1	FGF4	9606.ENSP00000215832	9606.ENSP00000168712	0	0	0	0	0.045	0	0.400	0.315	0.573
MAPK1	FGF20	9606.ENSP00000215832	9606.ENSP00000180166	0	0	0	0	0.054	0	0.400	0.312	0.575
MAPK1	FGF22	9606.ENSP00000215832	9606.ENSP00000215530	0	0	0	0	0.055	0	0.400	0.309	0.573
MAPK1	GADD45A	9606.ENSP00000215832	9606.ENSP00000360025	0	0	0	0	0.042	0.292	0	0.196	0.407
MAPK1	FGF23	9606.ENSP00000215832	9606.ENSP00000237837	0	0	0	0	0.045	0	0.400	0.075	0.424
MAPK1	DDB2	9606.ENSP00000215832	9606.ENSP00000256996	0	0	0	0	0.049	0	0	0.431	0.436
MAPK1	FGF21	9606.ENSP00000215832	9606.ENSP00000471477	0	0	0	0	0.045	0	0	0.439	0.441
MAPK1	TCF7L2	9606.ENSP00000215832	9606.ENSP00000486891	0	0	0	0	0.055	0	0	0.449	0.457
MAPK1	FGF19	9606.ENSP00000215832	9606.ENSP00000294312	0	0	0	0	0.055	0	0.400	0.135	0.467
MAPK1	FGFR1	9606.ENSP00000215832	9606.ENSP00000393312	0	0	0	0.588	0	0	0.400	0.195	0.496
MAPK1	BRCA1	9606.ENSP00000215832	9606.ENSP00000418960	0	0	0	0	0.049	0.292	0	0.340	0.516
MAPK1	SOS2	9606.ENSP00000215832	9606.ENSP00000216373	0	0	0	0	0.110	0.067	0	0.473	0.524
MAPK1	FGF1	9606.ENSP00000215832	9606.ENSP00000480791	0	0	0	0	0.054	0	0.400	0.246	0.534
MAPK1	FGF6	9606.ENSP00000215832	9606.ENSP00000228837	0	0	0	0	0.045	0	0.400	0.300	0.563
MAPK1	FGF17	9606.ENSP00000215832	9606.ENSP00000352414	0	0	0	0	0.045	0	0.400	0.304	0.566
MAPK1	FGF3	9606.ENSP00000215832	9606.ENSP00000334122	0	0	0	0	0.045	0	0.400	0.305	0.567
MAPK1	NFKB2	9606.ENSP00000215832	9606.ENSP00000358983	0	0	0	0	0.047	0.072	0	0.553	0.570
MAPK1	FGF8	9606.ENSP00000215832	9606.ENSP00000321797	0	0	0	0	0.045	0	0.400	0.315	0.573
MAPK1	FGF16	9606.ENSP00000215832	9606.ENSP00000399324	0	0	0	0	0.054	0	0.400	0.310	0.574
MAPK1	FGF10	9606.ENSP00000215832	9606.ENSP00000264664	0	0	0	0	0.055	0	0.400	0.312	0.576
MAPK1	NOTCH1	9606.ENSP00000215832	9606.ENSP00000498587	0	0	0	0	0.087	0.311	0	0.384	0.579
MAPK1	FGF9	9606.ENSP00000215832	9606.ENSP00000371790	0	0	0	0	0.054	0	0.400	0.328	0.585
MAPK1	FGF18	9606.ENSP00000215832	9606.ENSP00000274625	0	0	0	0	0.045	0	0.400	0.337	0.587
MAPK1	FGF7	9606.ENSP00000215832	9606.ENSP00000267843	0	0	0	0	0.083	0	0.400	0.328	0.598
MAPK1	NCOA3	9606.ENSP00000215832	9606.ENSP00000361066	0	0	0	0	0.049	0.510	0	0.228	0.608
MAPK1	EGFR	9606.ENSP00000215832	9606.ENSP00000275493	0	0	0	0.579	0.047	0.042	0	0.609	0.612
MAPK1	PIK3CB	9606.ENSP00000215832	9606.ENSP00000501150	0	0	0	0	0.082	0	0	0.601	0.618
MAPK1	IGF1	9606.ENSP00000215832	9606.ENSP00000376637	0	0	0	0	0	0	0	0.621	0.621
MAPK1	ARAF	9606.ENSP00000215832	9606.ENSP00000290277	0	0	0	0.592	0.094	0.110	0.500	0.251	0.657
MAPK1	PIK3R1	9606.ENSP00000215832	9606.ENSP00000428056	0	0	0	0	0.127	0	0	0.626	0.659
MAPK1	PGR	9606.ENSP00000215832	9606.ENSP00000325120	0	0	0	0	0.049	0.292	0	0.538	0.662
MAPK1	PTEN	9606.ENSP00000215832	9606.ENSP00000361021	0	0	0	0	0.061	0.216	0	0.597	0.677
MAPK1	MTOR	9606.ENSP00000215832	9606.ENSP00000354558	0	0	0	0	0.105	0.258	0	0.554	0.678
MAPK1	CCND1	9606.ENSP00000215832	9606.ENSP00000227507	0	0	0	0	0.060	0.292	0	0.562	0.683
MAPK1	FGF5	9606.ENSP00000215832	9606.ENSP00000311697	0	0	0	0	0.045	0.387	0.400	0.304	0.722
MAPK1	CDKN1A	9606.ENSP00000215832	9606.ENSP00000384849	0	0	0	0	0	0	0	0.732	0.732
MAPK1	CTNNB1	9606.ENSP00000215832	9606.ENSP00000495360	0	0	0	0	0.117	0	0	0.713	0.736
MAPK1	GSK3B	9606.ENSP00000215832	9606.ENSP00000324806	0	0	0	0.766	0.327	0.342	0	0.464	0.742
MAPK1	SOS1	9606.ENSP00000215832	9606.ENSP00000384675	0	0.001	0	0	0.214	0.067	0.400	0.543	0.772
MAPK1	FGF2	9606.ENSP00000215832	9606.ENSP00000264498	0	0	0	0	0.054	0	0.400	0.644	0.780
MAPK1	EGF	9606.ENSP00000215832	9606.ENSP00000265171	0	0	0	0	0	0	0	0.789	0.789
MAPK1	PIK3CA	9606.ENSP00000215832	9606.ENSP00000263967	0	0	0	0	0.103	0	0	0.809	0.822
MAPK1	GRB2	9606.ENSP00000215832	9606.ENSP00000376345	0	0	0	0	0.093	0	0.400	0.866	0.920
MAPK1	RPS6KB2	9606.ENSP00000215832	9606.ENSP00000308413	0	0	0	0.628	0.049	0.097	0.900	0.195	0.921
MAPK1	RPS6KB1	9606.ENSP00000215832	9606.ENSP00000225577	0	0	0	0.645	0.049	0.097	0.900	0.252	0.927
MAPK1	AKT3	9606.ENSP00000215832	9606.ENSP00000500582	0	0	0	0.601	0.085	0.110	0.900	0.218	0.927
MAPK1	AKT2	9606.ENSP00000215832	9606.ENSP00000375892	0	0	0	0.592	0.083	0.110	0.900	0.240	0.929
MAPK1	ESR2	9606.ENSP00000215832	9606.ENSP00000343925	0	0	0	0	0	0.292	0.900	0.332	0.948
MAPK1	BRAF	9606.ENSP00000215832	9606.ENSP00000419060	0	0	0	0.586	0.094	0.647	0.700	0.539	0.949
MAPK1	NRAS	9606.ENSP00000215832	9606.ENSP00000358548	0	0	0	0	0.109	0.098	0.900	0.551	0.959
MAPK1	SHC1	9606.ENSP00000215832	9606.ENSP00000401303	0	0	0	0	0.055	0.684	0.400	0.817	0.962
MAPK1	SP1	9606.ENSP00000215832	9606.ENSP00000329357	0	0	0	0	0.179	0.539	0.900	0.286	0.969
MAPK1	RAF1	9606.ENSP00000215832	9606.ENSP00000401888	0	0	0	0.588	0.115	0.800	0.700	0.593	0.975
MAPK1	HRAS	9606.ENSP00000215832	9606.ENSP00000407586	0	0	0	0	0.056	0.098	0.900	0.783	0.979
MAPK1	MYC	9606.ENSP00000215832	9606.ENSP00000478887	0	0	0	0	0	0.643	0.900	0.582	0.983
MAPK1	ESR1	9606.ENSP00000215832	9606.ENSP00000405330	0	0	0	0	0	0.625	0.900	0.681	0.987
MAPK1	AKT1	9606.ENSP00000215832	9606.ENSP00000451828	0	0	0	0.593	0.118	0.110	0.900	0.872	0.988
MAPK1	KRAS	9606.ENSP00000215832	9606.ENSP00000256078	0	0	0	0	0.088	0.495	0.900	0.771	0.988
MAPK1	FOS	9606.ENSP00000215832	9606.ENSP00000306245	0	0	0	0	0.055	0.450	0.900	0.864	0.992
MAPK1	MAPK3	9606.ENSP00000215832	9606.ENSP00000263025	0	0	0.049	0.983	0.118	0.874	0.900	0.581	0.994
MAPK1	TP53	9606.ENSP00000215832	9606.ENSP00000269305	0	0	0	0	0.045	0.806	0.900	0.912	0.998
MAPK1	JUN	9606.ENSP00000215832	9606.ENSP00000360266	0	0	0	0	0	0.771	0.900	0.958	0.998
MAPK1	MAP2K1	9606.ENSP00000215832	9606.ENSP00000302486	0	0	0	0.595	0.152	0.929	0.900	0.950	0.999
MAPK1	MAP2K2	9606.ENSP00000215832	9606.ENSP00000262948	0	0	0	0.600	0.111	0.983	0.900	0.855	0.999
MAPK3	FGF4	9606.ENSP00000263025	9606.ENSP00000168712	0	0	0	0	0.045	0	0.400	0.574	0.734
MAPK3	FGF20	9606.ENSP00000263025	9606.ENSP00000180166	0	0	0	0	0.054	0	0.400	0.553	0.724
MAPK3	FGF22	9606.ENSP00000263025	9606.ENSP00000215530	0	0	0	0	0.055	0	0.400	0.548	0.721
MAPK3	MAPK1	9606.ENSP00000263025	9606.ENSP00000215832	0	0	0.049	0.983	0.118	0.874	0.900	0.581	0.994
MAPK3	SOS2	9606.ENSP00000263025	9606.ENSP00000216373	0	0	0	0	0.049	0.067	0	0.487	0.505
MAPK3	PIK3R2	9606.ENSP00000263025	9606.ENSP00000222254	0	0	0	0	0.173	0	0	0.315	0.409
MAPK3	WNT3	9606.ENSP00000263025	9606.ENSP00000225512	0	0	0	0	0.051	0	0	0.494	0.499
MAPK3	RPS6KB1	9606.ENSP00000263025	9606.ENSP00000225577	0	0	0	0.623	0.044	0.097	0.900	0.338	0.935
MAPK3	CCND1	9606.ENSP00000263025	9606.ENSP00000227507	0	0	0	0	0.060	0	0	0.739	0.744
MAPK3	FGF6	9606.ENSP00000263025	9606.ENSP00000228837	0	0	0	0	0.045	0	0.400	0.547	0.717
MAPK3	FGF23	9606.ENSP00000263025	9606.ENSP00000237837	0	0	0	0	0.045	0	0.400	0.374	0.610
MAPK3	JAG1	9606.ENSP00000263025	9606.ENSP00000254958	0	0	0	0	0.055	0.068	0	0.399	0.425
MAPK3	KRAS	9606.ENSP00000263025	9606.ENSP00000256078	0	0	0	0	0.056	0.098	0.900	0.816	0.982
MAPK3	AXIN1	9606.ENSP00000263025	9606.ENSP00000262320	0	0	0	0	0.155	0.363	0	0.380	0.637
MAPK3	MAP2K2	9606.ENSP00000263025	9606.ENSP00000262948	0	0	0	0.597	0.226	0.732	0.900	0.600	0.990
MAPK3	WNT3A	9606.ENSP00000263025	9606.ENSP00000284523	0	0	0	0	0.051	0	0	0.417	0.423
MAPK3	WNT5A	9606.ENSP00000263025	9606.ENSP00000264634	0	0	0	0	0.051	0	0	0.418	0.424
MAPK3	AXIN2	9606.ENSP00000263025	9606.ENSP00000302625	0	0	0	0	0.078	0.091	0	0.386	0.441
MAPK3	E2F1	9606.ENSP00000263025	9606.ENSP00000345571	0	0	0	0	0.044	0	0	0.450	0.452
MAPK3	PIK3R1	9606.ENSP00000263025	9606.ENSP00000428056	0	0	0	0	0.115	0	0	0.445	0.488
MAPK3	BAX	9606.ENSP00000263025	9606.ENSP00000293288	0	0	0	0	0.212	0	0	0.409	0.515
MAPK3	KIT	9606.ENSP00000263025	9606.ENSP00000288135	0	0	0	0.585	0.103	0	0	0.483	0.516
MAPK3	RB1	9606.ENSP00000263025	9606.ENSP00000267163	0	0	0	0	0.049	0.230	0	0.399	0.521
MAPK3	EGFR	9606.ENSP00000263025	9606.ENSP00000275493	0	0	0	0.582	0.042	0.230	0	0.411	0.528
MAPK3	TNFSF11	9606.ENSP00000263025	9606.ENSP00000381775	0	0	0	0	0	0	0	0.541	0.541
MAPK3	FGFR1	9606.ENSP00000263025	9606.ENSP00000393312	0	0	0	0.587	0	0	0.400	0.270	0.543
MAPK3	BRCA1	9606.ENSP00000263025	9606.ENSP00000418960	0	0	0	0	0	0.292	0	0.412	0.566
MAPK3	FGF19	9606.ENSP00000263025	9606.ENSP00000294312	0	0	0	0	0.055	0	0.400	0.343	0.595
MAPK3	PIK3CA	9606.ENSP00000263025	9606.ENSP00000263967	0	0	0	0	0.049	0	0	0.594	0.597
MAPK3	FGF21	9606.ENSP00000263025	9606.ENSP00000471477	0	0	0	0	0.045	0	0	0.600	0.602
MAPK3	CDKN1A	9606.ENSP00000263025	9606.ENSP00000384849	0	0	0	0	0.044	0	0	0.606	0.608
MAPK3	PIK3CB	9606.ENSP00000263025	9606.ENSP00000501150	0	0	0	0	0.049	0	0	0.637	0.640
MAPK3	FGF1	9606.ENSP00000263025	9606.ENSP00000480791	0	0	0	0	0.054	0	0.400	0.459	0.666
MAPK3	ARAF	9606.ENSP00000263025	9606.ENSP00000290277	0	0	0	0.592	0.118	0.110	0.500	0.265	0.673
MAPK3	PGR	9606.ENSP00000263025	9606.ENSP00000325120	0	0	0	0	0.049	0	0	0.685	0.688
MAPK3	IGF1	9606.ENSP00000263025	9606.ENSP00000376637	0	0	0	0	0	0	0	0.697	0.697
MAPK3	NOTCH1	9606.ENSP00000263025	9606.ENSP00000498587	0	0	0	0	0.124	0.068	0	0.678	0.714
MAPK3	FGF17	9606.ENSP00000263025	9606.ENSP00000352414	0	0	0	0	0.045	0	0.400	0.547	0.717
MAPK3	FGF3	9606.ENSP00000263025	9606.ENSP00000334122	0	0	0	0	0.046	0	0.400	0.547	0.718
MAPK3	FGF16	9606.ENSP00000263025	9606.ENSP00000399324	0	0	0	0	0.054	0	0.400	0.554	0.725
MAPK3	FGF5	9606.ENSP00000263025	9606.ENSP00000311697	0	0	0	0	0.045	0	0.400	0.573	0.734
MAPK3	FGF8	9606.ENSP00000263025	9606.ENSP00000321797	0	0	0	0	0.045	0	0.400	0.574	0.734
MAPK3	FGF10	9606.ENSP00000263025	9606.ENSP00000264664	0	0	0	0	0.055	0	0.400	0.577	0.739
MAPK3	FGF9	9606.ENSP00000263025	9606.ENSP00000371790	0	0	0	0	0.054	0	0.400	0.581	0.741
MAPK3	FGF18	9606.ENSP00000263025	9606.ENSP00000274625	0	0	0	0	0.045	0	0.400	0.592	0.746
MAPK3	FGF7	9606.ENSP00000263025	9606.ENSP00000267843	0	0	0	0	0.083	0	0.400	0.579	0.748
MAPK3	PTEN	9606.ENSP00000263025	9606.ENSP00000361021	0	0	0	0	0.056	0.175	0	0.712	0.756
MAPK3	MTOR	9606.ENSP00000263025	9606.ENSP00000354558	0	0	0	0	0.070	0.149	0	0.724	0.762
MAPK3	SHC1	9606.ENSP00000263025	9606.ENSP00000401303	0	0	0	0	0.049	0.045	0.400	0.644	0.780
MAPK3	SOS1	9606.ENSP00000263025	9606.ENSP00000384675	0	0.001	0	0	0.060	0.311	0.400	0.577	0.814
MAPK3	EGF	9606.ENSP00000263025	9606.ENSP00000265171	0	0	0	0	0	0	0	0.841	0.841
MAPK3	GRB2	9606.ENSP00000263025	9606.ENSP00000376345	0	0	0	0	0.075	0	0.400	0.782	0.868
MAPK3	CTNNB1	9606.ENSP00000263025	9606.ENSP00000495360	0	0	0	0	0.091	0	0	0.866	0.873
MAPK3	FGF2	9606.ENSP00000263025	9606.ENSP00000264498	0	0	0	0	0.054	0	0.400	0.819	0.888
MAPK3	AKT3	9606.ENSP00000263025	9606.ENSP00000500582	0	0	0	0.595	0.099	0.110	0.900	0.215	0.928
MAPK3	RPS6KB2	9606.ENSP00000263025	9606.ENSP00000308413	0	0	0	0.617	0.074	0.097	0.900	0.265	0.930
MAPK3	ESR2	9606.ENSP00000263025	9606.ENSP00000343925	0	0	0	0	0	0	0.900	0.577	0.955
MAPK3	AKT1	9606.ENSP00000263025	9606.ENSP00000451828	0	0	0	0.587	0.266	0.110	0.900	0.432	0.957
MAPK3	BRAF	9606.ENSP00000263025	9606.ENSP00000419060	0	0	0	0.579	0.087	0.653	0.700	0.632	0.960
MAPK3	RAF1	9606.ENSP00000263025	9606.ENSP00000401888	0	0	0	0.587	0.118	0.545	0.700	0.721	0.962
MAPK3	AKT2	9606.ENSP00000263025	9606.ENSP00000375892	0	0	0	0.587	0.062	0.110	0.900	0.604	0.962
MAPK3	NRAS	9606.ENSP00000263025	9606.ENSP00000358548	0	0	0	0	0.063	0.275	0.900	0.620	0.970
MAPK3	SP1	9606.ENSP00000263025	9606.ENSP00000329357	0	0	0	0	0.072	0.539	0.900	0.424	0.972
MAPK3	ESR1	9606.ENSP00000263025	9606.ENSP00000405330	0	0	0	0	0	0	0.900	0.824	0.981
MAPK3	HRAS	9606.ENSP00000263025	9606.ENSP00000407586	0	0	0	0	0.061	0.098	0.900	0.829	0.983
MAPK3	MYC	9606.ENSP00000263025	9606.ENSP00000478887	0	0	0	0	0	0.292	0.900	0.829	0.986
MAPK3	JUN	9606.ENSP00000263025	9606.ENSP00000360266	0	0	0	0	0	0.323	0.900	0.824	0.987
MAPK3	FOS	9606.ENSP00000263025	9606.ENSP00000306245	0	0	0	0	0.055	0.450	0.900	0.907	0.994
MAPK3	TP53	9606.ENSP00000263025	9606.ENSP00000269305	0	0	0	0	0.060	0.626	0.900	0.871	0.994
MAPK3	MAP2K1	9606.ENSP00000263025	9606.ENSP00000302486	0	0	0	0.590	0.122	0.884	0.900	0.974	0.999
MTOR	FGF4	9606.ENSP00000354558	9606.ENSP00000168712	0	0	0	0	0	0	0	0.490	0.490
MTOR	FGF20	9606.ENSP00000354558	9606.ENSP00000180166	0	0	0	0	0	0	0	0.491	0.491
MTOR	FGF22	9606.ENSP00000354558	9606.ENSP00000215530	0	0	0	0	0	0	0	0.491	0.491
MTOR	MAPK1	9606.ENSP00000354558	9606.ENSP00000215832	0	0	0	0	0.105	0.258	0	0.554	0.678
MTOR	SOS2	9606.ENSP00000354558	9606.ENSP00000216373	0	0	0	0	0.072	0	0	0.462	0.480
MTOR	PIK3R2	9606.ENSP00000354558	9606.ENSP00000222254	0	0	0	0	0.060	0	0.900	0.453	0.944
MTOR	RPS6KB1	9606.ENSP00000354558	9606.ENSP00000225577	0	0	0	0	0.049	0.995	0.900	0.977	0.999
MTOR	CCND1	9606.ENSP00000354558	9606.ENSP00000227507	0	0	0	0	0	0	0	0.802	0.802
MTOR	FGF6	9606.ENSP00000354558	9606.ENSP00000228837	0	0	0	0	0	0	0	0.491	0.491
MTOR	KRAS	9606.ENSP00000354558	9606.ENSP00000256078	0	0	0	0	0.049	0.517	0	0.651	0.826
MTOR	CDK4	9606.ENSP00000354558	9606.ENSP00000257904	0	0	0	0	0.055	0.068	0	0.628	0.644
MTOR	FLT4	9606.ENSP00000354558	9606.ENSP00000261937	0	0	0	0	0	0	0	0.421	0.421
MTOR	AXIN1	9606.ENSP00000354558	9606.ENSP00000262320	0	0	0	0	0.060	0	0	0.390	0.402
MTOR	PIK3R3	9606.ENSP00000354558	9606.ENSP00000262741	0	0	0	0	0.049	0	0.900	0.397	0.937
MTOR	MAPK3	9606.ENSP00000354558	9606.ENSP00000263025	0	0	0	0	0.070	0.149	0	0.724	0.762
MTOR	PIK3CA	9606.ENSP00000354558	9606.ENSP00000263967	0	0	0	0.548	0.060	0.166	0.900	0.592	0.963
MTOR	FGF2	9606.ENSP00000354558	9606.ENSP00000264498	0	0	0	0	0	0	0	0.518	0.518
MTOR	FGF10	9606.ENSP00000354558	9606.ENSP00000264664	0	0	0	0	0	0	0	0.490	0.490
MTOR	EGF	9606.ENSP00000354558	9606.ENSP00000265171	0	0	0	0	0	0	0	0.647	0.647
MTOR	CDK6	9606.ENSP00000354558	9606.ENSP00000265734	0	0	0	0	0.055	0.068	0	0.475	0.497
MTOR	FGF7	9606.ENSP00000354558	9606.ENSP00000267843	0	0	0	0	0	0	0	0.491	0.491
MTOR	TP53	9606.ENSP00000354558	9606.ENSP00000269305	0	0	0	0	0	0.466	0	0.773	0.874
MTOR	ERBB2	9606.ENSP00000354558	9606.ENSP00000269571	0	0	0	0	0	0	0	0.725	0.725
MTOR	FGF18	9606.ENSP00000354558	9606.ENSP00000274625	0	0	0	0	0	0	0	0.491	0.491
MTOR	EGFR	9606.ENSP00000354558	9606.ENSP00000275493	0	0	0	0	0.042	0.181	0	0.769	0.802
MTOR	KIT	9606.ENSP00000354558	9606.ENSP00000288135	0	0	0	0	0	0	0	0.574	0.574
MTOR	BAX	9606.ENSP00000354558	9606.ENSP00000293288	0	0	0	0	0.054	0	0	0.528	0.534
MTOR	FGF19	9606.ENSP00000354558	9606.ENSP00000294312	0	0	0	0	0	0	0	0.525	0.525
MTOR	MAP2K1	9606.ENSP00000354558	9606.ENSP00000302486	0	0	0	0	0.054	0.216	0	0.596	0.674
MTOR	FOS	9606.ENSP00000354558	9606.ENSP00000306245	0	0	0	0	0.051	0.068	0	0.481	0.501
MTOR	RPS6KB2	9606.ENSP00000354558	9606.ENSP00000308413	0	0	0	0	0.049	0.646	0.900	0.893	0.995
MTOR	FGF5	9606.ENSP00000354558	9606.ENSP00000311697	0	0	0	0	0	0	0	0.489	0.489
MTOR	FGF8	9606.ENSP00000354558	9606.ENSP00000321797	0	0	0	0	0	0	0	0.486	0.486
MTOR	GSK3B	9606.ENSP00000354558	9606.ENSP00000324806	0	0	0	0	0.135	0.095	0	0.746	0.784
MTOR	PGR	9606.ENSP00000354558	9606.ENSP00000325120	0	0	0	0	0	0	0	0.488	0.488
MTOR	SP1	9606.ENSP00000354558	9606.ENSP00000329357	0	0	0	0	0.138	0.069	0	0.366	0.447
MTOR	FGF3	9606.ENSP00000354558	9606.ENSP00000334122	0	0	0	0	0	0	0	0.491	0.491
MTOR	E2F1	9606.ENSP00000354558	9606.ENSP00000345571	0	0	0	0	0.071	0.071	0	0.448	0.483
MTOR	FGF17	9606.ENSP00000354558	9606.ENSP00000352414	0	0	0	0	0	0	0	0.490	0.490
MTOR	BRCA2	9606.ENSP00000354558	9606.ENSP00000369497	0	0	0	0	0	0	0	0.407	0.407
MTOR	GADD45A	9606.ENSP00000354558	9606.ENSP00000360025	0	0	0	0	0	0.292	0	0.253	0.448
MTOR	FGFR1	9606.ENSP00000354558	9606.ENSP00000393312	0	0	0	0	0	0	0	0.450	0.450
MTOR	SHC1	9606.ENSP00000354558	9606.ENSP00000401303	0	0	0	0	0.049	0	0	0.453	0.458
MTOR	FGF21	9606.ENSP00000354558	9606.ENSP00000471477	0	0	0	0	0	0	0	0.469	0.469
MTOR	FGF9	9606.ENSP00000354558	9606.ENSP00000371790	0	0	0	0	0	0	0	0.490	0.490
MTOR	FGF16	9606.ENSP00000354558	9606.ENSP00000399324	0	0	0	0	0	0	0	0.491	0.491
MTOR	BRCA1	9606.ENSP00000354558	9606.ENSP00000418960	0	0	0	0	0.060	0	0	0.487	0.497
MTOR	SOS1	9606.ENSP00000354558	9606.ENSP00000384675	0	0	0	0	0.119	0	0	0.462	0.506
MTOR	GRB2	9606.ENSP00000354558	9606.ENSP00000376345	0	0	0	0	0.049	0	0	0.508	0.512
MTOR	CDKN1A	9606.ENSP00000354558	9606.ENSP00000384849	0	0	0	0	0	0	0	0.521	0.521
MTOR	RAF1	9606.ENSP00000354558	9606.ENSP00000401888	0	0	0	0	0.121	0.073	0	0.523	0.578
MTOR	NOTCH1	9606.ENSP00000354558	9606.ENSP00000498587	0	0	0	0	0.049	0.074	0	0.566	0.585
MTOR	BRAF	9606.ENSP00000354558	9606.ENSP00000419060	0	0	0	0	0.062	0.073	0	0.634	0.654
MTOR	HRAS	9606.ENSP00000354558	9606.ENSP00000407586	0	0	0	0	0	0.390	0	0.480	0.669
MTOR	CTNNB1	9606.ENSP00000354558	9606.ENSP00000495360	0	0	0	0	0.049	0	0	0.692	0.694
MTOR	NRAS	9606.ENSP00000354558	9606.ENSP00000358548	0	0	0	0	0.074	0.390	0	0.519	0.705
MTOR	JUN	9606.ENSP00000354558	9606.ENSP00000360266	0	0	0	0	0	0.098	0	0.697	0.715
MTOR	MYC	9606.ENSP00000354558	9606.ENSP00000478887	0	0	0	0	0	0.091	0	0.716	0.730
MTOR	ESR1	9606.ENSP00000354558	9606.ENSP00000405330	0	0	0	0	0	0.292	0	0.655	0.745
MTOR	IGF1	9606.ENSP00000354558	9606.ENSP00000376637	0	0	0	0	0	0	0	0.781	0.781
MTOR	IGF1R	9606.ENSP00000354558	9606.ENSP00000497069	0	0	0	0	0.049	0.211	0	0.843	0.872
MTOR	PTEN	9606.ENSP00000354558	9606.ENSP00000361021	0	0	0	0	0	0.281	0	0.922	0.942
MTOR	PIK3CD	9606.ENSP00000354558	9606.ENSP00000366563	0	0	0	0.550	0.056	0.166	0.900	0.360	0.942
MTOR	PIK3CB	9606.ENSP00000354558	9606.ENSP00000501150	0	0	0	0.549	0.082	0.166	0.900	0.350	0.943
MTOR	PIK3R1	9606.ENSP00000354558	9606.ENSP00000428056	0	0	0	0	0.044	0	0.900	0.577	0.956
MTOR	AKT3	9606.ENSP00000354558	9606.ENSP00000500582	0	0	0	0	0	0.073	0.900	0.609	0.960
MTOR	AKT2	9606.ENSP00000354558	9606.ENSP00000375892	0	0	0	0	0.060	0.073	0.900	0.668	0.967
MTOR	AKT1	9606.ENSP00000354558	9606.ENSP00000451828	0	0	0	0	0.060	0.925	0.900	0.954	0.999
MYC	DVL2	9606.ENSP00000478887	9606.ENSP00000005340	0	0	0	0	0	0	0	0.479	0.479
MYC	FGF4	9606.ENSP00000478887	9606.ENSP00000168712	0	0	0	0	0	0	0	0.591	0.591
MYC	FGF20	9606.ENSP00000478887	9606.ENSP00000180166	0	0	0	0	0	0	0	0.516	0.516
MYC	FGF22	9606.ENSP00000478887	9606.ENSP00000215530	0	0	0	0	0	0	0	0.522	0.522
MYC	GADD45B	9606.ENSP00000478887	9606.ENSP00000215631	0	0	0	0	0.062	0	0	0.396	0.409
MYC	MAPK1	9606.ENSP00000478887	9606.ENSP00000215832	0	0	0	0	0	0.643	0.900	0.582	0.983
MYC	WNT3	9606.ENSP00000478887	9606.ENSP00000225512	0	0	0	0	0	0	0	0.451	0.451
MYC	RPS6KB1	9606.ENSP00000478887	9606.ENSP00000225577	0	0	0	0	0.064	0	0	0.662	0.670
MYC	CCND1	9606.ENSP00000478887	9606.ENSP00000227507	0	0	0	0	0.067	0	0.400	0.950	0.969
MYC	FGF6	9606.ENSP00000478887	9606.ENSP00000228837	0	0	0	0	0	0	0	0.531	0.531
MYC	HES1	9606.ENSP00000478887	9606.ENSP00000232424	0	0	0	0	0.068	0.292	0	0.326	0.517
MYC	DLL4	9606.ENSP00000478887	9606.ENSP00000249749	0	0	0	0	0.060	0.067	0	0.400	0.427
MYC	JAG1	9606.ENSP00000478887	9606.ENSP00000254958	0	0	0	0	0.055	0.067	0	0.675	0.688
MYC	KRAS	9606.ENSP00000478887	9606.ENSP00000256078	0	0	0	0	0.059	0.075	0	0.865	0.872
MYC	NOTCH2	9606.ENSP00000478887	9606.ENSP00000256646	0	0	0	0	0.055	0.067	0	0.542	0.560
MYC	APC	9606.ENSP00000478887	9606.ENSP00000257430	0	0	0	0	0	0.115	0	0.581	0.613
MYC	CDK4	9606.ENSP00000478887	9606.ENSP00000257904	0	0	0	0	0.100	0.642	0	0.904	0.966
MYC	LRP6	9606.ENSP00000478887	9606.ENSP00000261349	0	0	0	0	0.042	0	0	0.599	0.599
MYC	AXIN1	9606.ENSP00000478887	9606.ENSP00000262320	0	0	0	0	0.065	0.292	0	0.720	0.798
MYC	E2F3	9606.ENSP00000478887	9606.ENSP00000262904	0	0	0	0	0.074	0.128	0	0.720	0.754
MYC	MAPK3	9606.ENSP00000478887	9606.ENSP00000263025	0	0	0	0	0	0.292	0.900	0.829	0.986
MYC	NOTCH3	9606.ENSP00000478887	9606.ENSP00000263388	0	0	0	0	0.055	0.311	0	0.507	0.651
MYC	PIK3CA	9606.ENSP00000478887	9606.ENSP00000263967	0	0	0	0	0	0.179	0	0.696	0.740
MYC	FGF2	9606.ENSP00000478887	9606.ENSP00000264498	0	0	0	0	0.042	0	0	0.708	0.708
MYC	WNT5A	9606.ENSP00000478887	9606.ENSP00000264634	0	0	0	0	0	0	0	0.572	0.572
MYC	FGF10	9606.ENSP00000478887	9606.ENSP00000264664	0	0	0	0	0	0	0	0.542	0.542
MYC	LEF1	9606.ENSP00000478887	9606.ENSP00000265165	0	0	0	0	0.076	0	0.500	0.787	0.893
MYC	EGF	9606.ENSP00000478887	9606.ENSP00000265171	0	0	0	0	0	0	0	0.836	0.836
MYC	CDK6	9606.ENSP00000478887	9606.ENSP00000265734	0	0	0	0	0.097	0.242	0	0.716	0.788
MYC	RB1	9606.ENSP00000478887	9606.ENSP00000267163	0	0	0	0	0.042	0.594	0	0.736	0.888
MYC	FGF7	9606.ENSP00000478887	9606.ENSP00000267843	0	0	0	0	0	0	0	0.545	0.545
MYC	TP53	9606.ENSP00000478887	9606.ENSP00000269305	0	0	0	0	0.067	0.300	0	0.997	0.997
MYC	ERBB2	9606.ENSP00000478887	9606.ENSP00000269571	0	0	0	0	0	0.166	0	0.870	0.886
MYC	FGF18	9606.ENSP00000478887	9606.ENSP00000274625	0	0	0	0	0	0	0	0.533	0.533
MYC	EGFR	9606.ENSP00000478887	9606.ENSP00000275493	0	0	0	0	0.044	0.103	0	0.866	0.875
MYC	TCF7L1	9606.ENSP00000478887	9606.ENSP00000282111	0	0	0	0	0.050	0	0.500	0.585	0.785
MYC	WNT3A	9606.ENSP00000478887	9606.ENSP00000284523	0	0	0	0	0	0	0	0.633	0.633
MYC	FZD7	9606.ENSP00000478887	9606.ENSP00000286201	0	0	0	0	0.078	0	0	0.446	0.467
MYC	FZD1	9606.ENSP00000478887	9606.ENSP00000287934	0	0	0	0	0.078	0	0	0.399	0.422
MYC	KIT	9606.ENSP00000478887	9606.ENSP00000288135	0	0	0	0	0.062	0	0	0.667	0.674
MYC	WNT4	9606.ENSP00000478887	9606.ENSP00000290167	0	0	0	0	0	0	0	0.401	0.401
MYC	ARAF	9606.ENSP00000478887	9606.ENSP00000290277	0	0	0	0	0.071	0.169	0	0.430	0.522
MYC	BAX	9606.ENSP00000478887	9606.ENSP00000293288	0	0	0	0	0.065	0	0	0.400	0.415
MYC	WNT1	9606.ENSP00000478887	9606.ENSP00000293549	0	0	0	0	0	0	0	0.734	0.734
MYC	LRP5	9606.ENSP00000478887	9606.ENSP00000294304	0	0	0	0	0.084	0	0	0.609	0.626
MYC	MAP2K1	9606.ENSP00000478887	9606.ENSP00000302486	0	0	0	0	0.083	0.186	0	0.614	0.687
MYC	AXIN2	9606.ENSP00000478887	9606.ENSP00000302625	0	0	0	0	0.053	0	0	0.792	0.794
MYC	FOS	9606.ENSP00000478887	9606.ENSP00000306245	0	0	0	0	0.134	0.221	0.400	0.924	0.965
MYC	RPS6KB2	9606.ENSP00000478887	9606.ENSP00000308413	0	0	0	0	0.059	0	0	0.506	0.515
MYC	FGF5	9606.ENSP00000478887	9606.ENSP00000311697	0	0	0	0	0	0	0	0.556	0.556
MYC	FGF8	9606.ENSP00000478887	9606.ENSP00000321797	0	0	0	0	0	0	0	0.525	0.525
MYC	GSK3B	9606.ENSP00000478887	9606.ENSP00000324806	0	0	0	0	0	0.822	0.900	0.839	0.996
MYC	PGR	9606.ENSP00000478887	9606.ENSP00000325120	0	0	0	0	0.053	0.294	0	0.594	0.705
MYC	JAG2	9606.ENSP00000478887	9606.ENSP00000328169	0	0	0	0	0.056	0.067	0	0.507	0.528
MYC	SP1	9606.ENSP00000478887	9606.ENSP00000329357	0	0	0	0	0.060	0.785	0	0.883	0.974
MYC	FGF3	9606.ENSP00000478887	9606.ENSP00000334122	0	0	0	0	0	0	0	0.543	0.543
MYC	HEY1	9606.ENSP00000478887	9606.ENSP00000338272	0	0	0	0	0.061	0	0	0.478	0.489
MYC	TCF7	9606.ENSP00000478887	9606.ENSP00000340347	0	0	0	0	0.064	0	0	0.485	0.498
MYC	ESR2	9606.ENSP00000478887	9606.ENSP00000343925	0	0	0	0	0.053	0.045	0	0.510	0.518
MYC	E2F1	9606.ENSP00000478887	9606.ENSP00000345571	0	0	0	0	0.084	0.166	0.500	0.990	0.995
MYC	FGF17	9606.ENSP00000478887	9606.ENSP00000352414	0	0	0	0	0	0	0	0.507	0.507
MYC	MTOR	9606.ENSP00000478887	9606.ENSP00000354558	0	0	0	0	0	0.091	0	0.716	0.730
MYC	E2F2	9606.ENSP00000478887	9606.ENSP00000355249	0	0	0	0	0	0	0	0.814	0.814
MYC	DLL1	9606.ENSP00000478887	9606.ENSP00000355718	0	0	0	0	0.062	0.067	0	0.420	0.448
MYC	NRAS	9606.ENSP00000478887	9606.ENSP00000358548	0	0	0	0	0.076	0.045	0	0.668	0.681
MYC	NFKB2	9606.ENSP00000478887	9606.ENSP00000358983	0	0	0	0	0.107	0.124	0	0.626	0.682
MYC	GADD45A	9606.ENSP00000478887	9606.ENSP00000360025	0	0	0	0	0.082	0	0	0.541	0.560
MYC	JUN	9606.ENSP00000478887	9606.ENSP00000360266	0	0	0	0	0.079	0.626	0	0.922	0.970
MYC	PTEN	9606.ENSP00000478887	9606.ENSP00000361021	0	0	0	0	0.044	0.317	0	0.870	0.908
MYC	NCOA3	9606.ENSP00000478887	9606.ENSP00000361066	0	0	0	0	0.049	0.166	0.400	0.713	0.845
MYC	NOTCH4	9606.ENSP00000478887	9606.ENSP00000364163	0	0	0	0	0	0.067	0	0.418	0.433
MYC	DVL1	9606.ENSP00000478887	9606.ENSP00000368166	0	0	0	0	0.049	0	0	0.585	0.589
MYC	BRCA2	9606.ENSP00000478887	9606.ENSP00000369497	0	0	0	0	0.062	0	0	0.754	0.759
MYC	FGF9	9606.ENSP00000478887	9606.ENSP00000371790	0	0	0	0	0	0	0	0.522	0.522
MYC	AKT2	9606.ENSP00000478887	9606.ENSP00000375892	0	0	0	0	0	0.045	0	0.693	0.694
MYC	GRB2	9606.ENSP00000478887	9606.ENSP00000376345	0	0	0	0	0.090	0.161	0	0.678	0.732
MYC	IGF1	9606.ENSP00000478887	9606.ENSP00000376637	0	0	0	0	0.042	0	0	0.731	0.731
MYC	TNFSF11	9606.ENSP00000478887	9606.ENSP00000381775	0	0	0	0	0.083	0	0	0.396	0.423
MYC	CDKN1A	9606.ENSP00000478887	9606.ENSP00000384849	0	0	0	0	0.105	0.320	0.500	0.945	0.981
MYC	NCOA1	9606.ENSP00000478887	9606.ENSP00000385216	0	0	0	0	0	0	0	0.627	0.627
MYC	FGFR1	9606.ENSP00000478887	9606.ENSP00000393312	0	0	0	0	0	0	0	0.590	0.590
MYC	FGF16	9606.ENSP00000478887	9606.ENSP00000399324	0	0	0	0	0	0	0	0.513	0.513
MYC	SHC1	9606.ENSP00000478887	9606.ENSP00000401303	0	0	0	0	0.067	0	0	0.675	0.683
MYC	RAF1	9606.ENSP00000478887	9606.ENSP00000401888	0	0	0	0	0.055	0.444	0	0.571	0.755
MYC	ESR1	9606.ENSP00000478887	9606.ENSP00000405330	0	0	0	0	0.053	0.620	0.500	0.913	0.982
MYC	HRAS	9606.ENSP00000478887	9606.ENSP00000407586	0	0	0	0	0.059	0.045	0	0.868	0.871
MYC	BRCA1	9606.ENSP00000478887	9606.ENSP00000418960	0	0	0	0	0.049	0.825	0	0.995	0.999
MYC	BRAF	9606.ENSP00000478887	9606.ENSP00000419060	0	0	0	0	0.055	0.045	0	0.716	0.722
MYC	PIK3R1	9606.ENSP00000478887	9606.ENSP00000428056	0	0	0	0	0.057	0.065	0	0.661	0.675
MYC	AKT1	9606.ENSP00000478887	9606.ENSP00000451828	0	0	0	0	0	0.169	0	0.918	0.928
MYC	FGF1	9606.ENSP00000478887	9606.ENSP00000480791	0	0	0	0	0	0	0	0.400	0.400
MYC	AKT3	9606.ENSP00000478887	9606.ENSP00000500582	0	0	0	0	0	0.045	0	0.477	0.479
MYC	IGF1R	9606.ENSP00000478887	9606.ENSP00000497069	0	0	0	0	0.045	0.045	0	0.710	0.712
MYC	TCF7L2	9606.ENSP00000478887	9606.ENSP00000486891	0	0	0	0	0.050	0.292	0.500	0.691	0.882
MYC	NOTCH1	9606.ENSP00000478887	9606.ENSP00000498587	0	0	0	0	0.049	0.067	0.500	0.801	0.899
MYC	CTNNB1	9606.ENSP00000478887	9606.ENSP00000495360	0	0	0	0	0.058	0.567	0.500	0.937	0.985
NCOA1	CCND1	9606.ENSP00000385216	9606.ENSP00000227507	0	0	0	0	0	0.292	0	0.694	0.774
NCOA1	TP53	9606.ENSP00000385216	9606.ENSP00000269305	0	0	0	0	0	0.292	0	0.765	0.826
NCOA1	ERBB2	9606.ENSP00000385216	9606.ENSP00000269571	0	0	0	0	0	0	0	0.567	0.567
NCOA1	EGFR	9606.ENSP00000385216	9606.ENSP00000275493	0	0	0	0	0	0	0	0.493	0.493
NCOA1	KIT	9606.ENSP00000385216	9606.ENSP00000288135	0	0	0	0	0.047	0	0	0.413	0.416
NCOA1	FOS	9606.ENSP00000385216	9606.ENSP00000306245	0	0	0	0	0.049	0.643	0.800	0.340	0.949
NCOA1	PGR	9606.ENSP00000385216	9606.ENSP00000325120	0	0	0	0	0	0.855	0.800	0.923	0.997
NCOA1	SP1	9606.ENSP00000385216	9606.ENSP00000329357	0	0	0	0	0.102	0.068	0.800	0.199	0.848
NCOA1	ESR2	9606.ENSP00000385216	9606.ENSP00000343925	0	0	0	0	0	0.984	0.800	0.946	0.999
NCOA1	JUN	9606.ENSP00000385216	9606.ENSP00000360266	0	0	0	0	0	0.625	0.800	0.574	0.965
NCOA1	NCOA3	9606.ENSP00000385216	9606.ENSP00000361066	0	0	0	0.763	0.100	0.624	0.900	0.863	0.994
NCOA1	IGF1R	9606.ENSP00000385216	9606.ENSP00000497069	0	0	0	0	0.058	0	0	0.488	0.498
NCOA1	MYC	9606.ENSP00000385216	9606.ENSP00000478887	0	0	0	0	0	0	0	0.627	0.627
NCOA1	BRCA1	9606.ENSP00000385216	9606.ENSP00000418960	0	0	0	0	0.044	0.292	0	0.544	0.664
NCOA1	CTNNB1	9606.ENSP00000385216	9606.ENSP00000495360	0	0	0	0	0	0	0	0.698	0.698
NCOA1	ESR1	9606.ENSP00000385216	9606.ENSP00000405330	0	0	0	0	0	0.997	0.800	0.986	0.999
NCOA3	MAPK1	9606.ENSP00000361066	9606.ENSP00000215832	0	0	0	0	0.049	0.510	0	0.228	0.608
NCOA3	RPS6KB1	9606.ENSP00000361066	9606.ENSP00000225577	0	0	0	0	0.163	0	0.900	0.242	0.931
NCOA3	CCND1	9606.ENSP00000361066	9606.ENSP00000227507	0	0	0	0	0.042	0.292	0	0.715	0.790
NCOA3	TP53	9606.ENSP00000361066	9606.ENSP00000269305	0	0	0	0	0.049	0.292	0	0.507	0.639
NCOA3	ERBB2	9606.ENSP00000361066	9606.ENSP00000269571	0	0	0	0	0.049	0	0	0.768	0.769
NCOA3	EGFR	9606.ENSP00000361066	9606.ENSP00000275493	0	0	0	0	0.044	0	0	0.629	0.630
NCOA3	ARAF	9606.ENSP00000361066	9606.ENSP00000290277	0	0	0	0	0.058	0	0	0.590	0.597
NCOA3	MAP2K1	9606.ENSP00000361066	9606.ENSP00000302486	0	0	0	0	0.049	0	0	0.407	0.411
NCOA3	FOS	9606.ENSP00000361066	9606.ENSP00000306245	0	0	0	0	0	0.327	0.900	0.593	0.970
NCOA3	RPS6KB2	9606.ENSP00000361066	9606.ENSP00000308413	0	0	0	0	0	0	0.900	0.168	0.913
NCOA3	GSK3B	9606.ENSP00000361066	9606.ENSP00000324806	0	0	0	0	0.060	0.292	0	0.315	0.504
NCOA3	PGR	9606.ENSP00000361066	9606.ENSP00000325120	0	0	0	0	0	0.680	0.800	0.812	0.986
NCOA3	JAG2	9606.ENSP00000361066	9606.ENSP00000328169	0	0	0	0	0	0.054	0	0.436	0.443
NCOA3	SP1	9606.ENSP00000361066	9606.ENSP00000329357	0	0	0	0	0.133	0.068	0.900	0.254	0.931
NCOA3	ESR2	9606.ENSP00000361066	9606.ENSP00000343925	0	0	0	0	0.049	0.850	0.900	0.816	0.997
NCOA3	E2F1	9606.ENSP00000361066	9606.ENSP00000345571	0	0	0	0	0.047	0.621	0	0.708	0.885
NCOA3	JUN	9606.ENSP00000361066	9606.ENSP00000360266	0	0	0	0	0	0	0.900	0.409	0.938
NCOA3	PTEN	9606.ENSP00000361066	9606.ENSP00000361021	0	0	0	0	0.068	0.292	0	0.399	0.569
NCOA3	NOTCH4	9606.ENSP00000361066	9606.ENSP00000364163	0	0	0	0	0	0.054	0	0.455	0.462
NCOA3	NOTCH1	9606.ENSP00000361066	9606.ENSP00000498587	0	0	0	0	0.053	0.054	0	0.475	0.488
NCOA3	AKT1	9606.ENSP00000361066	9606.ENSP00000451828	0	0	0	0	0.058	0	0	0.485	0.495
NCOA3	BRCA1	9606.ENSP00000361066	9606.ENSP00000418960	0	0	0	0	0.050	0.292	0	0.586	0.697
NCOA3	MYC	9606.ENSP00000361066	9606.ENSP00000478887	0	0	0	0	0.049	0.166	0.400	0.713	0.845
NCOA3	NCOA1	9606.ENSP00000361066	9606.ENSP00000385216	0	0	0	0.763	0.100	0.624	0.900	0.863	0.994
NCOA3	ESR1	9606.ENSP00000361066	9606.ENSP00000405330	0	0	0	0	0.062	0.976	0.900	0.997	0.999
NFKB2	MAPK1	9606.ENSP00000358983	9606.ENSP00000215832	0	0	0	0	0.047	0.072	0	0.553	0.570
NFKB2	CCND1	9606.ENSP00000358983	9606.ENSP00000227507	0	0	0	0	0.060	0	0	0.439	0.450
NFKB2	LEF1	9606.ENSP00000358983	9606.ENSP00000265165	0	0	0	0	0.101	0	0	0.369	0.408
NFKB2	TP53	9606.ENSP00000358983	9606.ENSP00000269305	0	0	0	0	0.076	0.167	0	0.447	0.537
NFKB2	FOS	9606.ENSP00000358983	9606.ENSP00000306245	0	0	0	0	0.045	0.053	0	0.472	0.481
NFKB2	SP1	9606.ENSP00000358983	9606.ENSP00000329357	0	0	0	0	0.049	0.328	0	0.405	0.587
NFKB2	TNFSF11	9606.ENSP00000358983	9606.ENSP00000381775	0	0	0	0	0.105	0	0	0.447	0.483
NFKB2	CDKN1A	9606.ENSP00000358983	9606.ENSP00000384849	0	0	0	0	0.135	0.049	0	0.464	0.520
NFKB2	JUN	9606.ENSP00000358983	9606.ENSP00000360266	0	0	0	0	0.087	0	0	0.500	0.525
NFKB2	NOTCH1	9606.ENSP00000358983	9606.ENSP00000498587	0	0	0	0.549	0.089	0.098	0	0.469	0.525
NFKB2	ESR1	9606.ENSP00000358983	9606.ENSP00000405330	0	0	0	0	0	0.063	0	0.529	0.540
NFKB2	AKT1	9606.ENSP00000358983	9606.ENSP00000451828	0	0	0	0	0.079	0.095	0	0.630	0.665
NFKB2	MYC	9606.ENSP00000358983	9606.ENSP00000478887	0	0	0	0	0.107	0.124	0	0.626	0.682
NOTCH1	DVL2	9606.ENSP00000498587	9606.ENSP00000005340	0	0	0	0	0.060	0.094	0.900	0.289	0.931
NOTCH1	FGF4	9606.ENSP00000498587	9606.ENSP00000168712	0	0	0	0	0.048	0.042	0	0.491	0.495
NOTCH1	FGF20	9606.ENSP00000498587	9606.ENSP00000180166	0	0	0	0	0	0.042	0	0.453	0.454
NOTCH1	DLL3	9606.ENSP00000498587	9606.ENSP00000205143	0	0	0	0.632	0	0	0.900	0.987	0.998
NOTCH1	FGF22	9606.ENSP00000498587	9606.ENSP00000215530	0	0	0	0	0	0.042	0	0.459	0.460
NOTCH1	MAPK1	9606.ENSP00000498587	9606.ENSP00000215832	0	0	0	0	0.087	0.311	0	0.384	0.579
NOTCH1	WNT3	9606.ENSP00000498587	9606.ENSP00000225512	0	0	0	0	0.121	0.079	0	0.362	0.438
NOTCH1	CCND1	9606.ENSP00000498587	9606.ENSP00000227507	0	0	0	0	0.103	0	0.500	0.800	0.902
NOTCH1	FGF6	9606.ENSP00000498587	9606.ENSP00000228837	0	0	0	0	0.055	0.042	0	0.472	0.480
NOTCH1	HES1	9606.ENSP00000498587	9606.ENSP00000232424	0	0	0	0	0.044	0.314	0.500	0.725	0.897
NOTCH1	DLL4	9606.ENSP00000498587	9606.ENSP00000249749	0	0	0	0.665	0.062	0.824	0.900	0.987	0.999
NOTCH1	JAG1	9606.ENSP00000498587	9606.ENSP00000254958	0	0	0	0.710	0.097	0.870	0.900	0.987	0.999
NOTCH1	KRAS	9606.ENSP00000498587	9606.ENSP00000256078	0	0	0	0	0.044	0.553	0	0.683	0.853
NOTCH1	NOTCH2	9606.ENSP00000498587	9606.ENSP00000256646	0	0	0.065	0.950	0.145	0.180	0.900	0.122	0.932
NOTCH1	CDK4	9606.ENSP00000498587	9606.ENSP00000257904	0	0	0	0	0.055	0.092	0	0.531	0.563
NOTCH1	FLT4	9606.ENSP00000498587	9606.ENSP00000261937	0	0	0	0	0.044	0	0	0.430	0.432
NOTCH1	AXIN1	9606.ENSP00000498587	9606.ENSP00000262320	0	0	0	0	0.113	0.065	0	0.636	0.672
NOTCH1	E2F3	9606.ENSP00000498587	9606.ENSP00000262904	0	0	0	0	0.067	0.045	0.500	0.364	0.679
NOTCH1	MAPK3	9606.ENSP00000498587	9606.ENSP00000263025	0	0	0	0	0.124	0.068	0	0.678	0.714
NOTCH1	NOTCH3	9606.ENSP00000498587	9606.ENSP00000263388	0	0	0.068	0.942	0.134	0.313	0.500	0.424	0.811
NOTCH1	PIK3CA	9606.ENSP00000498587	9606.ENSP00000263967	0	0	0	0	0	0.314	0	0.700	0.786
NOTCH1	FGF2	9606.ENSP00000498587	9606.ENSP00000264498	0	0	0	0	0	0.042	0	0.560	0.560
NOTCH1	WNT5A	9606.ENSP00000498587	9606.ENSP00000264634	0	0	0	0	0.055	0.079	0	0.459	0.488
NOTCH1	FGF10	9606.ENSP00000498587	9606.ENSP00000264664	0	0	0	0	0	0.042	0	0.487	0.487
NOTCH1	LEF1	9606.ENSP00000498587	9606.ENSP00000265165	0	0	0	0	0.058	0.294	0.500	0.725	0.896
NOTCH1	WNT2	9606.ENSP00000498587	9606.ENSP00000265441	0	0	0	0	0.055	0.199	0	0.536	0.618
NOTCH1	CDK6	9606.ENSP00000498587	9606.ENSP00000265734	0	0	0	0	0.071	0.092	0	0.539	0.578
NOTCH1	FGF7	9606.ENSP00000498587	9606.ENSP00000267843	0	0	0	0	0	0.042	0	0.477	0.477
NOTCH1	TP53	9606.ENSP00000498587	9606.ENSP00000269305	0	0	0	0	0.049	0.045	0	0.786	0.789
NOTCH1	ERBB2	9606.ENSP00000498587	9606.ENSP00000269571	0	0	0	0	0.049	0.075	0	0.787	0.796
NOTCH1	FGF18	9606.ENSP00000498587	9606.ENSP00000274625	0	0	0	0	0.053	0.042	0	0.456	0.463
NOTCH1	EGFR	9606.ENSP00000498587	9606.ENSP00000275493	0	0	0	0	0.042	0.075	0	0.872	0.877
NOTCH1	WNT3A	9606.ENSP00000498587	9606.ENSP00000284523	0	0	0	0	0.121	0.196	0	0.449	0.577
NOTCH1	KIT	9606.ENSP00000498587	9606.ENSP00000288135	0	0	0	0	0.096	0	0	0.626	0.647
NOTCH1	WNT4	9606.ENSP00000498587	9606.ENSP00000290167	0	0	0	0	0.069	0.079	0	0.357	0.401
NOTCH1	WNT1	9606.ENSP00000498587	9606.ENSP00000293549	0	0	0	0	0.055	0.079	0	0.473	0.502
NOTCH1	MAP2K1	9606.ENSP00000498587	9606.ENSP00000302486	0	0	0	0	0.044	0.051	0	0.502	0.509
NOTCH1	AXIN2	9606.ENSP00000498587	9606.ENSP00000302625	0	0	0	0	0.055	0.065	0	0.429	0.451
NOTCH1	FOS	9606.ENSP00000498587	9606.ENSP00000306245	0	0	0	0	0.042	0.094	0	0.610	0.632
NOTCH1	FGF5	9606.ENSP00000498587	9606.ENSP00000311697	0	0	0	0	0	0.042	0	0.462	0.463
NOTCH1	DVL3	9606.ENSP00000498587	9606.ENSP00000316054	0	0	0	0	0.059	0.094	0.900	0.238	0.926
NOTCH1	FGF8	9606.ENSP00000498587	9606.ENSP00000321797	0	0	0	0	0	0.042	0	0.467	0.468
NOTCH1	GSK3B	9606.ENSP00000498587	9606.ENSP00000324806	0	0	0	0	0.049	0.334	0	0.722	0.809
NOTCH1	JAG2	9606.ENSP00000498587	9606.ENSP00000328169	0	0	0	0.697	0.093	0.565	0.900	0.987	0.999
NOTCH1	FGF3	9606.ENSP00000498587	9606.ENSP00000334122	0	0	0	0	0	0.042	0	0.494	0.494
NOTCH1	HEY1	9606.ENSP00000498587	9606.ENSP00000338272	0	0	0	0	0.056	0.450	0.500	0.881	0.965
NOTCH1	TCF7	9606.ENSP00000498587	9606.ENSP00000340347	0	0	0	0	0.096	0.045	0	0.549	0.577
NOTCH1	E2F1	9606.ENSP00000498587	9606.ENSP00000345571	0	0	0	0	0.060	0.045	0.500	0.437	0.713
NOTCH1	FGF17	9606.ENSP00000498587	9606.ENSP00000352414	0	0	0	0	0	0.042	0	0.453	0.453
NOTCH1	MTOR	9606.ENSP00000498587	9606.ENSP00000354558	0	0	0	0	0.049	0.074	0	0.566	0.585
NOTCH1	DLL1	9606.ENSP00000498587	9606.ENSP00000355718	0	0	0	0.676	0.099	0.615	0.900	0.987	0.999
NOTCH1	HEY2	9606.ENSP00000498587	9606.ENSP00000357348	0	0	0	0	0.048	0.249	0.500	0.865	0.945
NOTCH1	NRAS	9606.ENSP00000498587	9606.ENSP00000358548	0	0	0	0	0.042	0.370	0	0.642	0.765
NOTCH1	WNT2B	9606.ENSP00000498587	9606.ENSP00000358698	0	0	0	0	0.055	0.079	0	0.420	0.451
NOTCH1	NFKB2	9606.ENSP00000498587	9606.ENSP00000358983	0	0	0	0.549	0.089	0.098	0	0.469	0.525
NOTCH1	JUN	9606.ENSP00000498587	9606.ENSP00000360266	0	0	0	0	0.078	0.093	0	0.563	0.603
NOTCH1	PTEN	9606.ENSP00000498587	9606.ENSP00000361021	0	0	0	0	0.062	0.099	0	0.736	0.758
NOTCH1	NCOA3	9606.ENSP00000498587	9606.ENSP00000361066	0	0	0	0	0.053	0.054	0	0.475	0.488
NOTCH1	HEYL	9606.ENSP00000498587	9606.ENSP00000361943	0	0	0	0	0.056	0.071	0.500	0.610	0.806
NOTCH1	NOTCH4	9606.ENSP00000498587	9606.ENSP00000364163	0	0	0.078	0.878	0.049	0	0.500	0.690	0.846
NOTCH1	HES5	9606.ENSP00000498587	9606.ENSP00000367714	0	0	0	0	0.062	0	0.500	0.872	0.934
NOTCH1	DVL1	9606.ENSP00000498587	9606.ENSP00000368166	0	0	0	0	0.083	0.094	0.900	0.313	0.935
NOTCH1	BRCA2	9606.ENSP00000498587	9606.ENSP00000369497	0	0	0	0	0.049	0	0	0.566	0.569
NOTCH1	FGF9	9606.ENSP00000498587	9606.ENSP00000371790	0	0	0	0	0	0.042	0	0.436	0.437
NOTCH1	AKT2	9606.ENSP00000498587	9606.ENSP00000375892	0	0	0	0	0.093	0.098	0	0.388	0.456
NOTCH1	IGF1	9606.ENSP00000498587	9606.ENSP00000376637	0	0	0	0	0	0	0	0.480	0.480
NOTCH1	CDKN1A	9606.ENSP00000498587	9606.ENSP00000384849	0	0	0	0	0.044	0.045	0	0.678	0.680
NOTCH1	FGFR1	9606.ENSP00000498587	9606.ENSP00000393312	0	0	0	0	0	0.045	0	0.736	0.737
NOTCH1	FGF16	9606.ENSP00000498587	9606.ENSP00000399324	0	0	0	0	0	0.042	0	0.427	0.427
NOTCH1	ESR1	9606.ENSP00000498587	9606.ENSP00000405330	0	0	0	0	0	0.050	0	0.638	0.642
NOTCH1	HRAS	9606.ENSP00000498587	9606.ENSP00000407586	0	0	0	0	0	0.522	0	0.626	0.814
NOTCH1	BRCA1	9606.ENSP00000498587	9606.ENSP00000418960	0	0	0	0	0.042	0	0	0.698	0.698
NOTCH1	BRAF	9606.ENSP00000498587	9606.ENSP00000419060	0	0	0	0	0.101	0.098	0	0.624	0.668
NOTCH1	PIK3R1	9606.ENSP00000498587	9606.ENSP00000428056	0	0	0	0	0.049	0.097	0	0.608	0.633
NOTCH1	AKT1	9606.ENSP00000498587	9606.ENSP00000451828	0	0	0	0	0.139	0.505	0	0.757	0.887
NOTCH1	MYC	9606.ENSP00000498587	9606.ENSP00000478887	0	0	0	0	0.049	0.067	0.500	0.801	0.899
NOTCH1	CTNNB1	9606.ENSP00000498587	9606.ENSP00000495360	0	0	0	0	0.083	0.328	0.500	0.931	0.976
NOTCH1	IGF1R	9606.ENSP00000498587	9606.ENSP00000497069	0	0	0	0	0.042	0.098	0	0.665	0.685
NOTCH1	AKT3	9606.ENSP00000498587	9606.ENSP00000500582	0	0	0	0	0.092	0.098	0	0.496	0.551
NOTCH2	DVL2	9606.ENSP00000256646	9606.ENSP00000005340	0	0	0	0	0	0.114	0.900	0.235	0.926
NOTCH2	DLL3	9606.ENSP00000256646	9606.ENSP00000205143	0	0	0	0.648	0	0	0.900	0.988	0.998
NOTCH2	CCND1	9606.ENSP00000256646	9606.ENSP00000227507	0	0	0	0	0.110	0	0	0.519	0.554
NOTCH2	HES1	9606.ENSP00000256646	9606.ENSP00000232424	0	0	0	0	0	0.072	0.500	0.628	0.812
NOTCH2	FGF23	9606.ENSP00000256646	9606.ENSP00000237837	0	0	0	0	0.067	0.042	0	0.426	0.442
NOTCH2	DLL4	9606.ENSP00000256646	9606.ENSP00000249749	0	0	0	0.667	0	0	0.900	0.990	0.999
NOTCH2	JAG1	9606.ENSP00000256646	9606.ENSP00000254958	0	0	0	0.703	0.092	0.644	0.900	0.990	0.999
NOTCH2	KRAS	9606.ENSP00000256646	9606.ENSP00000256078	0	0	0	0	0	0.195	0	0.478	0.562
NOTCH2	CDK4	9606.ENSP00000256646	9606.ENSP00000257904	0	0	0	0	0.055	0.092	0	0.365	0.408
NOTCH2	WNT1	9606.ENSP00000256646	9606.ENSP00000293549	0	0	0	0	0	0.094	0	0.385	0.419
NOTCH2	FGFR1	9606.ENSP00000256646	9606.ENSP00000393312	0	0	0	0	0.055	0.045	0	0.415	0.426
NOTCH2	WNT4	9606.ENSP00000256646	9606.ENSP00000290167	0	0	0	0	0	0.094	0	0.406	0.439
NOTCH2	WNT5A	9606.ENSP00000256646	9606.ENSP00000264634	0	0	0	0	0.062	0.127	0	0.385	0.453
NOTCH2	CDK6	9606.ENSP00000256646	9606.ENSP00000265734	0	0	0	0	0.075	0.092	0	0.405	0.457
NOTCH2	KIT	9606.ENSP00000256646	9606.ENSP00000288135	0	0	0	0	0.099	0	0	0.435	0.469
NOTCH2	TCF7L2	9606.ENSP00000256646	9606.ENSP00000486891	0	0	0	0	0.055	0.051	0	0.464	0.478
NOTCH2	IGF1	9606.ENSP00000256646	9606.ENSP00000376637	0	0	0	0	0.044	0	0	0.479	0.480
NOTCH2	BRAF	9606.ENSP00000256646	9606.ENSP00000419060	0	0	0	0	0.074	0.098	0	0.437	0.489
NOTCH2	PIK3CA	9606.ENSP00000256646	9606.ENSP00000263967	0	0	0	0	0.049	0.072	0	0.477	0.498
NOTCH2	ERBB2	9606.ENSP00000256646	9606.ENSP00000269571	0	0	0	0	0.062	0.097	0	0.462	0.505
NOTCH2	NRAS	9606.ENSP00000256646	9606.ENSP00000358548	0	0	0	0	0.049	0.252	0	0.377	0.518
NOTCH2	WNT7B	9606.ENSP00000256646	9606.ENSP00000341032	0	0	0	0	0	0.094	0	0.508	0.536
NOTCH2	PTEN	9606.ENSP00000256646	9606.ENSP00000361021	0	0	0	0	0.055	0.072	0	0.519	0.542
NOTCH2	MYC	9606.ENSP00000256646	9606.ENSP00000478887	0	0	0	0	0.055	0.067	0	0.542	0.560
NOTCH2	AKT1	9606.ENSP00000256646	9606.ENSP00000451828	0	0	0	0	0.125	0.098	0	0.521	0.589
NOTCH2	ESR1	9606.ENSP00000256646	9606.ENSP00000405330	0	0	0	0	0	0.050	0	0.591	0.594
NOTCH2	CDKN1A	9606.ENSP00000256646	9606.ENSP00000384849	0	0	0	0	0.073	0.045	0	0.581	0.597
NOTCH2	TP53	9606.ENSP00000256646	9606.ENSP00000269305	0	0	0	0	0.049	0.045	0	0.602	0.607
NOTCH2	HEYL	9606.ENSP00000256646	9606.ENSP00000361943	0	0	0	0	0	0.071	0	0.608	0.620
NOTCH2	IGF1R	9606.ENSP00000256646	9606.ENSP00000497069	0	0	0	0	0.060	0.098	0	0.594	0.626
NOTCH2	CTNNB1	9606.ENSP00000256646	9606.ENSP00000495360	0	0	0	0	0.105	0.098	0	0.598	0.647
NOTCH2	EGFR	9606.ENSP00000256646	9606.ENSP00000275493	0	0	0	0	0.080	0.142	0	0.701	0.744
NOTCH2	NOTCH3	9606.ENSP00000256646	9606.ENSP00000263388	0	0	0.068	0.943	0	0.206	0.500	0.468	0.777
NOTCH2	HEY1	9606.ENSP00000256646	9606.ENSP00000338272	0	0	0	0	0	0.071	0	0.781	0.788
NOTCH2	HEY2	9606.ENSP00000256646	9606.ENSP00000357348	0	0	0	0	0	0.071	0	0.796	0.803
NOTCH2	NOTCH4	9606.ENSP00000256646	9606.ENSP00000364163	0	0	0.083	0.874	0	0.126	0.500	0.611	0.823
NOTCH2	GSK3B	9606.ENSP00000256646	9606.ENSP00000324806	0	0	0	0	0.060	0.334	0	0.765	0.840
NOTCH2	HES5	9606.ENSP00000256646	9606.ENSP00000367714	0	0	0	0	0	0	0.500	0.793	0.892
NOTCH2	DVL3	9606.ENSP00000256646	9606.ENSP00000316054	0	0	0	0	0.047	0.114	0.900	0.181	0.921
NOTCH2	DVL1	9606.ENSP00000256646	9606.ENSP00000368166	0	0	0	0	0	0.114	0.900	0.283	0.930
NOTCH2	NOTCH1	9606.ENSP00000256646	9606.ENSP00000498587	0	0	0.065	0.950	0.145	0.180	0.900	0.122	0.932
NOTCH2	JAG2	9606.ENSP00000256646	9606.ENSP00000328169	0	0	0	0.698	0.062	0.360	0.900	0.990	0.999
NOTCH2	DLL1	9606.ENSP00000256646	9606.ENSP00000355718	0	0	0	0.670	0	0.625	0.900	0.990	0.999
NOTCH3	DVL2	9606.ENSP00000263388	9606.ENSP00000005340	0	0	0	0	0.045	0.114	0.900	0.272	0.930
NOTCH3	DLL3	9606.ENSP00000263388	9606.ENSP00000205143	0	0	0	0.633	0	0	0.900	0.981	0.998
NOTCH3	CCND1	9606.ENSP00000263388	9606.ENSP00000227507	0	0	0	0	0.128	0	0	0.489	0.536
NOTCH3	HES1	9606.ENSP00000263388	9606.ENSP00000232424	0	0	0	0	0.080	0.072	0.500	0.599	0.806
NOTCH3	FGF23	9606.ENSP00000263388	9606.ENSP00000237837	0	0	0	0	0.098	0.042	0	0.395	0.432
NOTCH3	DLL4	9606.ENSP00000263388	9606.ENSP00000249749	0	0	0	0.654	0.050	0	0.900	0.986	0.998
NOTCH3	JAG1	9606.ENSP00000263388	9606.ENSP00000254958	0	0	0	0.696	0.105	0.525	0.900	0.987	0.999
NOTCH3	KRAS	9606.ENSP00000263388	9606.ENSP00000256078	0	0	0	0	0.059	0.078	0	0.419	0.451
NOTCH3	NOTCH2	9606.ENSP00000263388	9606.ENSP00000256646	0	0	0.068	0.943	0	0.206	0.500	0.468	0.777
NOTCH3	CDKN1A	9606.ENSP00000263388	9606.ENSP00000384849	0	0	0	0	0.061	0.045	0	0.384	0.400
NOTCH3	WNT5A	9606.ENSP00000263388	9606.ENSP00000264634	0	0	0	0	0.083	0.094	0	0.340	0.404
NOTCH3	FGF2	9606.ENSP00000263388	9606.ENSP00000264498	0	0	0	0	0.079	0.042	0	0.380	0.406
NOTCH3	WNT2	9606.ENSP00000263388	9606.ENSP00000265441	0	0	0	0	0.044	0.094	0	0.375	0.412
NOTCH3	IGF1R	9606.ENSP00000263388	9606.ENSP00000497069	0	0	0	0	0.067	0.098	0	0.362	0.417
NOTCH3	ESR1	9606.ENSP00000263388	9606.ENSP00000405330	0	0	0	0	0.048	0.050	0	0.416	0.425
NOTCH3	PIK3CA	9606.ENSP00000263388	9606.ENSP00000263967	0	0	0	0	0	0.072	0	0.436	0.454
NOTCH3	FOS	9606.ENSP00000263388	9606.ENSP00000306245	0	0	0	0	0.063	0.094	0	0.465	0.507
NOTCH3	PTEN	9606.ENSP00000263388	9606.ENSP00000361021	0	0	0	0	0.055	0.072	0	0.492	0.516
NOTCH3	GSK3B	9606.ENSP00000263388	9606.ENSP00000324806	0	0	0	0	0	0.334	0	0.307	0.518
NOTCH3	JUN	9606.ENSP00000263388	9606.ENSP00000360266	0	0	0	0	0.062	0.093	0	0.484	0.523
NOTCH3	ERBB2	9606.ENSP00000263388	9606.ENSP00000269571	0	0	0	0	0.110	0.097	0	0.472	0.539
NOTCH3	WNT4	9606.ENSP00000263388	9606.ENSP00000290167	0	0	0	0	0.054	0.094	0	0.532	0.563
NOTCH3	AKT1	9606.ENSP00000263388	9606.ENSP00000451828	0	0	0	0	0.089	0.098	0	0.518	0.570
NOTCH3	WNT1	9606.ENSP00000263388	9606.ENSP00000293549	0	0	0	0	0	0.094	0	0.561	0.585
NOTCH3	CTNNB1	9606.ENSP00000263388	9606.ENSP00000495360	0	0	0	0	0.081	0.098	0	0.559	0.603
NOTCH3	FGFR1	9606.ENSP00000263388	9606.ENSP00000393312	0	0	0	0	0.098	0.045	0	0.601	0.626
NOTCH3	MYC	9606.ENSP00000263388	9606.ENSP00000478887	0	0	0	0	0.055	0.311	0	0.507	0.651
NOTCH3	TP53	9606.ENSP00000263388	9606.ENSP00000269305	0	0	0	0	0	0.045	0	0.709	0.710
NOTCH3	EGF	9606.ENSP00000263388	9606.ENSP00000265171	0	0	0	0.548	0.055	0	0.500	0.568	0.778
NOTCH3	EGFR	9606.ENSP00000263388	9606.ENSP00000275493	0	0	0	0	0.107	0.097	0.500	0.530	0.785
NOTCH3	NOTCH1	9606.ENSP00000263388	9606.ENSP00000498587	0	0	0.068	0.942	0.134	0.313	0.500	0.424	0.811
NOTCH3	NOTCH4	9606.ENSP00000263388	9606.ENSP00000364163	0	0	0.089	0.864	0.076	0.109	0.500	0.613	0.828
NOTCH3	HEYL	9606.ENSP00000263388	9606.ENSP00000361943	0	0	0	0	0.140	0.071	0.500	0.637	0.835
NOTCH3	HEY2	9606.ENSP00000263388	9606.ENSP00000357348	0	0	0	0	0.065	0.071	0.500	0.704	0.854
NOTCH3	HEY1	9606.ENSP00000263388	9606.ENSP00000338272	0	0	0	0	0.056	0.071	0.500	0.784	0.892
NOTCH3	DVL3	9606.ENSP00000263388	9606.ENSP00000316054	0	0	0	0	0.072	0.114	0.900	0.233	0.928
NOTCH3	DVL1	9606.ENSP00000263388	9606.ENSP00000368166	0	0	0	0	0	0.114	0.900	0.274	0.930
NOTCH3	HES5	9606.ENSP00000263388	9606.ENSP00000367714	0	0	0	0	0.049	0	0.500	0.865	0.930
NOTCH3	DLL1	9606.ENSP00000263388	9606.ENSP00000355718	0	0	0	0.663	0.063	0.292	0.900	0.987	0.999
NOTCH3	JAG2	9606.ENSP00000263388	9606.ENSP00000328169	0	0	0	0.689	0.146	0.368	0.900	0.987	0.999
NOTCH4	DVL2	9606.ENSP00000364163	9606.ENSP00000005340	0	0	0	0	0	0.094	0.900	0.134	0.914
NOTCH4	DLL3	9606.ENSP00000364163	9606.ENSP00000205143	0	0	0	0.630	0.042	0	0.900	0.988	0.998
NOTCH4	CCND1	9606.ENSP00000364163	9606.ENSP00000227507	0	0	0	0	0.042	0	0	0.417	0.418
NOTCH4	HES1	9606.ENSP00000364163	9606.ENSP00000232424	0	0	0	0	0.048	0.071	0.500	0.500	0.749
NOTCH4	DLL4	9606.ENSP00000364163	9606.ENSP00000249749	0	0	0	0.645	0.181	0.087	0.900	0.988	0.998
NOTCH4	JAG1	9606.ENSP00000364163	9606.ENSP00000254958	0	0	0	0.678	0.047	0.087	0.900	0.990	0.999
NOTCH4	NOTCH2	9606.ENSP00000364163	9606.ENSP00000256646	0	0	0.083	0.874	0	0.126	0.500	0.611	0.823
NOTCH4	FLT4	9606.ENSP00000364163	9606.ENSP00000261937	0	0	0	0	0.107	0	0.500	0.379	0.698
NOTCH4	NOTCH3	9606.ENSP00000364163	9606.ENSP00000263388	0	0	0.089	0.864	0.076	0.109	0.500	0.613	0.828
NOTCH4	TP53	9606.ENSP00000364163	9606.ENSP00000269305	0	0	0	0	0	0.294	0	0.420	0.573
NOTCH4	ERBB2	9606.ENSP00000364163	9606.ENSP00000269571	0	0	0	0	0.044	0.075	0	0.428	0.450
NOTCH4	EGFR	9606.ENSP00000364163	9606.ENSP00000275493	0	0	0	0	0	0.075	0	0.399	0.421
NOTCH4	DVL3	9606.ENSP00000364163	9606.ENSP00000316054	0	0	0	0	0	0.094	0.900	0.119	0.913
NOTCH4	PGR	9606.ENSP00000364163	9606.ENSP00000325120	0	0	0	0	0	0.050	0	0.533	0.537
NOTCH4	JAG2	9606.ENSP00000364163	9606.ENSP00000328169	0	0	0	0.659	0.056	0.087	0.900	0.990	0.999
NOTCH4	HEY1	9606.ENSP00000364163	9606.ENSP00000338272	0	0	0	0	0.120	0.071	0.400	0.841	0.911
NOTCH4	DLL1	9606.ENSP00000364163	9606.ENSP00000355718	0	0	0	0.644	0.115	0.087	0.900	0.987	0.998
NOTCH4	HEY2	9606.ENSP00000364163	9606.ENSP00000357348	0	0	0	0	0.098	0.071	0.400	0.818	0.896
NOTCH4	JUN	9606.ENSP00000364163	9606.ENSP00000360266	0	0	0	0	0.063	0.093	0	0.503	0.541
NOTCH4	NCOA3	9606.ENSP00000364163	9606.ENSP00000361066	0	0	0	0	0	0.054	0	0.455	0.462
NOTCH4	HEYL	9606.ENSP00000364163	9606.ENSP00000361943	0	0	0	0	0.161	0.071	0	0.573	0.638
NOTCH4	ESR1	9606.ENSP00000364163	9606.ENSP00000405330	0	0	0	0	0	0.050	0	0.397	0.402
NOTCH4	MYC	9606.ENSP00000364163	9606.ENSP00000478887	0	0	0	0	0	0.067	0	0.418	0.433
NOTCH4	CTNNB1	9606.ENSP00000364163	9606.ENSP00000495360	0	0	0	0	0	0.091	0	0.448	0.477
NOTCH4	HES5	9606.ENSP00000364163	9606.ENSP00000367714	0	0	0	0	0.042	0	0.500	0.610	0.797
NOTCH4	NOTCH1	9606.ENSP00000364163	9606.ENSP00000498587	0	0	0.078	0.878	0.049	0	0.500	0.690	0.846
NOTCH4	AKT1	9606.ENSP00000364163	9606.ENSP00000451828	0	0	0	0	0	0.098	0.750	0.419	0.857
NOTCH4	DVL1	9606.ENSP00000364163	9606.ENSP00000368166	0	0	0	0	0	0.094	0.900	0.179	0.919
NRAS	FGF4	9606.ENSP00000358548	9606.ENSP00000168712	0	0	0	0	0.086	0.045	0.500	0.280	0.644
NRAS	FGF20	9606.ENSP00000358548	9606.ENSP00000180166	0	0	0	0	0.055	0.045	0.500	0.250	0.616
NRAS	FGF22	9606.ENSP00000358548	9606.ENSP00000215530	0	0	0	0	0.055	0.045	0.500	0.241	0.612
NRAS	MAPK1	9606.ENSP00000358548	9606.ENSP00000215832	0	0	0	0	0.109	0.098	0.900	0.551	0.959
NRAS	SOS2	9606.ENSP00000358548	9606.ENSP00000216373	0	0	0	0	0.072	0.157	0.900	0.619	0.966
NRAS	PIK3R2	9606.ENSP00000358548	9606.ENSP00000222254	0	0	0	0	0.042	0.065	0.900	0.345	0.933
NRAS	RPS6KB1	9606.ENSP00000358548	9606.ENSP00000225577	0	0	0	0	0.103	0.135	0	0.427	0.517
NRAS	CCND1	9606.ENSP00000358548	9606.ENSP00000227507	0	0	0	0	0.058	0.071	0	0.780	0.791
NRAS	FGF6	9606.ENSP00000358548	9606.ENSP00000228837	0	0	0	0	0.059	0.045	0.500	0.240	0.612
NRAS	FGF23	9606.ENSP00000358548	9606.ENSP00000237837	0	0	0	0	0.067	0.045	0.500	0.155	0.573
NRAS	KRAS	9606.ENSP00000358548	9606.ENSP00000256078	0	0	0.050	0.981	0.095	0.422	0.900	0.059	0.944
NRAS	NOTCH2	9606.ENSP00000358548	9606.ENSP00000256646	0	0	0	0	0.049	0.252	0	0.377	0.518
NRAS	CDK4	9606.ENSP00000358548	9606.ENSP00000257904	0	0	0	0	0.119	0.191	0	0.771	0.822
NRAS	PIK3R3	9606.ENSP00000358548	9606.ENSP00000262741	0	0	0	0	0.049	0.065	0.900	0.242	0.923
NRAS	MAP2K2	9606.ENSP00000358548	9606.ENSP00000262948	0	0	0	0	0.050	0.163	0.900	0.654	0.968
NRAS	MAPK3	9606.ENSP00000358548	9606.ENSP00000263025	0	0	0	0	0.063	0.275	0.900	0.620	0.970
NRAS	PIK3CA	9606.ENSP00000358548	9606.ENSP00000263967	0	0	0	0	0.125	0.483	0.900	0.921	0.995
NRAS	FGF2	9606.ENSP00000358548	9606.ENSP00000264498	0	0	0	0	0.055	0.045	0.500	0.338	0.661
NRAS	SHC2	9606.ENSP00000358548	9606.ENSP00000264554	0	0	0	0	0.051	0	0.500	0.142	0.557
NRAS	FGF10	9606.ENSP00000358548	9606.ENSP00000264664	0	0	0	0	0.055	0.045	0.500	0.246	0.614
NRAS	EGF	9606.ENSP00000358548	9606.ENSP00000265171	0	0	0	0	0	0	0.500	0.538	0.759
NRAS	CDK6	9606.ENSP00000358548	9606.ENSP00000265734	0	0	0	0	0.108	0.095	0	0.503	0.564
NRAS	FGF7	9606.ENSP00000358548	9606.ENSP00000267843	0	0	0	0	0.055	0.045	0.500	0.244	0.613
NRAS	TP53	9606.ENSP00000358548	9606.ENSP00000269305	0	0	0	0	0.080	0	0	0.871	0.876
NRAS	ERBB2	9606.ENSP00000358548	9606.ENSP00000269571	0	0	0	0	0.053	0.160	0.500	0.788	0.904
NRAS	FGF18	9606.ENSP00000358548	9606.ENSP00000274625	0	0	0	0	0.046	0.045	0.500	0.315	0.646
NRAS	EGFR	9606.ENSP00000358548	9606.ENSP00000275493	0	0	0	0	0.053	0.249	0.900	0.899	0.991
NRAS	KIT	9606.ENSP00000358548	9606.ENSP00000288135	0	0	0	0	0.055	0.071	0.900	0.812	0.981
NRAS	ARAF	9606.ENSP00000358548	9606.ENSP00000290277	0	0	0	0	0.081	0.568	0.900	0.885	0.994
NRAS	FGF19	9606.ENSP00000358548	9606.ENSP00000294312	0	0	0	0	0.046	0.045	0.500	0.193	0.583
NRAS	MAP2K1	9606.ENSP00000358548	9606.ENSP00000302486	0	0	0	0	0.060	0.163	0.900	0.813	0.983
NRAS	FOS	9606.ENSP00000358548	9606.ENSP00000306245	0	0	0	0	0.056	0.097	0	0.440	0.481
NRAS	FGF5	9606.ENSP00000358548	9606.ENSP00000311697	0	0	0	0	0.046	0.045	0.500	0.246	0.611
NRAS	FGF8	9606.ENSP00000358548	9606.ENSP00000321797	0	0	0	0	0.046	0.045	0.500	0.246	0.610
NRAS	GSK3B	9606.ENSP00000358548	9606.ENSP00000324806	0	0	0	0	0.129	0.110	0	0.355	0.457
NRAS	SHC4	9606.ENSP00000358548	9606.ENSP00000329668	0	0	0	0	0.053	0	0	0.427	0.435
NRAS	FGF3	9606.ENSP00000358548	9606.ENSP00000334122	0	0	0	0	0.046	0.045	0.500	0.296	0.636
NRAS	FGF17	9606.ENSP00000358548	9606.ENSP00000352414	0	0	0	0	0.074	0.045	0.500	0.244	0.621
NRAS	MTOR	9606.ENSP00000358548	9606.ENSP00000354558	0	0	0	0	0.074	0.390	0	0.519	0.705
NRAS	ESR1	9606.ENSP00000358548	9606.ENSP00000405330	0	0	0	0	0	0.073	0	0.448	0.466
NRAS	CDKN1A	9606.ENSP00000358548	9606.ENSP00000384849	0	0	0	0	0.055	0.053	0	0.453	0.468
NRAS	AKT2	9606.ENSP00000358548	9606.ENSP00000375892	0	0	0	0	0.074	0.110	0	0.441	0.499
NRAS	JUN	9606.ENSP00000358548	9606.ENSP00000360266	0	0	0	0	0.067	0.097	0	0.466	0.510
NRAS	BRCA2	9606.ENSP00000358548	9606.ENSP00000369497	0	0	0	0	0.067	0	0	0.508	0.521
NRAS	BRCA1	9606.ENSP00000358548	9606.ENSP00000418960	0	0	0	0	0.081	0	0	0.518	0.538
NRAS	SHC3	9606.ENSP00000358548	9606.ENSP00000364995	0	0	0	0	0.056	0	0.500	0.110	0.543
NRAS	AKT3	9606.ENSP00000358548	9606.ENSP00000500582	0	0	0	0	0.074	0.110	0	0.514	0.564
NRAS	FGF1	9606.ENSP00000358548	9606.ENSP00000480791	0	0	0	0	0.055	0.045	0.500	0.203	0.592
NRAS	FGF16	9606.ENSP00000358548	9606.ENSP00000399324	0	0	0	0	0.055	0.045	0.500	0.250	0.616
NRAS	FGF9	9606.ENSP00000358548	9606.ENSP00000371790	0	0	0	0	0.055	0.045	0.500	0.270	0.627
NRAS	MYC	9606.ENSP00000358548	9606.ENSP00000478887	0	0	0	0	0.076	0.045	0	0.668	0.681
NRAS	SHC1	9606.ENSP00000358548	9606.ENSP00000401303	0	0	0	0	0.074	0	0.500	0.386	0.691
NRAS	CTNNB1	9606.ENSP00000358548	9606.ENSP00000495360	0	0	0	0	0.066	0.145	0	0.676	0.719
NRAS	NOTCH1	9606.ENSP00000358548	9606.ENSP00000498587	0	0	0	0	0.042	0.370	0	0.642	0.765
NRAS	AKT1	9606.ENSP00000358548	9606.ENSP00000451828	0	0	0	0	0.099	0.164	0	0.774	0.815
NRAS	GRB2	9606.ENSP00000358548	9606.ENSP00000376345	0	0	0	0	0.104	0.209	0.500	0.539	0.815
NRAS	PTEN	9606.ENSP00000358548	9606.ENSP00000361021	0	0	0	0	0.065	0.099	0	0.860	0.872
NRAS	HRAS	9606.ENSP00000358548	9606.ENSP00000407586	0	0	0.050	0.981	0	0.330	0.900	0.059	0.932
NRAS	PIK3CB	9606.ENSP00000358548	9606.ENSP00000501150	0	0	0	0	0.074	0.133	0.900	0.422	0.947
NRAS	PIK3CD	9606.ENSP00000358548	9606.ENSP00000366563	0	0	0	0	0.056	0.352	0.900	0.337	0.954
NRAS	PIK3R1	9606.ENSP00000358548	9606.ENSP00000428056	0	0	0	0	0.042	0.143	0.900	0.533	0.956
NRAS	IGF1R	9606.ENSP00000358548	9606.ENSP00000497069	0	0	0	0	0.074	0.110	0.900	0.582	0.960
NRAS	FGFR1	9606.ENSP00000358548	9606.ENSP00000393312	0	0	0	0	0	0.099	0.900	0.661	0.966
NRAS	SOS1	9606.ENSP00000358548	9606.ENSP00000384675	0	0	0	0	0.113	0.377	0.900	0.886	0.992
NRAS	BRAF	9606.ENSP00000358548	9606.ENSP00000419060	0	0	0	0	0.087	0.871	0.900	0.972	0.999
NRAS	RAF1	9606.ENSP00000358548	9606.ENSP00000401888	0	0	0	0	0.081	0.908	0.900	0.899	0.999
PGR	MAPK1	9606.ENSP00000325120	9606.ENSP00000215832	0	0	0	0	0.049	0.292	0	0.538	0.662
PGR	PIK3R2	9606.ENSP00000325120	9606.ENSP00000222254	0	0	0	0	0	0.065	0.900	0.138	0.912
PGR	RPS6KB1	9606.ENSP00000325120	9606.ENSP00000225577	0	0	0	0	0.055	0.053	0	0.406	0.422
PGR	CCND1	9606.ENSP00000325120	9606.ENSP00000227507	0	0	0	0	0.055	0.516	0	0.666	0.834
PGR	GADD45G	9606.ENSP00000325120	9606.ENSP00000252506	0	0	0	0	0	0	0	0.427	0.427
PGR	KRAS	9606.ENSP00000325120	9606.ENSP00000256078	0	0	0	0	0	0.073	0	0.687	0.697
PGR	CDK4	9606.ENSP00000325120	9606.ENSP00000257904	0	0	0	0	0	0.045	0	0.577	0.578
PGR	PIK3R3	9606.ENSP00000325120	9606.ENSP00000262741	0	0	0	0	0	0.065	0.900	0.132	0.911
PGR	MAPK3	9606.ENSP00000325120	9606.ENSP00000263025	0	0	0	0	0.049	0	0	0.685	0.688
PGR	PIK3CA	9606.ENSP00000325120	9606.ENSP00000263967	0	0	0	0	0.060	0	0.900	0.626	0.961
PGR	FGF2	9606.ENSP00000325120	9606.ENSP00000264498	0	0	0	0	0.057	0.054	0	0.391	0.410
PGR	FGF10	9606.ENSP00000325120	9606.ENSP00000264664	0	0	0	0	0.136	0.054	0	0.350	0.422
PGR	EGF	9606.ENSP00000325120	9606.ENSP00000265171	0	0	0	0	0	0	0	0.736	0.736
PGR	RB1	9606.ENSP00000325120	9606.ENSP00000267163	0	0	0	0	0.087	0.053	0	0.768	0.782
PGR	TP53	9606.ENSP00000325120	9606.ENSP00000269305	0	0	0	0	0	0	0	0.849	0.849
PGR	ERBB2	9606.ENSP00000325120	9606.ENSP00000269571	0	0	0	0	0	0.329	0	0.972	0.980
PGR	EGFR	9606.ENSP00000325120	9606.ENSP00000275493	0	0	0	0	0	0.092	0	0.820	0.830
PGR	KIT	9606.ENSP00000325120	9606.ENSP00000288135	0	0	0	0	0.061	0.045	0	0.529	0.541
PGR	WNT4	9606.ENSP00000325120	9606.ENSP00000290167	0	0	0	0	0.069	0	0	0.610	0.622
PGR	MAP2K1	9606.ENSP00000325120	9606.ENSP00000302486	0	0	0	0	0.051	0.057	0	0.462	0.476
PGR	FOS	9606.ENSP00000325120	9606.ENSP00000306245	0	0	0	0	0.042	0.066	0	0.650	0.659
PGR	E2F1	9606.ENSP00000325120	9606.ENSP00000345571	0	0	0	0	0	0	0	0.412	0.412
PGR	TNFSF11	9606.ENSP00000325120	9606.ENSP00000381775	0	0	0	0	0.057	0	0	0.418	0.428
PGR	BRAF	9606.ENSP00000325120	9606.ENSP00000419060	0	0	0	0	0	0.071	0	0.432	0.450
PGR	ESR2	9606.ENSP00000325120	9606.ENSP00000343925	0	0	0	0.683	0.042	0.051	0	0.464	0.471
PGR	MTOR	9606.ENSP00000325120	9606.ENSP00000354558	0	0	0	0	0	0	0	0.488	0.488
PGR	NOTCH4	9606.ENSP00000325120	9606.ENSP00000364163	0	0	0	0	0	0.050	0	0.533	0.537
PGR	CDKN1A	9606.ENSP00000325120	9606.ENSP00000384849	0	0	0	0	0	0.292	0	0.397	0.555
PGR	IGF1	9606.ENSP00000325120	9606.ENSP00000376637	0	0	0	0	0.058	0	0	0.571	0.578
PGR	CTNNB1	9606.ENSP00000325120	9606.ENSP00000495360	0	0	0	0	0.052	0	0	0.591	0.596
PGR	AKT2	9606.ENSP00000325120	9606.ENSP00000375892	0	0	0	0	0.067	0.071	0	0.575	0.600
PGR	FGFR1	9606.ENSP00000325120	9606.ENSP00000393312	0	0	0	0	0	0.045	0	0.614	0.615
PGR	SP1	9606.ENSP00000325120	9606.ENSP00000329357	0	0	0	0	0.042	0.523	0	0.321	0.663
PGR	JUN	9606.ENSP00000325120	9606.ENSP00000360266	0	0	0	0	0	0.057	0	0.658	0.664
PGR	PTEN	9606.ENSP00000325120	9606.ENSP00000361021	0	0	0	0	0	0.046	0	0.665	0.667
PGR	AKT1	9606.ENSP00000325120	9606.ENSP00000451828	0	0	0	0	0.067	0.071	0	0.664	0.683
PGR	MYC	9606.ENSP00000325120	9606.ENSP00000478887	0	0	0	0	0.053	0.294	0	0.594	0.705
PGR	BRCA2	9606.ENSP00000325120	9606.ENSP00000369497	0	0	0	0	0	0	0	0.795	0.795
PGR	IGF1R	9606.ENSP00000325120	9606.ENSP00000497069	0	0	0	0	0.049	0.071	0	0.812	0.820
PGR	PIK3CD	9606.ENSP00000325120	9606.ENSP00000366563	0	0	0	0	0.060	0	0.900	0.136	0.911
PGR	PIK3CB	9606.ENSP00000325120	9606.ENSP00000501150	0	0	0	0	0.060	0	0.900	0.220	0.920
PGR	PIK3R1	9606.ENSP00000325120	9606.ENSP00000428056	0	0	0	0	0	0.065	0.900	0.322	0.931
PGR	BRCA1	9606.ENSP00000325120	9606.ENSP00000418960	0	0	0	0	0	0.512	0	0.928	0.963
PGR	ESR1	9606.ENSP00000325120	9606.ENSP00000405330	0	0	0	0.673	0.240	0.771	0.700	0.560	0.974
PGR	NCOA3	9606.ENSP00000325120	9606.ENSP00000361066	0	0	0	0	0	0.680	0.800	0.812	0.986
PGR	NCOA1	9606.ENSP00000325120	9606.ENSP00000385216	0	0	0	0	0	0.855	0.800	0.923	0.997
PIK3CA	FGF4	9606.ENSP00000263967	9606.ENSP00000168712	0	0	0	0	0	0	0.400	0.370	0.605
PIK3CA	FGF20	9606.ENSP00000263967	9606.ENSP00000180166	0	0	0	0	0	0	0.400	0.292	0.557
PIK3CA	FGF22	9606.ENSP00000263967	9606.ENSP00000215530	0	0	0	0	0	0	0.400	0.284	0.552
PIK3CA	MAPK1	9606.ENSP00000263967	9606.ENSP00000215832	0	0	0	0	0.103	0	0	0.809	0.822
PIK3CA	SOS2	9606.ENSP00000263967	9606.ENSP00000216373	0	0	0	0	0.791	0	0	0.356	0.860
PIK3CA	PIK3R2	9606.ENSP00000263967	9606.ENSP00000222254	0	0	0	0	0	0.881	0.922	0.996	0.999
PIK3CA	RPS6KB1	9606.ENSP00000263967	9606.ENSP00000225577	0	0	0	0	0.125	0	0	0.689	0.716
PIK3CA	CCND1	9606.ENSP00000263967	9606.ENSP00000227507	0	0	0	0	0	0	0	0.704	0.704
PIK3CA	FGF6	9606.ENSP00000263967	9606.ENSP00000228837	0	0	0	0	0	0	0.400	0.291	0.556
PIK3CA	FGF23	9606.ENSP00000263967	9606.ENSP00000237837	0	0	0	0	0	0	0.400	0.105	0.440
PIK3CA	KRAS	9606.ENSP00000263967	9606.ENSP00000256078	0	0	0	0	0.143	0.627	0.900	0.951	0.998
PIK3CA	NOTCH2	9606.ENSP00000263967	9606.ENSP00000256646	0	0	0	0	0.049	0.072	0	0.477	0.498
PIK3CA	APC	9606.ENSP00000263967	9606.ENSP00000257430	0	0	0	0	0.082	0.190	0	0.368	0.489
PIK3CA	CDK4	9606.ENSP00000263967	9606.ENSP00000257904	0	0	0	0	0	0	0	0.709	0.709
PIK3CA	FLT4	9606.ENSP00000263967	9606.ENSP00000261937	0	0	0	0	0	0.098	0.650	0.446	0.810
PIK3CA	AXIN1	9606.ENSP00000263967	9606.ENSP00000262320	0	0	0	0	0.060	0	0	0.400	0.411
PIK3CA	PIK3R3	9606.ENSP00000263967	9606.ENSP00000262741	0	0	0	0	0	0.881	0.944	0.994	0.999
PIK3CA	MAP2K2	9606.ENSP00000263967	9606.ENSP00000262948	0	0	0	0	0	0	0	0.484	0.484
PIK3CA	MAPK3	9606.ENSP00000263967	9606.ENSP00000263025	0	0	0	0	0.049	0	0	0.594	0.597
PIK3CA	NOTCH3	9606.ENSP00000263967	9606.ENSP00000263388	0	0	0	0	0	0.072	0	0.436	0.454
PIK3CA	E2F1	9606.ENSP00000263967	9606.ENSP00000345571	0	0	0	0	0	0	0	0.400	0.400
PIK3CA	CDKN1A	9606.ENSP00000263967	9606.ENSP00000384849	0	0	0	0	0	0	0	0.445	0.445
PIK3CA	RB1	9606.ENSP00000263967	9606.ENSP00000267163	0	0	0	0	0.150	0	0	0.411	0.478
PIK3CA	FGF1	9606.ENSP00000263967	9606.ENSP00000480791	0	0	0	0	0	0	0.400	0.192	0.494
PIK3CA	IGF1	9606.ENSP00000263967	9606.ENSP00000376637	0	0	0	0	0.042	0	0	0.512	0.512
PIK3CA	RPS6KB2	9606.ENSP00000263967	9606.ENSP00000308413	0	0	0	0	0.067	0	0	0.525	0.538
PIK3CA	FGF8	9606.ENSP00000263967	9606.ENSP00000321797	0	0	0	0	0	0	0.400	0.276	0.547
PIK3CA	FGF5	9606.ENSP00000263967	9606.ENSP00000311697	0	0	0	0	0	0	0.400	0.286	0.553
PIK3CA	FGF18	9606.ENSP00000263967	9606.ENSP00000274625	0	0	0	0	0	0	0.400	0.290	0.555
PIK3CA	FGF17	9606.ENSP00000263967	9606.ENSP00000352414	0	0	0	0	0	0	0.400	0.289	0.555
PIK3CA	FGF7	9606.ENSP00000263967	9606.ENSP00000267843	0	0	0	0	0.045	0	0.400	0.296	0.561
PIK3CA	FGF16	9606.ENSP00000263967	9606.ENSP00000399324	0	0	0	0	0	0	0.400	0.301	0.563
PIK3CA	FGF9	9606.ENSP00000263967	9606.ENSP00000371790	0	0	0	0	0	0	0.400	0.315	0.571
PIK3CA	FGF10	9606.ENSP00000263967	9606.ENSP00000264664	0	0	0	0	0	0	0.400	0.318	0.573
PIK3CA	ESR2	9606.ENSP00000263967	9606.ENSP00000343925	0	0	0	0	0	0	0.400	0.322	0.575
PIK3CA	CDK6	9606.ENSP00000263967	9606.ENSP00000265734	0	0	0	0	0	0	0	0.596	0.596
PIK3CA	FGF19	9606.ENSP00000263967	9606.ENSP00000294312	0	0	0	0	0	0	0.400	0.398	0.623
PIK3CA	FGF3	9606.ENSP00000263967	9606.ENSP00000334122	0	0	0	0	0	0	0.400	0.400	0.624
PIK3CA	FOS	9606.ENSP00000263967	9606.ENSP00000306245	0	0	0	0	0	0.124	0	0.589	0.625
PIK3CA	GSK3B	9606.ENSP00000263967	9606.ENSP00000324806	0	0	0	0	0.199	0.069	0	0.544	0.630
PIK3CA	SHC1	9606.ENSP00000263967	9606.ENSP00000401303	0	0	0	0	0	0	0.400	0.420	0.637
PIK3CA	JUN	9606.ENSP00000263967	9606.ENSP00000360266	0	0	0	0	0	0	0	0.646	0.646
PIK3CA	ARAF	9606.ENSP00000263967	9606.ENSP00000290277	0	0	0	0	0.059	0.327	0	0.553	0.692
PIK3CA	FGF2	9606.ENSP00000263967	9606.ENSP00000264498	0	0	0	0	0	0	0.400	0.543	0.714
PIK3CA	BRCA1	9606.ENSP00000263967	9606.ENSP00000418960	0	0	0	0	0	0	0	0.728	0.728
PIK3CA	MYC	9606.ENSP00000263967	9606.ENSP00000478887	0	0	0	0	0	0.179	0	0.696	0.740
PIK3CA	EGF	9606.ENSP00000263967	9606.ENSP00000265171	0	0	0	0	0	0	0.400	0.595	0.746
PIK3CA	NOTCH1	9606.ENSP00000263967	9606.ENSP00000498587	0	0	0	0	0	0.314	0	0.700	0.786
PIK3CA	BRCA2	9606.ENSP00000263967	9606.ENSP00000369497	0	0	0	0	0.047	0	0	0.811	0.812
PIK3CA	MAP2K1	9606.ENSP00000263967	9606.ENSP00000302486	0	0	0	0	0.060	0.176	0	0.815	0.844
PIK3CA	CTNNB1	9606.ENSP00000263967	9606.ENSP00000495360	0	0	0	0	0.049	0.130	0	0.890	0.901
PIK3CA	GRB2	9606.ENSP00000263967	9606.ENSP00000376345	0	0	0	0	0	0.676	0.400	0.642	0.924
PIK3CA	SOS1	9606.ENSP00000263967	9606.ENSP00000384675	0	0	0	0	0.629	0	0.500	0.636	0.926
PIK3CA	ESR1	9606.ENSP00000263967	9606.ENSP00000405330	0	0	0	0	0	0.510	0.400	0.817	0.941
PIK3CA	TP53	9606.ENSP00000263967	9606.ENSP00000269305	0	0	0	0	0	0.292	0	0.920	0.941
PIK3CA	BRAF	9606.ENSP00000263967	9606.ENSP00000419060	0	0	0	0	0.128	0.190	0	0.931	0.947
PIK3CA	PGR	9606.ENSP00000263967	9606.ENSP00000325120	0	0	0	0	0.060	0	0.900	0.626	0.961
PIK3CA	MTOR	9606.ENSP00000263967	9606.ENSP00000354558	0	0	0	0.548	0.060	0.166	0.900	0.592	0.963
PIK3CA	RAF1	9606.ENSP00000263967	9606.ENSP00000401888	0	0	0	0	0.066	0.069	0.900	0.719	0.972
PIK3CA	FGFR1	9606.ENSP00000263967	9606.ENSP00000393312	0	0	0	0	0	0.087	0.900	0.777	0.977
PIK3CA	IGF1R	9606.ENSP00000263967	9606.ENSP00000497069	0	0	0	0	0.048	0.098	0.900	0.776	0.978
PIK3CA	AKT3	9606.ENSP00000263967	9606.ENSP00000500582	0	0	0	0	0.075	0.098	0.900	0.838	0.984
PIK3CA	AKT2	9606.ENSP00000263967	9606.ENSP00000375892	0	0	0	0	0.042	0.098	0.900	0.841	0.984
PIK3CA	KIT	9606.ENSP00000263967	9606.ENSP00000288135	0	0	0	0	0.106	0.325	0.900	0.809	0.986
PIK3CA	ERBB2	9606.ENSP00000263967	9606.ENSP00000269571	0	0	0	0	0	0.115	0.900	0.927	0.992
PIK3CA	HRAS	9606.ENSP00000263967	9606.ENSP00000407586	0	0	0	0	0.100	0.758	0.900	0.800	0.995
PIK3CA	PTEN	9606.ENSP00000263967	9606.ENSP00000361021	0	0	0	0	0.112	0.134	0.900	0.949	0.995
PIK3CA	NRAS	9606.ENSP00000263967	9606.ENSP00000358548	0	0	0	0	0.125	0.483	0.900	0.921	0.995
PIK3CA	PIK3CD	9606.ENSP00000263967	9606.ENSP00000366563	0	0	0.060	0.888	0	0	0.900	0.983	0.998
PIK3CA	PIK3CB	9606.ENSP00000263967	9606.ENSP00000501150	0	0	0.060	0.882	0.083	0	0.900	0.984	0.998
PIK3CA	AKT1	9606.ENSP00000263967	9606.ENSP00000451828	0	0	0	0	0.060	0.738	0.900	0.951	0.998
PIK3CA	EGFR	9606.ENSP00000263967	9606.ENSP00000275493	0	0	0	0	0	0.790	0.900	0.976	0.999
PIK3CA	PIK3R1	9606.ENSP00000263967	9606.ENSP00000428056	0	0	0	0	0.156	0.997	0.967	0.998	0.999
PIK3CB	FGF4	9606.ENSP00000501150	9606.ENSP00000168712	0	0	0	0	0	0	0.400	0.151	0.468
PIK3CB	FGF20	9606.ENSP00000501150	9606.ENSP00000180166	0	0	0	0	0	0	0.400	0.144	0.464
PIK3CB	FGF22	9606.ENSP00000501150	9606.ENSP00000215530	0	0	0	0	0	0	0.400	0.133	0.457
PIK3CB	MAPK1	9606.ENSP00000501150	9606.ENSP00000215832	0	0	0	0	0.082	0	0	0.601	0.618
PIK3CB	PIK3R2	9606.ENSP00000501150	9606.ENSP00000222254	0	0	0	0	0	0.916	0.914	0.996	0.999
PIK3CB	RPS6KB1	9606.ENSP00000501150	9606.ENSP00000225577	0	0	0	0	0.065	0	0	0.584	0.595
PIK3CB	FGF6	9606.ENSP00000501150	9606.ENSP00000228837	0	0	0	0	0	0	0.400	0.125	0.452
PIK3CB	FGF23	9606.ENSP00000501150	9606.ENSP00000237837	0	0	0	0	0	0	0.400	0	0.400
PIK3CB	KRAS	9606.ENSP00000501150	9606.ENSP00000256078	0	0	0	0	0.070	0.216	0.900	0.679	0.973
PIK3CB	CDK4	9606.ENSP00000501150	9606.ENSP00000257904	0	0	0	0	0	0	0	0.581	0.581
PIK3CB	FLT4	9606.ENSP00000501150	9606.ENSP00000261937	0	0	0	0	0	0.098	0.650	0.229	0.735
PIK3CB	PIK3R3	9606.ENSP00000501150	9606.ENSP00000262741	0	0	0	0	0	0.857	0.914	0.996	0.999
PIK3CB	MAPK3	9606.ENSP00000501150	9606.ENSP00000263025	0	0	0	0	0.049	0	0	0.637	0.640
PIK3CB	PIK3CA	9606.ENSP00000501150	9606.ENSP00000263967	0	0	0.060	0.882	0.083	0	0.900	0.984	0.998
PIK3CB	FGF2	9606.ENSP00000501150	9606.ENSP00000264498	0	0	0	0	0	0	0.400	0.191	0.494
PIK3CB	FGF10	9606.ENSP00000501150	9606.ENSP00000264664	0	0	0	0	0	0	0.400	0.158	0.473
PIK3CB	EGF	9606.ENSP00000501150	9606.ENSP00000265171	0	0	0	0	0.055	0	0	0.392	0.401
PIK3CB	CDK6	9606.ENSP00000501150	9606.ENSP00000265734	0	0	0	0	0.042	0	0	0.515	0.516
PIK3CB	FGF7	9606.ENSP00000501150	9606.ENSP00000267843	0	0	0	0	0	0	0.400	0.145	0.465
PIK3CB	TP53	9606.ENSP00000501150	9606.ENSP00000269305	0	0	0	0	0	0	0	0.476	0.476
PIK3CB	ERBB2	9606.ENSP00000501150	9606.ENSP00000269571	0	0	0	0	0	0.162	0.900	0.702	0.972
PIK3CB	FGF18	9606.ENSP00000501150	9606.ENSP00000274625	0	0	0	0	0	0	0.400	0.136	0.459
PIK3CB	EGFR	9606.ENSP00000501150	9606.ENSP00000275493	0	0	0	0	0	0.622	0.900	0.842	0.993
PIK3CB	KIT	9606.ENSP00000501150	9606.ENSP00000288135	0	0	0	0	0.108	0.087	0.900	0.580	0.961
PIK3CB	ARAF	9606.ENSP00000501150	9606.ENSP00000290277	0	0	0	0	0.059	0.069	0	0.636	0.654
PIK3CB	FGF19	9606.ENSP00000501150	9606.ENSP00000294312	0	0	0	0	0	0	0.400	0.095	0.433
PIK3CB	MAP2K1	9606.ENSP00000501150	9606.ENSP00000302486	0	0	0	0	0.068	0	0	0.396	0.413
PIK3CB	FOS	9606.ENSP00000501150	9606.ENSP00000306245	0	0	0	0	0	0	0	0.525	0.525
PIK3CB	RPS6KB2	9606.ENSP00000501150	9606.ENSP00000308413	0	0	0	0	0.059	0	0	0.449	0.460
PIK3CB	FGF5	9606.ENSP00000501150	9606.ENSP00000311697	0	0	0	0	0	0	0.400	0.129	0.455
PIK3CB	FGF8	9606.ENSP00000501150	9606.ENSP00000321797	0	0	0	0	0	0	0.400	0.126	0.453
PIK3CB	GSK3B	9606.ENSP00000501150	9606.ENSP00000324806	0	0	0	0	0.060	0.069	0	0.433	0.460
PIK3CB	PGR	9606.ENSP00000501150	9606.ENSP00000325120	0	0	0	0	0.060	0	0.900	0.220	0.920
PIK3CB	FGF3	9606.ENSP00000501150	9606.ENSP00000334122	0	0	0	0	0	0	0.400	0.167	0.478
PIK3CB	FGF17	9606.ENSP00000501150	9606.ENSP00000352414	0	0	0	0	0	0	0.400	0.126	0.453
PIK3CB	MTOR	9606.ENSP00000501150	9606.ENSP00000354558	0	0	0	0.549	0.082	0.166	0.900	0.350	0.943
PIK3CB	NRAS	9606.ENSP00000501150	9606.ENSP00000358548	0	0	0	0	0.074	0.133	0.900	0.422	0.947
PIK3CB	JUN	9606.ENSP00000501150	9606.ENSP00000360266	0	0	0	0	0	0	0	0.508	0.508
PIK3CB	PTEN	9606.ENSP00000501150	9606.ENSP00000361021	0	0	0	0	0.058	0.134	0.900	0.829	0.984
PIK3CB	PIK3CD	9606.ENSP00000501150	9606.ENSP00000366563	0	0	0.060	0.956	0	0	0.900	0.983	0.998
PIK3CB	FGF9	9606.ENSP00000501150	9606.ENSP00000371790	0	0	0	0	0	0	0.400	0.156	0.472
PIK3CB	AKT2	9606.ENSP00000501150	9606.ENSP00000375892	0	0	0	0	0.048	0.276	0.900	0.783	0.983
PIK3CB	GRB2	9606.ENSP00000501150	9606.ENSP00000376345	0	0	0	0	0.064	0.422	0.400	0.389	0.775
PIK3CB	IGF1	9606.ENSP00000501150	9606.ENSP00000376637	0	0	0	0	0	0	0	0.588	0.588
PIK3CB	SOS1	9606.ENSP00000501150	9606.ENSP00000384675	0	0	0	0	0.125	0	0.500	0.384	0.707
PIK3CB	CDKN1A	9606.ENSP00000501150	9606.ENSP00000384849	0	0	0	0	0	0	0	0.432	0.432
PIK3CB	FGFR1	9606.ENSP00000501150	9606.ENSP00000393312	0	0	0	0	0	0.087	0.900	0.334	0.933
PIK3CB	FGF16	9606.ENSP00000501150	9606.ENSP00000399324	0	0	0	0	0	0	0.400	0.151	0.468
PIK3CB	SHC1	9606.ENSP00000501150	9606.ENSP00000401303	0	0	0	0	0	0	0.400	0.410	0.631
PIK3CB	RAF1	9606.ENSP00000501150	9606.ENSP00000401888	0	0	0	0	0.059	0.069	0.900	0.387	0.939
PIK3CB	HRAS	9606.ENSP00000501150	9606.ENSP00000407586	0	0	0	0	0.056	0.133	0.900	0.610	0.963
PIK3CB	BRAF	9606.ENSP00000501150	9606.ENSP00000419060	0	0	0	0	0.078	0.069	0	0.525	0.557
PIK3CB	PIK3R1	9606.ENSP00000501150	9606.ENSP00000428056	0	0	0	0	0.049	0.936	0.914	0.996	0.999
PIK3CB	AKT1	9606.ENSP00000501150	9606.ENSP00000451828	0	0	0	0	0.049	0.334	0.900	0.901	0.992
PIK3CB	FGF1	9606.ENSP00000501150	9606.ENSP00000480791	0	0	0	0	0	0	0.400	0.113	0.445
PIK3CB	IGF1R	9606.ENSP00000501150	9606.ENSP00000497069	0	0	0	0	0.074	0.098	0.900	0.695	0.971
PIK3CB	AKT3	9606.ENSP00000501150	9606.ENSP00000500582	0	0	0	0	0	0.098	0.900	0.636	0.964
PIK3CD	PIK3R2	9606.ENSP00000366563	9606.ENSP00000222254	0	0	0	0	0.042	0.563	0.914	0.996	0.999
PIK3CD	RPS6KB1	9606.ENSP00000366563	9606.ENSP00000225577	0	0	0	0	0.052	0	0	0.552	0.557
PIK3CD	KRAS	9606.ENSP00000366563	9606.ENSP00000256078	0	0	0	0	0.056	0.352	0.900	0.637	0.974
PIK3CD	FLT4	9606.ENSP00000366563	9606.ENSP00000261937	0	0	0	0	0.042	0.098	0.650	0.203	0.726
PIK3CD	PIK3R3	9606.ENSP00000366563	9606.ENSP00000262741	0	0	0	0	0	0.610	0.914	0.996	0.999
PIK3CD	PIK3CA	9606.ENSP00000366563	9606.ENSP00000263967	0	0	0.060	0.888	0	0	0.900	0.983	0.998
PIK3CD	TP53	9606.ENSP00000366563	9606.ENSP00000269305	0	0	0	0	0.042	0	0	0.461	0.462
PIK3CD	ERBB2	9606.ENSP00000366563	9606.ENSP00000269571	0	0	0	0	0	0	0.900	0.440	0.941
PIK3CD	EGFR	9606.ENSP00000366563	9606.ENSP00000275493	0	0	0	0	0.042	0	0.900	0.443	0.942
PIK3CD	KIT	9606.ENSP00000366563	9606.ENSP00000288135	0	0	0	0	0.106	0.087	0.900	0.353	0.940
PIK3CD	FOS	9606.ENSP00000366563	9606.ENSP00000306245	0	0	0	0	0.043	0	0	0.511	0.512
PIK3CD	RPS6KB2	9606.ENSP00000366563	9606.ENSP00000308413	0	0	0	0	0.052	0	0	0.432	0.439
PIK3CD	GSK3B	9606.ENSP00000366563	9606.ENSP00000324806	0	0	0	0	0.042	0.069	0	0.410	0.428
PIK3CD	PGR	9606.ENSP00000366563	9606.ENSP00000325120	0	0	0	0	0.060	0	0.900	0.136	0.911
PIK3CD	MTOR	9606.ENSP00000366563	9606.ENSP00000354558	0	0	0	0.550	0.056	0.166	0.900	0.360	0.942
PIK3CD	NRAS	9606.ENSP00000366563	9606.ENSP00000358548	0	0	0	0	0.056	0.352	0.900	0.337	0.954
PIK3CD	PTEN	9606.ENSP00000366563	9606.ENSP00000361021	0	0	0	0	0.058	0.134	0.900	0.708	0.973
PIK3CD	BRAF	9606.ENSP00000366563	9606.ENSP00000419060	0	0	0	0	0.052	0.069	0	0.409	0.433
PIK3CD	SHC1	9606.ENSP00000366563	9606.ENSP00000401303	0	0	0	0	0.042	0	0.400	0.284	0.552
PIK3CD	GRB2	9606.ENSP00000366563	9606.ENSP00000376345	0	0	0	0	0.067	0	0.400	0.363	0.612
PIK3CD	SOS1	9606.ENSP00000366563	9606.ENSP00000384675	0	0	0	0	0.073	0	0.500	0.270	0.632
PIK3CD	FGFR1	9606.ENSP00000366563	9606.ENSP00000393312	0	0	0	0	0	0.087	0.900	0.235	0.924
PIK3CD	RAF1	9606.ENSP00000366563	9606.ENSP00000401888	0	0	0	0	0.060	0.069	0.900	0.322	0.932
PIK3CD	IGF1R	9606.ENSP00000366563	9606.ENSP00000497069	0	0	0	0	0.044	0.167	0.900	0.447	0.950
PIK3CD	AKT3	9606.ENSP00000366563	9606.ENSP00000500582	0	0	0	0	0	0.098	0.900	0.494	0.950
PIK3CD	AKT2	9606.ENSP00000366563	9606.ENSP00000375892	0	0	0	0	0.042	0.286	0.900	0.520	0.962
PIK3CD	HRAS	9606.ENSP00000366563	9606.ENSP00000407586	0	0	0	0	0.056	0.644	0.900	0.239	0.971
PIK3CD	AKT1	9606.ENSP00000366563	9606.ENSP00000451828	0	0	0	0	0.042	0.098	0.900	0.757	0.976
PIK3CD	PIK3CB	9606.ENSP00000366563	9606.ENSP00000501150	0	0	0.060	0.956	0	0	0.900	0.983	0.998
PIK3CD	PIK3R1	9606.ENSP00000366563	9606.ENSP00000428056	0	0	0	0	0.042	0.987	0.914	0.995	0.999
PIK3R1	FGF4	9606.ENSP00000428056	9606.ENSP00000168712	0	0	0	0	0	0	0.400	0.206	0.503
PIK3R1	FGF20	9606.ENSP00000428056	9606.ENSP00000180166	0	0	0	0	0	0	0.400	0.194	0.495
PIK3R1	FGF22	9606.ENSP00000428056	9606.ENSP00000215530	0	0	0	0	0	0	0.400	0.192	0.494
PIK3R1	MAPK1	9606.ENSP00000428056	9606.ENSP00000215832	0	0	0	0	0.127	0	0	0.626	0.659
PIK3R1	SOS2	9606.ENSP00000428056	9606.ENSP00000216373	0	0	0	0	0.121	0.136	0	0.300	0.421
PIK3R1	PIK3R2	9606.ENSP00000428056	9606.ENSP00000222254	0	0	0.052	0.960	0.044	0.864	0.900	0.959	0.999
PIK3R1	RPS6KB1	9606.ENSP00000428056	9606.ENSP00000225577	0	0	0	0	0.057	0.123	0	0.537	0.584
PIK3R1	CCND1	9606.ENSP00000428056	9606.ENSP00000227507	0	0	0	0	0	0	0	0.474	0.474
PIK3R1	FGF6	9606.ENSP00000428056	9606.ENSP00000228837	0	0	0	0	0	0	0.400	0.197	0.497
PIK3R1	FGF23	9606.ENSP00000428056	9606.ENSP00000237837	0	0	0	0	0	0	0.400	0	0.400
PIK3R1	KRAS	9606.ENSP00000428056	9606.ENSP00000256078	0	0	0	0	0.072	0.102	0.900	0.618	0.963
PIK3R1	CDK4	9606.ENSP00000428056	9606.ENSP00000257904	0	0	0	0	0.042	0	0	0.448	0.448
PIK3R1	FLT4	9606.ENSP00000428056	9606.ENSP00000261937	0	0	0	0	0	0.185	0.650	0.527	0.853
PIK3R1	PIK3R3	9606.ENSP00000428056	9606.ENSP00000262741	0	0	0.050	0.974	0.042	0.807	0.944	0.768	0.997
PIK3R1	MAPK3	9606.ENSP00000428056	9606.ENSP00000263025	0	0	0	0	0.115	0	0	0.445	0.488
PIK3R1	PIK3CA	9606.ENSP00000428056	9606.ENSP00000263967	0	0	0	0	0.156	0.997	0.967	0.998	0.999
PIK3R1	FGF2	9606.ENSP00000428056	9606.ENSP00000264498	0	0	0	0	0	0	0.400	0.250	0.530
PIK3R1	FGF10	9606.ENSP00000428056	9606.ENSP00000264664	0	0	0	0	0.047	0	0.400	0.204	0.505
PIK3R1	LEF1	9606.ENSP00000428056	9606.ENSP00000265165	0	0	0	0	0.047	0	0	0.457	0.460
PIK3R1	EGF	9606.ENSP00000428056	9606.ENSP00000265171	0	0	0	0	0	0.292	0.400	0.809	0.911
PIK3R1	CDK6	9606.ENSP00000428056	9606.ENSP00000265734	0	0	0	0	0.044	0	0	0.434	0.435
PIK3R1	FGF7	9606.ENSP00000428056	9606.ENSP00000267843	0	0	0	0	0.053	0	0.400	0.202	0.506
PIK3R1	TP53	9606.ENSP00000428056	9606.ENSP00000269305	0	0	0	0	0	0	0	0.853	0.853
PIK3R1	ERBB2	9606.ENSP00000428056	9606.ENSP00000269571	0	0	0	0	0	0.840	0.900	0.728	0.995
PIK3R1	FGF18	9606.ENSP00000428056	9606.ENSP00000274625	0	0	0	0	0	0	0.400	0.202	0.500
PIK3R1	EGFR	9606.ENSP00000428056	9606.ENSP00000275493	0	0	0	0	0.042	0.900	0.900	0.901	0.998
PIK3R1	KIT	9606.ENSP00000428056	9606.ENSP00000288135	0	0	0	0	0.056	0.870	0.900	0.668	0.995
PIK3R1	ARAF	9606.ENSP00000428056	9606.ENSP00000290277	0	0	0	0	0.042	0.536	0	0.576	0.795
PIK3R1	FGF19	9606.ENSP00000428056	9606.ENSP00000294312	0	0	0	0	0	0	0.400	0.158	0.473
PIK3R1	MAP2K1	9606.ENSP00000428056	9606.ENSP00000302486	0	0	0	0	0.044	0	0	0.499	0.501
PIK3R1	FOS	9606.ENSP00000428056	9606.ENSP00000306245	0	0	0	0	0.047	0.122	0	0.609	0.644
PIK3R1	FGF5	9606.ENSP00000428056	9606.ENSP00000311697	0	0	0	0	0	0	0.400	0.202	0.500
PIK3R1	FGF8	9606.ENSP00000428056	9606.ENSP00000321797	0	0	0	0	0	0	0.400	0.194	0.495
PIK3R1	GSK3B	9606.ENSP00000428056	9606.ENSP00000324806	0	0	0	0	0.074	0.093	0	0.449	0.497
PIK3R1	PGR	9606.ENSP00000428056	9606.ENSP00000325120	0	0	0	0	0	0.065	0.900	0.322	0.931
PIK3R1	FGF3	9606.ENSP00000428056	9606.ENSP00000334122	0	0	0	0	0	0	0.400	0.230	0.518
PIK3R1	ESR2	9606.ENSP00000428056	9606.ENSP00000343925	0	0	0	0	0	0.065	0.400	0.229	0.530
PIK3R1	FGF17	9606.ENSP00000428056	9606.ENSP00000352414	0	0	0	0	0	0	0.400	0.203	0.501
PIK3R1	MTOR	9606.ENSP00000428056	9606.ENSP00000354558	0	0	0	0	0.044	0	0.900	0.577	0.956
PIK3R1	NRAS	9606.ENSP00000428056	9606.ENSP00000358548	0	0	0	0	0.042	0.143	0.900	0.533	0.956
PIK3R1	JUN	9606.ENSP00000428056	9606.ENSP00000360266	0	0	0	0	0.049	0.127	0	0.574	0.615
PIK3R1	PTEN	9606.ENSP00000428056	9606.ENSP00000361021	0	0	0	0	0.056	0.554	0.900	0.943	0.997
PIK3R1	SHC3	9606.ENSP00000428056	9606.ENSP00000364995	0	0	0	0	0.042	0.323	0	0.172	0.416
PIK3R1	PIK3CD	9606.ENSP00000428056	9606.ENSP00000366563	0	0	0	0	0.042	0.987	0.914	0.995	0.999
PIK3R1	BRCA2	9606.ENSP00000428056	9606.ENSP00000369497	0	0	0	0	0	0	0	0.419	0.418
PIK3R1	FGF9	9606.ENSP00000428056	9606.ENSP00000371790	0	0	0	0	0.049	0	0.400	0.218	0.514
PIK3R1	AKT2	9606.ENSP00000428056	9606.ENSP00000375892	0	0	0	0	0.066	0.093	0.900	0.789	0.979
PIK3R1	GRB2	9606.ENSP00000428056	9606.ENSP00000376345	0	0	0	0	0.042	0.921	0.400	0.975	0.998
PIK3R1	IGF1	9606.ENSP00000428056	9606.ENSP00000376637	0	0	0	0	0.076	0	0	0.507	0.524
PIK3R1	SOS1	9606.ENSP00000428056	9606.ENSP00000384675	0	0	0	0	0.144	0.613	0.500	0.612	0.927
PIK3R1	CDKN1A	9606.ENSP00000428056	9606.ENSP00000384849	0	0	0	0	0	0	0.400	0.321	0.575
PIK3R1	FGFR1	9606.ENSP00000428056	9606.ENSP00000393312	0	0	0	0	0.042	0.813	0.900	0.653	0.992
PIK3R1	FGF16	9606.ENSP00000428056	9606.ENSP00000399324	0	0	0	0	0	0	0.400	0.197	0.497
PIK3R1	SHC1	9606.ENSP00000428056	9606.ENSP00000401303	0	0	0	0	0.049	0.878	0.400	0.636	0.971
PIK3R1	RAF1	9606.ENSP00000428056	9606.ENSP00000401888	0	0	0	0	0.042	0.263	0.900	0.303	0.944
PIK3R1	ESR1	9606.ENSP00000428056	9606.ENSP00000405330	0	0	0	0	0	0.708	0.400	0.971	0.994
PIK3R1	HRAS	9606.ENSP00000428056	9606.ENSP00000407586	0	0	0	0	0	0.688	0.900	0.707	0.990
PIK3R1	BRCA1	9606.ENSP00000428056	9606.ENSP00000418960	0	0	0	0	0	0.362	0	0.649	0.766
PIK3R1	BRAF	9606.ENSP00000428056	9606.ENSP00000419060	0	0	0	0	0.049	0.093	0	0.574	0.600
PIK3R1	FGF1	9606.ENSP00000428056	9606.ENSP00000480791	0	0	0	0	0	0	0.400	0.137	0.460
PIK3R1	NOTCH1	9606.ENSP00000428056	9606.ENSP00000498587	0	0	0	0	0.049	0.097	0	0.608	0.633
PIK3R1	MYC	9606.ENSP00000428056	9606.ENSP00000478887	0	0	0	0	0.057	0.065	0	0.661	0.675
PIK3R1	CTNNB1	9606.ENSP00000428056	9606.ENSP00000495360	0	0	0	0	0.075	0.683	0	0.555	0.858
PIK3R1	AKT3	9606.ENSP00000428056	9606.ENSP00000500582	0	0	0	0	0.071	0.093	0.900	0.768	0.977
PIK3R1	IGF1R	9606.ENSP00000428056	9606.ENSP00000497069	0	0	0	0	0.042	0.803	0.900	0.735	0.994
PIK3R1	AKT1	9606.ENSP00000428056	9606.ENSP00000451828	0	0	0	0	0.058	0.558	0.900	0.913	0.995
PIK3R1	PIK3CB	9606.ENSP00000428056	9606.ENSP00000501150	0	0	0	0	0.049	0.936	0.914	0.996	0.999
PIK3R2	FGF4	9606.ENSP00000222254	9606.ENSP00000168712	0	0	0	0	0	0	0.400	0.175	0.483
PIK3R2	FGF20	9606.ENSP00000222254	9606.ENSP00000180166	0	0	0	0	0	0	0.400	0.161	0.475
PIK3R2	FGF22	9606.ENSP00000222254	9606.ENSP00000215530	0	0	0	0	0	0	0.400	0.161	0.475
PIK3R2	FGF19	9606.ENSP00000222254	9606.ENSP00000294312	0	0	0	0	0	0	0.400	0	0.400
PIK3R2	FGF23	9606.ENSP00000222254	9606.ENSP00000237837	0	0	0	0	0.045	0	0.400	0	0.402
PIK3R2	MAPK3	9606.ENSP00000222254	9606.ENSP00000263025	0	0	0	0	0.173	0	0	0.315	0.409
PIK3R2	FGF1	9606.ENSP00000222254	9606.ENSP00000480791	0	0	0	0	0	0	0.400	0.069	0.417
PIK3R2	JUN	9606.ENSP00000222254	9606.ENSP00000360266	0	0	0	0	0	0	0	0.424	0.424
PIK3R2	ESR2	9606.ENSP00000222254	9606.ENSP00000343925	0	0	0	0	0	0.065	0.400	0.074	0.435
PIK3R2	RPS6KB1	9606.ENSP00000222254	9606.ENSP00000225577	0	0	0	0	0.056	0	0	0.429	0.438
PIK3R2	CCND1	9606.ENSP00000222254	9606.ENSP00000227507	0	0	0	0	0.043	0	0	0.461	0.462
PIK3R2	FGF16	9606.ENSP00000222254	9606.ENSP00000399324	0	0	0	0	0	0	0.400	0.160	0.474
PIK3R2	FGF7	9606.ENSP00000222254	9606.ENSP00000267843	0	0	0	0	0	0	0.400	0.161	0.475
PIK3R2	FGF6	9606.ENSP00000222254	9606.ENSP00000228837	0	0	0	0	0	0	0.400	0.162	0.475
PIK3R2	FGF10	9606.ENSP00000222254	9606.ENSP00000264664	0	0	0	0	0	0	0.400	0.163	0.476
PIK3R2	FGF8	9606.ENSP00000222254	9606.ENSP00000321797	0	0	0	0	0	0	0.400	0.165	0.477
PIK3R2	FGF5	9606.ENSP00000222254	9606.ENSP00000311697	0	0	0	0	0	0	0.400	0.167	0.478
PIK3R2	FGF9	9606.ENSP00000222254	9606.ENSP00000371790	0	0	0	0	0	0	0.400	0.167	0.478
PIK3R2	FGF3	9606.ENSP00000222254	9606.ENSP00000334122	0	0	0	0	0	0	0.400	0.167	0.478
PIK3R2	FGF17	9606.ENSP00000222254	9606.ENSP00000352414	0	0	0	0	0.044	0	0.400	0.166	0.479
PIK3R2	FGF18	9606.ENSP00000222254	9606.ENSP00000274625	0	0	0	0	0	0	0.400	0.177	0.485
PIK3R2	EGF	9606.ENSP00000222254	9606.ENSP00000265171	0	0	0	0	0	0	0	0.579	0.579
PIK3R2	SOS1	9606.ENSP00000222254	9606.ENSP00000384675	0	0	0	0	0	0	0.500	0.258	0.613
PIK3R2	ESR1	9606.ENSP00000222254	9606.ENSP00000405330	0	0	0	0	0	0.309	0.400	0.195	0.637
PIK3R2	FGF2	9606.ENSP00000222254	9606.ENSP00000264498	0	0	0	0	0	0	0.400	0.430	0.643
PIK3R2	SHC1	9606.ENSP00000222254	9606.ENSP00000401303	0	0	0	0	0.054	0.342	0.400	0.364	0.731
PIK3R2	FLT4	9606.ENSP00000222254	9606.ENSP00000261937	0	0	0	0	0.042	0.185	0.650	0.165	0.741
PIK3R2	GRB2	9606.ENSP00000222254	9606.ENSP00000376345	0	0	0	0.627	0.042	0.605	0.400	0.182	0.789
PIK3R2	PGR	9606.ENSP00000222254	9606.ENSP00000325120	0	0	0	0	0	0.065	0.900	0.138	0.912
PIK3R2	RAF1	9606.ENSP00000222254	9606.ENSP00000401888	0	0	0	0	0.082	0.093	0.900	0.206	0.925
PIK3R2	HRAS	9606.ENSP00000222254	9606.ENSP00000407586	0	0	0	0	0.059	0.065	0.900	0.305	0.930
PIK3R2	NRAS	9606.ENSP00000222254	9606.ENSP00000358548	0	0	0	0	0.042	0.065	0.900	0.345	0.933
PIK3R2	MTOR	9606.ENSP00000222254	9606.ENSP00000354558	0	0	0	0	0.060	0	0.900	0.453	0.944
PIK3R2	KRAS	9606.ENSP00000222254	9606.ENSP00000256078	0	0	0	0	0.047	0.147	0.900	0.417	0.946
PIK3R2	FGFR1	9606.ENSP00000222254	9606.ENSP00000393312	0	0	0	0	0	0.373	0.900	0.248	0.948
PIK3R2	AKT2	9606.ENSP00000222254	9606.ENSP00000375892	0	0	0	0	0.074	0.093	0.900	0.615	0.963
PIK3R2	IGF1R	9606.ENSP00000222254	9606.ENSP00000497069	0	0	0	0	0.042	0.397	0.900	0.463	0.964
PIK3R2	AKT3	9606.ENSP00000222254	9606.ENSP00000500582	0	0	0	0	0.067	0.093	0.900	0.657	0.967
PIK3R2	KIT	9606.ENSP00000222254	9606.ENSP00000288135	0	0	0	0	0	0.605	0.900	0.256	0.968
PIK3R2	AKT1	9606.ENSP00000222254	9606.ENSP00000451828	0	0	0	0	0.128	0.093	0.900	0.677	0.971
PIK3R2	ERBB2	9606.ENSP00000222254	9606.ENSP00000269571	0	0	0	0	0.049	0.794	0.900	0.365	0.985
PIK3R2	PTEN	9606.ENSP00000222254	9606.ENSP00000361021	0	0	0	0	0	0.313	0.900	0.806	0.985
PIK3R2	EGFR	9606.ENSP00000222254	9606.ENSP00000275493	0	0	0	0	0.044	0.848	0.900	0.623	0.993
PIK3R2	PIK3R3	9606.ENSP00000222254	9606.ENSP00000262741	0	0	0.049	0.971	0.049	0.835	0.900	0.957	0.999
PIK3R2	PIK3R1	9606.ENSP00000222254	9606.ENSP00000428056	0	0	0.052	0.960	0.044	0.864	0.900	0.959	0.999
PIK3R2	PIK3CB	9606.ENSP00000222254	9606.ENSP00000501150	0	0	0	0	0	0.916	0.914	0.996	0.999
PIK3R2	PIK3CD	9606.ENSP00000222254	9606.ENSP00000366563	0	0	0	0	0.042	0.563	0.914	0.996	0.999
PIK3R2	PIK3CA	9606.ENSP00000222254	9606.ENSP00000263967	0	0	0	0	0	0.881	0.922	0.996	0.999
PIK3R3	PIK3R2	9606.ENSP00000262741	9606.ENSP00000222254	0	0	0.049	0.971	0.049	0.835	0.900	0.957	0.999
PIK3R3	KRAS	9606.ENSP00000262741	9606.ENSP00000256078	0	0	0	0	0	0.065	0.900	0.535	0.952
PIK3R3	FLT4	9606.ENSP00000262741	9606.ENSP00000261937	0	0	0	0	0	0.153	0.650	0.131	0.720
PIK3R3	ESR2	9606.ENSP00000262741	9606.ENSP00000343925	0	0	0	0	0	0.065	0.400	0.075	0.436
PIK3R3	ESR1	9606.ENSP00000262741	9606.ENSP00000405330	0	0	0	0	0	0.065	0.400	0.203	0.513
PIK3R3	TP53	9606.ENSP00000262741	9606.ENSP00000269305	0	0	0	0	0	0.292	0	0.348	0.518
PIK3R3	CTNNB1	9606.ENSP00000262741	9606.ENSP00000495360	0	0	0	0	0	0.050	0	0.534	0.538
PIK3R3	SHC1	9606.ENSP00000262741	9606.ENSP00000401303	0	0	0	0	0	0.084	0.400	0.246	0.549
PIK3R3	GRB2	9606.ENSP00000262741	9606.ENSP00000376345	0	0	0	0.613	0	0.338	0.400	0.202	0.655
PIK3R3	PGR	9606.ENSP00000262741	9606.ENSP00000325120	0	0	0	0	0	0.065	0.900	0.132	0.911
PIK3R3	RAF1	9606.ENSP00000262741	9606.ENSP00000401888	0	0	0	0	0.049	0.093	0.900	0.120	0.913
PIK3R3	HRAS	9606.ENSP00000262741	9606.ENSP00000407586	0	0	0	0	0	0.065	0.900	0.232	0.922
PIK3R3	NRAS	9606.ENSP00000262741	9606.ENSP00000358548	0	0	0	0	0.049	0.065	0.900	0.242	0.923
PIK3R3	FGFR1	9606.ENSP00000262741	9606.ENSP00000393312	0	0	0	0	0	0.127	0.900	0.196	0.923
PIK3R3	KIT	9606.ENSP00000262741	9606.ENSP00000288135	0	0	0	0	0.054	0.228	0.900	0.183	0.932
PIK3R3	MTOR	9606.ENSP00000262741	9606.ENSP00000354558	0	0	0	0	0.049	0	0.900	0.397	0.937
PIK3R3	AKT2	9606.ENSP00000262741	9606.ENSP00000375892	0	0	0	0	0.051	0.093	0.900	0.528	0.953
PIK3R3	PTEN	9606.ENSP00000262741	9606.ENSP00000361021	0	0	0	0	0	0.070	0.900	0.558	0.955
PIK3R3	AKT1	9606.ENSP00000262741	9606.ENSP00000451828	0	0	0	0	0.051	0.093	0.900	0.610	0.962
PIK3R3	AKT3	9606.ENSP00000262741	9606.ENSP00000500582	0	0	0	0	0.051	0.093	0.900	0.733	0.973
PIK3R3	ERBB2	9606.ENSP00000262741	9606.ENSP00000269571	0	0	0	0	0.044	0.440	0.900	0.593	0.975
PIK3R3	IGF1R	9606.ENSP00000262741	9606.ENSP00000497069	0	0	0	0	0	0.719	0.900	0.696	0.990
PIK3R3	EGFR	9606.ENSP00000262741	9606.ENSP00000275493	0	0	0	0	0	0.810	0.900	0.554	0.990
PIK3R3	PIK3R1	9606.ENSP00000262741	9606.ENSP00000428056	0	0	0.050	0.974	0.042	0.807	0.944	0.768	0.997
PIK3R3	PIK3CA	9606.ENSP00000262741	9606.ENSP00000263967	0	0	0	0	0	0.881	0.944	0.994	0.999
PIK3R3	PIK3CD	9606.ENSP00000262741	9606.ENSP00000366563	0	0	0	0	0	0.610	0.914	0.996	0.999
PIK3R3	PIK3CB	9606.ENSP00000262741	9606.ENSP00000501150	0	0	0	0	0	0.857	0.914	0.996	0.999
POLK	BRCA2	9606.ENSP00000241436	9606.ENSP00000369497	0	0	0	0	0.099	0	0.400	0.175	0.515
POLK	BRCA1	9606.ENSP00000241436	9606.ENSP00000418960	0	0	0	0	0.079	0	0.400	0.250	0.549
POLK	TP53	9606.ENSP00000241436	9606.ENSP00000269305	0	0	0	0	0	0.168	0.900	0.097	0.918
PTEN	DVL2	9606.ENSP00000361021	9606.ENSP00000005340	0	0	0	0	0.086	0.104	0	0.543	0.594
PTEN	FGF4	9606.ENSP00000361021	9606.ENSP00000168712	0	0	0	0	0	0	0	0.479	0.479
PTEN	FGF20	9606.ENSP00000361021	9606.ENSP00000180166	0	0	0	0	0	0	0	0.475	0.475
PTEN	FGF22	9606.ENSP00000361021	9606.ENSP00000215530	0	0	0	0	0	0	0	0.470	0.470
PTEN	MAPK1	9606.ENSP00000361021	9606.ENSP00000215832	0	0	0	0	0.061	0.216	0	0.597	0.677
PTEN	SOS2	9606.ENSP00000361021	9606.ENSP00000216373	0	0	0	0	0.087	0.094	0	0.407	0.467
PTEN	PIK3R2	9606.ENSP00000361021	9606.ENSP00000222254	0	0	0	0	0	0.313	0.900	0.806	0.985
PTEN	RPS6KB1	9606.ENSP00000361021	9606.ENSP00000225577	0	0	0	0	0.100	0.086	0	0.904	0.914
PTEN	CCND1	9606.ENSP00000361021	9606.ENSP00000227507	0	0	0	0	0.070	0	0	0.850	0.855
PTEN	FGF6	9606.ENSP00000361021	9606.ENSP00000228837	0	0	0	0	0	0	0	0.451	0.451
PTEN	JAG1	9606.ENSP00000361021	9606.ENSP00000254958	0	0	0	0	0.055	0.072	0	0.464	0.489
PTEN	KRAS	9606.ENSP00000361021	9606.ENSP00000256078	0	0	0	0	0.078	0.099	0	0.930	0.936
PTEN	NOTCH2	9606.ENSP00000361021	9606.ENSP00000256646	0	0	0	0	0.055	0.072	0	0.519	0.542
PTEN	APC	9606.ENSP00000361021	9606.ENSP00000257430	0	0	0	0	0.118	0	0	0.432	0.478
PTEN	CDK4	9606.ENSP00000361021	9606.ENSP00000257904	0	0	0	0	0.078	0.236	0	0.824	0.865
PTEN	FLT4	9606.ENSP00000361021	9606.ENSP00000261937	0	0	0	0	0	0.063	0	0.413	0.427
PTEN	AXIN1	9606.ENSP00000361021	9606.ENSP00000262320	0	0	0	0	0	0	0	0.538	0.538
PTEN	PIK3R3	9606.ENSP00000361021	9606.ENSP00000262741	0	0	0	0	0	0.070	0.900	0.558	0.955
PTEN	E2F3	9606.ENSP00000361021	9606.ENSP00000262904	0	0	0	0	0.075	0	0	0.543	0.559
PTEN	MAP2K2	9606.ENSP00000361021	9606.ENSP00000262948	0	0	0	0	0	0.100	0	0.431	0.466
PTEN	MAPK3	9606.ENSP00000361021	9606.ENSP00000263025	0	0	0	0	0.056	0.175	0	0.712	0.756
PTEN	NOTCH3	9606.ENSP00000361021	9606.ENSP00000263388	0	0	0	0	0.055	0.072	0	0.492	0.516
PTEN	PIK3CA	9606.ENSP00000361021	9606.ENSP00000263967	0	0	0	0	0.112	0.134	0.900	0.949	0.995
PTEN	FGF2	9606.ENSP00000361021	9606.ENSP00000264498	0	0	0	0	0	0	0	0.593	0.593
PTEN	WNT5A	9606.ENSP00000361021	9606.ENSP00000264634	0	0	0	0	0.086	0.066	0	0.437	0.477
PTEN	FGF10	9606.ENSP00000361021	9606.ENSP00000264664	0	0	0	0	0	0	0	0.474	0.474
PTEN	LEF1	9606.ENSP00000361021	9606.ENSP00000265165	0	0	0	0	0	0.085	0	0.442	0.467
PTEN	EGF	9606.ENSP00000361021	9606.ENSP00000265171	0	0	0	0	0.065	0.045	0	0.738	0.746
PTEN	WNT2	9606.ENSP00000361021	9606.ENSP00000265441	0	0	0	0	0.086	0.066	0	0.377	0.422
PTEN	CDK6	9606.ENSP00000361021	9606.ENSP00000265734	0	0	0	0	0.078	0.126	0	0.773	0.801
PTEN	RB1	9606.ENSP00000361021	9606.ENSP00000267163	0	0	0	0	0.105	0	0	0.715	0.734
PTEN	FGF7	9606.ENSP00000361021	9606.ENSP00000267843	0	0	0	0	0.042	0	0	0.497	0.497
PTEN	TP53	9606.ENSP00000361021	9606.ENSP00000269305	0	0	0	0	0.067	0.748	0.900	0.968	0.999
PTEN	ERBB2	9606.ENSP00000361021	9606.ENSP00000269571	0	0	0	0	0	0.070	0	0.864	0.868
PTEN	FGF18	9606.ENSP00000361021	9606.ENSP00000274625	0	0	0	0	0	0	0	0.461	0.461
PTEN	EGFR	9606.ENSP00000361021	9606.ENSP00000275493	0	0	0	0	0	0.608	0	0.925	0.969
PTEN	TCF7L1	9606.ENSP00000361021	9606.ENSP00000282111	0	0	0	0	0	0.085	0	0.480	0.504
PTEN	WNT3A	9606.ENSP00000361021	9606.ENSP00000284523	0	0	0	0	0.086	0.066	0	0.394	0.438
PTEN	KIT	9606.ENSP00000361021	9606.ENSP00000288135	0	0	0	0	0.042	0.063	0	0.713	0.719
PTEN	WNT4	9606.ENSP00000361021	9606.ENSP00000290167	0	0	0	0	0.086	0.195	0	0.311	0.449
PTEN	ARAF	9606.ENSP00000361021	9606.ENSP00000290277	0	0	0	0	0.052	0.092	0	0.511	0.542
PTEN	BAX	9606.ENSP00000361021	9606.ENSP00000293288	0	0	0	0	0	0.057	0	0.432	0.442
PTEN	WNT1	9606.ENSP00000361021	9606.ENSP00000293549	0	0	0	0	0.086	0.066	0	0.644	0.670
PTEN	MAP2K1	9606.ENSP00000361021	9606.ENSP00000302486	0	0	0	0	0.057	0.100	0	0.775	0.792
PTEN	AXIN2	9606.ENSP00000361021	9606.ENSP00000302625	0	0	0	0	0	0	0	0.471	0.471
PTEN	FOS	9606.ENSP00000361021	9606.ENSP00000306245	0	0	0	0	0.073	0.094	0	0.688	0.715
PTEN	RPS6KB2	9606.ENSP00000361021	9606.ENSP00000308413	0	0	0	0	0.059	0.086	0	0.664	0.685
PTEN	FGF5	9606.ENSP00000361021	9606.ENSP00000311697	0	0	0	0	0	0	0	0.451	0.451
PTEN	DVL3	9606.ENSP00000361021	9606.ENSP00000316054	0	0	0	0	0.086	0.071	0	0.513	0.550
PTEN	FGF8	9606.ENSP00000361021	9606.ENSP00000321797	0	0	0	0	0	0	0	0.451	0.451
PTEN	GSK3B	9606.ENSP00000361021	9606.ENSP00000324806	0	0	0	0	0.056	0.092	0	0.899	0.906
PTEN	PGR	9606.ENSP00000361021	9606.ENSP00000325120	0	0	0	0	0	0.046	0	0.665	0.667
PTEN	SP1	9606.ENSP00000361021	9606.ENSP00000329357	0	0	0	0	0.064	0.067	0	0.400	0.430
PTEN	FGF3	9606.ENSP00000361021	9606.ENSP00000334122	0	0	0	0	0	0	0	0.476	0.476
PTEN	TCF7	9606.ENSP00000361021	9606.ENSP00000340347	0	0	0	0	0	0.085	0	0.526	0.548
PTEN	ESR2	9606.ENSP00000361021	9606.ENSP00000343925	0	0	0	0	0	0.046	0	0.501	0.504
PTEN	E2F1	9606.ENSP00000361021	9606.ENSP00000345571	0	0	0	0	0.055	0.292	0	0.779	0.839
PTEN	FGF17	9606.ENSP00000361021	9606.ENSP00000352414	0	0	0	0	0	0	0	0.448	0.448
PTEN	MTOR	9606.ENSP00000361021	9606.ENSP00000354558	0	0	0	0	0	0.281	0	0.922	0.942
PTEN	E2F2	9606.ENSP00000361021	9606.ENSP00000355249	0	0	0	0	0.055	0	0	0.447	0.456
PTEN	NRAS	9606.ENSP00000361021	9606.ENSP00000358548	0	0	0	0	0.065	0.099	0	0.860	0.872
PTEN	GADD45A	9606.ENSP00000361021	9606.ENSP00000360025	0	0	0	0	0.049	0	0	0.418	0.422
PTEN	JUN	9606.ENSP00000361021	9606.ENSP00000360266	0	0	0	0	0	0.077	0	0.766	0.775
PTEN	DVL1	9606.ENSP00000361021	9606.ENSP00000368166	0	0	0	0	0.086	0.071	0	0.389	0.436
PTEN	FGF16	9606.ENSP00000361021	9606.ENSP00000399324	0	0	0	0	0	0	0	0.475	0.475
PTEN	FGF9	9606.ENSP00000361021	9606.ENSP00000371790	0	0	0	0	0	0	0	0.477	0.477
PTEN	SOS1	9606.ENSP00000361021	9606.ENSP00000384675	0	0	0	0	0.056	0.094	0	0.464	0.502
PTEN	FGF1	9606.ENSP00000361021	9606.ENSP00000480791	0	0	0	0	0	0	0	0.511	0.511
PTEN	NCOA3	9606.ENSP00000361021	9606.ENSP00000361066	0	0	0	0	0.068	0.292	0	0.399	0.569
PTEN	SHC1	9606.ENSP00000361021	9606.ENSP00000401303	0	0	0	0	0	0	0	0.569	0.569
PTEN	TCF7L2	9606.ENSP00000361021	9606.ENSP00000486891	0	0	0	0	0.044	0.085	0	0.592	0.612
PTEN	RAF1	9606.ENSP00000361021	9606.ENSP00000401888	0	0	0	0	0.073	0.092	0	0.629	0.661
PTEN	GRB2	9606.ENSP00000361021	9606.ENSP00000376345	0	0	0	0	0.049	0.292	0	0.543	0.665
PTEN	FGFR1	9606.ENSP00000361021	9606.ENSP00000393312	0	0	0	0	0	0.063	0	0.675	0.682
PTEN	NOTCH1	9606.ENSP00000361021	9606.ENSP00000498587	0	0	0	0	0.062	0.099	0	0.736	0.758
PTEN	CDKN1A	9606.ENSP00000361021	9606.ENSP00000384849	0	0	0	0	0	0	0	0.792	0.792
PTEN	IGF1	9606.ENSP00000361021	9606.ENSP00000376637	0	0	0	0	0.042	0	0	0.795	0.795
PTEN	ESR1	9606.ENSP00000361021	9606.ENSP00000405330	0	0	0	0	0	0.295	0	0.737	0.807
PTEN	BRCA1	9606.ENSP00000361021	9606.ENSP00000418960	0	0	0	0	0.067	0	0	0.816	0.821
PTEN	HRAS	9606.ENSP00000361021	9606.ENSP00000407586	0	0	0	0	0.059	0.099	0	0.808	0.823
PTEN	AKT3	9606.ENSP00000361021	9606.ENSP00000500582	0	0	0	0	0	0.287	0	0.765	0.825
PTEN	AKT2	9606.ENSP00000361021	9606.ENSP00000375892	0	0	0	0	0	0.287	0	0.767	0.826
PTEN	BRCA2	9606.ENSP00000361021	9606.ENSP00000369497	0	0	0	0	0	0	0	0.877	0.877
PTEN	IGF1R	9606.ENSP00000361021	9606.ENSP00000497069	0	0	0	0	0.054	0.256	0	0.844	0.880
PTEN	MYC	9606.ENSP00000361021	9606.ENSP00000478887	0	0	0	0	0.044	0.317	0	0.870	0.908
PTEN	CTNNB1	9606.ENSP00000361021	9606.ENSP00000495360	0	0	0	0	0.069	0.527	0	0.881	0.943
PTEN	BRAF	9606.ENSP00000361021	9606.ENSP00000419060	0	0	0	0	0.094	0.206	0	0.927	0.943
PTEN	PIK3CD	9606.ENSP00000361021	9606.ENSP00000366563	0	0	0	0	0.058	0.134	0.900	0.708	0.973
PTEN	PIK3CB	9606.ENSP00000361021	9606.ENSP00000501150	0	0	0	0	0.058	0.134	0.900	0.829	0.984
PTEN	AKT1	9606.ENSP00000361021	9606.ENSP00000451828	0	0	0	0	0	0.648	0	0.967	0.988
PTEN	PIK3R1	9606.ENSP00000361021	9606.ENSP00000428056	0	0	0	0	0.056	0.554	0.900	0.943	0.997
RAF1	MAPK1	9606.ENSP00000401888	9606.ENSP00000215832	0	0	0	0.588	0.115	0.800	0.700	0.593	0.975
RAF1	SOS2	9606.ENSP00000401888	9606.ENSP00000216373	0	0	0	0	0.064	0.084	0	0.613	0.640
RAF1	PIK3R2	9606.ENSP00000401888	9606.ENSP00000222254	0	0	0	0	0.082	0.093	0.900	0.206	0.925
RAF1	CCND1	9606.ENSP00000401888	9606.ENSP00000227507	0	0	0	0	0	0	0	0.581	0.581
RAF1	KRAS	9606.ENSP00000401888	9606.ENSP00000256078	0	0	0	0	0.081	0.947	0.900	0.976	0.999
RAF1	PIK3R3	9606.ENSP00000401888	9606.ENSP00000262741	0	0	0	0	0.049	0.093	0.900	0.120	0.913
RAF1	MAP2K2	9606.ENSP00000401888	9606.ENSP00000262948	0	0	0	0.575	0.126	0.925	0.900	0.495	0.996
RAF1	MAPK3	9606.ENSP00000401888	9606.ENSP00000263025	0	0	0	0.587	0.118	0.545	0.700	0.721	0.962
RAF1	PIK3CA	9606.ENSP00000401888	9606.ENSP00000263967	0	0	0	0	0.066	0.069	0.900	0.719	0.972
RAF1	EGF	9606.ENSP00000401888	9606.ENSP00000265171	0	0	0	0	0	0	0	0.603	0.603
RAF1	RB1	9606.ENSP00000401888	9606.ENSP00000267163	0	0	0	0	0.042	0.785	0	0.211	0.824
RAF1	TP53	9606.ENSP00000401888	9606.ENSP00000269305	0	0	0	0	0.081	0	0	0.588	0.605
RAF1	ERBB2	9606.ENSP00000401888	9606.ENSP00000269571	0	0	0	0.578	0	0.224	0	0.327	0.455
RAF1	EGFR	9606.ENSP00000401888	9606.ENSP00000275493	0	0	0	0.575	0.042	0.645	0	0.590	0.848
RAF1	ARAF	9606.ENSP00000401888	9606.ENSP00000290277	0	0	0.060	0.959	0.064	0.786	0.900	0.803	0.995
RAF1	MAP2K1	9606.ENSP00000401888	9606.ENSP00000302486	0	0	0	0.577	0.131	0.974	0.900	0.970	0.999
RAF1	FOS	9606.ENSP00000401888	9606.ENSP00000306245	0	0	0	0	0	0.096	0	0.487	0.517
RAF1	GSK3B	9606.ENSP00000401888	9606.ENSP00000324806	0	0	0	0.575	0.061	0	0.900	0.241	0.922
RAF1	MTOR	9606.ENSP00000401888	9606.ENSP00000354558	0	0	0	0	0.121	0.073	0	0.523	0.578
RAF1	NRAS	9606.ENSP00000401888	9606.ENSP00000358548	0	0	0	0	0.081	0.908	0.900	0.899	0.999
RAF1	JUN	9606.ENSP00000401888	9606.ENSP00000360266	0	0	0	0	0	0.085	0	0.583	0.602
RAF1	PTEN	9606.ENSP00000401888	9606.ENSP00000361021	0	0	0	0	0.073	0.092	0	0.629	0.661
RAF1	PIK3CD	9606.ENSP00000401888	9606.ENSP00000366563	0	0	0	0	0.060	0.069	0.900	0.322	0.932
RAF1	AKT2	9606.ENSP00000401888	9606.ENSP00000375892	0	0	0.135	0.586	0.074	0.045	0.900	0.159	0.923
RAF1	GRB2	9606.ENSP00000401888	9606.ENSP00000376345	0	0	0	0	0.074	0.100	0	0.776	0.797
RAF1	SOS1	9606.ENSP00000401888	9606.ENSP00000384675	0	0	0	0	0.064	0.084	0	0.798	0.812
RAF1	SHC1	9606.ENSP00000401888	9606.ENSP00000401303	0	0	0	0	0.053	0.073	0	0.511	0.533
RAF1	ESR1	9606.ENSP00000401888	9606.ENSP00000405330	0	0	0	0	0	0.071	0	0.630	0.642
RAF1	CTNNB1	9606.ENSP00000401888	9606.ENSP00000495360	0	0	0	0	0.116	0.098	0	0.629	0.679
RAF1	MYC	9606.ENSP00000401888	9606.ENSP00000478887	0	0	0	0	0.055	0.444	0	0.571	0.755
RAF1	AKT3	9606.ENSP00000401888	9606.ENSP00000500582	0	0	0.141	0.590	0	0.045	0.900	0.169	0.922
RAF1	PIK3CB	9606.ENSP00000401888	9606.ENSP00000501150	0	0	0	0	0.059	0.069	0.900	0.387	0.939
RAF1	PIK3R1	9606.ENSP00000401888	9606.ENSP00000428056	0	0	0	0	0.042	0.263	0.900	0.303	0.944
RAF1	AKT1	9606.ENSP00000401888	9606.ENSP00000451828	0	0	0.145	0.583	0.075	0.816	0.900	0.557	0.992
RAF1	HRAS	9606.ENSP00000401888	9606.ENSP00000407586	0	0	0	0	0.074	0.999	0.900	0.985	0.999
RAF1	BRAF	9606.ENSP00000401888	9606.ENSP00000419060	0	0	0.066	0.945	0	0.927	0.900	0.983	0.999
RB1	CCND1	9606.ENSP00000267163	9606.ENSP00000227507	0	0	0	0	0	0.932	0.900	0.831	0.998
RB1	KRAS	9606.ENSP00000267163	9606.ENSP00000256078	0	0	0	0	0.056	0.066	0	0.408	0.433
RB1	CDK4	9606.ENSP00000267163	9606.ENSP00000257904	0	0	0	0	0.077	0.994	0.900	0.984	0.999
RB1	E2F3	9606.ENSP00000267163	9606.ENSP00000262904	0	0	0	0	0.104	0.900	0.900	0.897	0.998
RB1	MAPK3	9606.ENSP00000267163	9606.ENSP00000263025	0	0	0	0	0.049	0.230	0	0.399	0.521
RB1	PIK3CA	9606.ENSP00000267163	9606.ENSP00000263967	0	0	0	0	0.150	0	0	0.411	0.478
RB1	CDK6	9606.ENSP00000267163	9606.ENSP00000265734	0	0	0	0	0.095	0.871	0.900	0.840	0.997
RB1	ERBB2	9606.ENSP00000267163	9606.ENSP00000269571	0	0	0	0	0	0	0	0.461	0.461
RB1	CTNNB1	9606.ENSP00000267163	9606.ENSP00000495360	0	0	0	0	0.061	0.067	0	0.448	0.474
RB1	ESR2	9606.ENSP00000267163	9606.ENSP00000343925	0	0	0	0	0	0.053	0	0.480	0.486
RB1	FOS	9606.ENSP00000267163	9606.ENSP00000306245	0	0	0	0	0.042	0.313	0	0.321	0.514
RB1	MAP2K1	9606.ENSP00000267163	9606.ENSP00000302486	0	0	0	0	0.049	0	0	0.514	0.518
RB1	EGFR	9606.ENSP00000267163	9606.ENSP00000275493	0	0	0	0	0.042	0	0	0.519	0.520
RB1	SHC1	9606.ENSP00000267163	9606.ENSP00000401303	0	0	0	0	0.044	0.162	0	0.451	0.521
RB1	ESR1	9606.ENSP00000267163	9606.ENSP00000405330	0	0	0	0	0.042	0.053	0	0.577	0.583
RB1	AKT1	9606.ENSP00000267163	9606.ENSP00000451828	0	0	0	0	0.060	0.045	0	0.576	0.586
RB1	GRB2	9606.ENSP00000267163	9606.ENSP00000376345	0	0	0	0	0.056	0.317	0	0.463	0.623
RB1	JUN	9606.ENSP00000267163	9606.ENSP00000360266	0	0	0	0	0	0.510	0	0.394	0.690
RB1	SP1	9606.ENSP00000267163	9606.ENSP00000329357	0	0	0	0	0.049	0.636	0	0.283	0.730
RB1	PTEN	9606.ENSP00000267163	9606.ENSP00000361021	0	0	0	0	0.105	0	0	0.715	0.734
RB1	PGR	9606.ENSP00000267163	9606.ENSP00000325120	0	0	0	0	0.087	0.053	0	0.768	0.782
RB1	RAF1	9606.ENSP00000267163	9606.ENSP00000401888	0	0	0	0	0.042	0.785	0	0.211	0.824
RB1	BRCA1	9606.ENSP00000267163	9606.ENSP00000418960	0	0	0	0	0.070	0.727	0	0.485	0.858
RB1	CDKN1A	9606.ENSP00000267163	9606.ENSP00000384849	0	0	0	0	0	0.332	0.500	0.658	0.876
RB1	MYC	9606.ENSP00000267163	9606.ENSP00000478887	0	0	0	0	0.042	0.594	0	0.736	0.888
RB1	TP53	9606.ENSP00000267163	9606.ENSP00000269305	0	0	0	0	0.064	0.510	0	0.872	0.936
RB1	E2F1	9606.ENSP00000267163	9606.ENSP00000345571	0	0	0	0	0.067	0.999	0.900	0.995	0.999
RB1	E2F2	9606.ENSP00000267163	9606.ENSP00000355249	0	0	0	0	0.086	0.990	0.900	0.756	0.999
RPS6KB1	MAPK1	9606.ENSP00000225577	9606.ENSP00000215832	0	0	0	0.645	0.049	0.097	0.900	0.252	0.927
RPS6KB1	PIK3R2	9606.ENSP00000225577	9606.ENSP00000222254	0	0	0	0	0.056	0	0	0.429	0.438
RPS6KB1	SOS1	9606.ENSP00000225577	9606.ENSP00000384675	0	0	0	0	0.118	0.091	0	0.334	0.419
RPS6KB1	FGF2	9606.ENSP00000225577	9606.ENSP00000264498	0	0	0	0	0	0	0	0.420	0.420
RPS6KB1	PGR	9606.ENSP00000225577	9606.ENSP00000325120	0	0	0	0	0.055	0.053	0	0.406	0.422
RPS6KB1	IGF1R	9606.ENSP00000225577	9606.ENSP00000497069	0	0	0	0.558	0.048	0.091	0	0.402	0.437
RPS6KB1	ARAF	9606.ENSP00000225577	9606.ENSP00000290277	0	0	0	0.572	0.061	0.091	0	0.394	0.438
RPS6KB1	SHC1	9606.ENSP00000225577	9606.ENSP00000401303	0	0	0	0	0.047	0	0	0.462	0.466
RPS6KB1	CDKN1A	9606.ENSP00000225577	9606.ENSP00000384849	0	0	0	0	0	0	0	0.475	0.475
RPS6KB1	GRB2	9606.ENSP00000225577	9606.ENSP00000376345	0	0	0	0	0.079	0.057	0	0.452	0.482
RPS6KB1	HRAS	9606.ENSP00000225577	9606.ENSP00000407586	0	0	0	0	0.084	0.135	0	0.408	0.490
RPS6KB1	NRAS	9606.ENSP00000225577	9606.ENSP00000358548	0	0	0	0	0.103	0.135	0	0.427	0.517
RPS6KB1	PIK3CD	9606.ENSP00000225577	9606.ENSP00000366563	0	0	0	0	0.052	0	0	0.552	0.557
RPS6KB1	BRAF	9606.ENSP00000225577	9606.ENSP00000419060	0	0	0	0.571	0.084	0.091	0	0.524	0.569
RPS6KB1	PIK3R1	9606.ENSP00000225577	9606.ENSP00000428056	0	0	0	0	0.057	0.123	0	0.537	0.584
RPS6KB1	GSK3B	9606.ENSP00000225577	9606.ENSP00000324806	0	0	0	0.601	0.060	0.091	0	0.554	0.586
RPS6KB1	EGF	9606.ENSP00000225577	9606.ENSP00000265171	0	0	0	0	0	0	0	0.588	0.588
RPS6KB1	KIT	9606.ENSP00000225577	9606.ENSP00000288135	0	0	0	0.559	0.067	0.218	0	0.485	0.591
RPS6KB1	CTNNB1	9606.ENSP00000225577	9606.ENSP00000495360	0	0	0	0	0.044	0	0	0.589	0.591
RPS6KB1	PIK3CB	9606.ENSP00000225577	9606.ENSP00000501150	0	0	0	0	0.065	0	0	0.584	0.595
RPS6KB1	KRAS	9606.ENSP00000225577	9606.ENSP00000256078	0	0	0	0	0.123	0.135	0	0.562	0.639
RPS6KB1	MYC	9606.ENSP00000225577	9606.ENSP00000478887	0	0	0	0	0.064	0	0	0.662	0.670
RPS6KB1	TP53	9606.ENSP00000225577	9606.ENSP00000269305	0	0	0	0	0	0	0	0.700	0.700
RPS6KB1	PIK3CA	9606.ENSP00000225577	9606.ENSP00000263967	0	0	0	0	0.125	0	0	0.689	0.716
RPS6KB1	CCND1	9606.ENSP00000225577	9606.ENSP00000227507	0	0	0	0	0.047	0	0	0.718	0.720
RPS6KB1	IGF1	9606.ENSP00000225577	9606.ENSP00000376637	0	0	0	0	0	0	0	0.733	0.733
RPS6KB1	RPS6KB2	9606.ENSP00000225577	9606.ENSP00000308413	0	0	0.055	0.971	0.049	0	0.900	0.151	0.913
RPS6KB1	PTEN	9606.ENSP00000225577	9606.ENSP00000361021	0	0	0	0	0.100	0.086	0	0.904	0.914
RPS6KB1	SP1	9606.ENSP00000225577	9606.ENSP00000329357	0	0	0	0	0.083	0.095	0.900	0.207	0.925
RPS6KB1	ESR2	9606.ENSP00000225577	9606.ENSP00000343925	0	0	0	0	0.062	0.053	0.900	0.292	0.928
RPS6KB1	NCOA3	9606.ENSP00000225577	9606.ENSP00000361066	0	0	0	0	0.163	0	0.900	0.242	0.931
RPS6KB1	MAPK3	9606.ENSP00000225577	9606.ENSP00000263025	0	0	0	0.623	0.044	0.097	0.900	0.338	0.935
RPS6KB1	AKT2	9606.ENSP00000225577	9606.ENSP00000375892	0	0	0.070	0.859	0.090	0.095	0.900	0.347	0.940
RPS6KB1	AKT3	9606.ENSP00000225577	9606.ENSP00000500582	0	0	0.069	0.852	0.083	0.095	0.900	0.384	0.943
RPS6KB1	FOS	9606.ENSP00000225577	9606.ENSP00000306245	0	0	0	0	0.055	0.071	0.900	0.461	0.946
RPS6KB1	ESR1	9606.ENSP00000225577	9606.ENSP00000405330	0	0	0	0	0.057	0.053	0.900	0.558	0.955
RPS6KB1	JUN	9606.ENSP00000225577	9606.ENSP00000360266	0	0	0	0	0	0	0.900	0.607	0.959
RPS6KB1	AKT1	9606.ENSP00000225577	9606.ENSP00000451828	0	0	0.068	0.850	0.090	0.772	0.900	0.211	0.982
RPS6KB1	MTOR	9606.ENSP00000225577	9606.ENSP00000354558	0	0	0	0	0.049	0.995	0.900	0.977	0.999
RPS6KB2	MAPK1	9606.ENSP00000308413	9606.ENSP00000215832	0	0	0	0.628	0.049	0.097	0.900	0.195	0.921
RPS6KB2	RPS6KB1	9606.ENSP00000308413	9606.ENSP00000225577	0	0	0.055	0.971	0.049	0	0.900	0.151	0.913
RPS6KB2	CCND1	9606.ENSP00000308413	9606.ENSP00000227507	0	0	0	0	0.044	0	0	0.490	0.491
RPS6KB2	KRAS	9606.ENSP00000308413	9606.ENSP00000256078	0	0	0	0	0.068	0.135	0	0.401	0.475
RPS6KB2	MAPK3	9606.ENSP00000308413	9606.ENSP00000263025	0	0	0	0.617	0.074	0.097	0.900	0.265	0.930
RPS6KB2	PIK3CA	9606.ENSP00000308413	9606.ENSP00000263967	0	0	0	0	0.067	0	0	0.525	0.538
RPS6KB2	EGF	9606.ENSP00000308413	9606.ENSP00000265171	0	0	0	0	0	0	0	0.419	0.418
RPS6KB2	TP53	9606.ENSP00000308413	9606.ENSP00000269305	0	0	0	0	0	0	0	0.506	0.506
RPS6KB2	FOS	9606.ENSP00000308413	9606.ENSP00000306245	0	0	0	0	0.055	0.071	0.900	0.327	0.933
RPS6KB2	PIK3CD	9606.ENSP00000308413	9606.ENSP00000366563	0	0	0	0	0.052	0	0	0.432	0.439
RPS6KB2	PIK3CB	9606.ENSP00000308413	9606.ENSP00000501150	0	0	0	0	0.059	0	0	0.449	0.460
RPS6KB2	MYC	9606.ENSP00000308413	9606.ENSP00000478887	0	0	0	0	0.059	0	0	0.506	0.515
RPS6KB2	GRB2	9606.ENSP00000308413	9606.ENSP00000376345	0	0	0	0	0.082	0.057	0	0.509	0.538
RPS6KB2	IGF1	9606.ENSP00000308413	9606.ENSP00000376637	0	0	0	0	0	0	0	0.587	0.587
RPS6KB2	PTEN	9606.ENSP00000308413	9606.ENSP00000361021	0	0	0	0	0.059	0.086	0	0.664	0.685
RPS6KB2	ESR2	9606.ENSP00000308413	9606.ENSP00000343925	0	0	0	0	0.055	0.053	0.900	0.121	0.910
RPS6KB2	NCOA3	9606.ENSP00000308413	9606.ENSP00000361066	0	0	0	0	0	0	0.900	0.168	0.913
RPS6KB2	SP1	9606.ENSP00000308413	9606.ENSP00000329357	0	0	0	0	0.049	0.095	0.900	0.125	0.914
RPS6KB2	AKT2	9606.ENSP00000308413	9606.ENSP00000375892	0	0	0.072	0.860	0.101	0.095	0.900	0.138	0.923
RPS6KB2	BRAF	9606.ENSP00000308413	9606.ENSP00000419060	0	0	0	0.576	0.062	0.591	0	0.825	0.927
RPS6KB2	ESR1	9606.ENSP00000308413	9606.ENSP00000405330	0	0	0	0	0.055	0.053	0.900	0.359	0.935
RPS6KB2	AKT3	9606.ENSP00000308413	9606.ENSP00000500582	0	0	0.072	0.853	0.083	0.095	0.900	0.335	0.939
RPS6KB2	JUN	9606.ENSP00000308413	9606.ENSP00000360266	0	0	0	0	0	0.131	0.900	0.431	0.946
RPS6KB2	AKT1	9606.ENSP00000308413	9606.ENSP00000451828	0	0	0.072	0.850	0.107	0.357	0.900	0.189	0.949
RPS6KB2	MTOR	9606.ENSP00000308413	9606.ENSP00000354558	0	0	0	0	0.049	0.646	0.900	0.893	0.995
SHC1	FGF4	9606.ENSP00000401303	9606.ENSP00000168712	0	0	0	0	0	0	0.400	0.305	0.565
SHC1	FGF20	9606.ENSP00000401303	9606.ENSP00000180166	0	0	0	0	0.049	0	0.400	0.323	0.580
SHC1	FGF22	9606.ENSP00000401303	9606.ENSP00000215530	0	0	0	0	0.049	0	0.400	0.312	0.573
SHC1	MAPK1	9606.ENSP00000401303	9606.ENSP00000215832	0	0	0	0	0.055	0.684	0.400	0.817	0.962
SHC1	SOS2	9606.ENSP00000401303	9606.ENSP00000216373	0	0	0	0	0.055	0.430	0.900	0.995	0.999
SHC1	PIK3R2	9606.ENSP00000401303	9606.ENSP00000222254	0	0	0	0	0.054	0.342	0.400	0.364	0.731
SHC1	RPS6KB1	9606.ENSP00000401303	9606.ENSP00000225577	0	0	0	0	0.047	0	0	0.462	0.466
SHC1	CCND1	9606.ENSP00000401303	9606.ENSP00000227507	0	0	0	0	0.127	0	0	0.417	0.469
SHC1	FGF6	9606.ENSP00000401303	9606.ENSP00000228837	0	0	0	0	0	0	0.400	0.297	0.560
SHC1	FGF23	9606.ENSP00000401303	9606.ENSP00000237837	0	0	0	0	0	0	0.400	0.081	0.425
SHC1	KRAS	9606.ENSP00000401303	9606.ENSP00000256078	0	0	0	0	0.061	0.225	0.500	0.414	0.758
SHC1	FLT4	9606.ENSP00000401303	9606.ENSP00000261937	0	0	0	0	0.057	0.672	0.650	0.791	0.974
SHC1	PIK3R3	9606.ENSP00000401303	9606.ENSP00000262741	0	0	0	0	0	0.084	0.400	0.246	0.549
SHC1	MAPK3	9606.ENSP00000401303	9606.ENSP00000263025	0	0	0	0	0.049	0.045	0.400	0.644	0.780
SHC1	PIK3CA	9606.ENSP00000401303	9606.ENSP00000263967	0	0	0	0	0	0	0.400	0.420	0.637
SHC1	FGF2	9606.ENSP00000401303	9606.ENSP00000264498	0	0	0	0	0.049	0	0.400	0.375	0.612
SHC1	SHC2	9606.ENSP00000401303	9606.ENSP00000264554	0	0	0.054	0.919	0	0.234	0.400	0.118	0.565
SHC1	FGF10	9606.ENSP00000401303	9606.ENSP00000264664	0	0	0	0	0.049	0	0.400	0.315	0.575
SHC1	EGF	9606.ENSP00000401303	9606.ENSP00000265171	0	0	0	0	0.052	0.292	0.400	0.834	0.924
SHC1	RB1	9606.ENSP00000401303	9606.ENSP00000267163	0	0	0	0	0.044	0.162	0	0.451	0.521
SHC1	FGF7	9606.ENSP00000401303	9606.ENSP00000267843	0	0	0	0	0.049	0	0.400	0.328	0.583
SHC1	TP53	9606.ENSP00000401303	9606.ENSP00000269305	0	0	0	0	0.084	0	0	0.659	0.675
SHC1	ERBB2	9606.ENSP00000401303	9606.ENSP00000269571	0	0	0	0	0.058	0.921	0.900	0.991	0.999
SHC1	FGF18	9606.ENSP00000401303	9606.ENSP00000274625	0	0	0	0	0	0	0.400	0.343	0.589
SHC1	EGFR	9606.ENSP00000401303	9606.ENSP00000275493	0	0	0	0	0.067	0.995	0.900	0.994	0.999
SHC1	KIT	9606.ENSP00000401303	9606.ENSP00000288135	0	0	0	0	0.076	0.208	0.900	0.603	0.967
SHC1	ARAF	9606.ENSP00000401303	9606.ENSP00000290277	0	0	0	0	0.049	0.073	0	0.506	0.527
SHC1	FGF19	9606.ENSP00000401303	9606.ENSP00000294312	0	0	0	0	0	0	0.400	0.091	0.431
SHC1	MAP2K1	9606.ENSP00000401303	9606.ENSP00000302486	0	0	0	0	0.054	0	0	0.571	0.576
SHC1	FOS	9606.ENSP00000401303	9606.ENSP00000306245	0	0	0	0	0.057	0	0	0.505	0.513
SHC1	FGF5	9606.ENSP00000401303	9606.ENSP00000311697	0	0	0	0	0	0	0.400	0.299	0.561
SHC1	FGF8	9606.ENSP00000401303	9606.ENSP00000321797	0	0	0	0	0	0	0.400	0.301	0.563
SHC1	GSK3B	9606.ENSP00000401303	9606.ENSP00000324806	0	0	0	0	0.063	0.073	0	0.425	0.457
SHC1	FGF3	9606.ENSP00000401303	9606.ENSP00000334122	0	0	0	0	0	0	0.400	0.299	0.561
SHC1	ESR2	9606.ENSP00000401303	9606.ENSP00000343925	0	0	0	0	0.054	0	0	0.608	0.613
SHC1	FGF17	9606.ENSP00000401303	9606.ENSP00000352414	0	0	0	0	0	0	0.400	0.299	0.561
SHC1	MTOR	9606.ENSP00000401303	9606.ENSP00000354558	0	0	0	0	0.049	0	0	0.453	0.458
SHC1	NRAS	9606.ENSP00000401303	9606.ENSP00000358548	0	0	0	0	0.074	0	0.500	0.386	0.691
SHC1	JUN	9606.ENSP00000401303	9606.ENSP00000360266	0	0	0	0	0	0	0	0.540	0.540
SHC1	PTEN	9606.ENSP00000401303	9606.ENSP00000361021	0	0	0	0	0	0	0	0.569	0.569
SHC1	SHC3	9606.ENSP00000401303	9606.ENSP00000364995	0	0	0.058	0.918	0	0	0.400	0.324	0.584
SHC1	PIK3CD	9606.ENSP00000401303	9606.ENSP00000366563	0	0	0	0	0.042	0	0.400	0.284	0.552
SHC1	FGF9	9606.ENSP00000401303	9606.ENSP00000371790	0	0	0	0	0.049	0	0.400	0.335	0.587
SHC1	AKT2	9606.ENSP00000401303	9606.ENSP00000375892	0	0	0	0	0.062	0.073	0	0.456	0.486
SHC1	GRB2	9606.ENSP00000401303	9606.ENSP00000376345	0	0	0	0	0.099	0.999	0.900	0.999	0.999
SHC1	IGF1	9606.ENSP00000401303	9606.ENSP00000376637	0	0	0	0	0	0	0.500	0.790	0.890
SHC1	TNFSF11	9606.ENSP00000401303	9606.ENSP00000381775	0	0	0	0	0	0	0	0.583	0.583
SHC1	SOS1	9606.ENSP00000401303	9606.ENSP00000384675	0	0	0	0	0.062	0.895	0.900	0.996	0.999
SHC1	FGFR1	9606.ENSP00000401303	9606.ENSP00000393312	0	0	0	0	0.062	0.373	0.900	0.615	0.974
SHC1	FGF16	9606.ENSP00000401303	9606.ENSP00000399324	0	0	0	0	0.049	0	0.400	0.325	0.581
SHC1	AKT3	9606.ENSP00000401303	9606.ENSP00000500582	0	0	0	0	0.043	0.073	0	0.396	0.417
SHC1	FGF1	9606.ENSP00000401303	9606.ENSP00000480791	0	0	0	0	0.049	0	0.400	0.244	0.531
SHC1	RAF1	9606.ENSP00000401303	9606.ENSP00000401888	0	0	0	0	0.053	0.073	0	0.511	0.533
SHC1	CTNNB1	9606.ENSP00000401303	9606.ENSP00000495360	0	0	0	0	0.048	0	0	0.618	0.620
SHC1	PIK3CB	9606.ENSP00000401303	9606.ENSP00000501150	0	0	0	0	0	0	0.400	0.410	0.631
SHC1	BRAF	9606.ENSP00000401303	9606.ENSP00000419060	0	0	0	0	0	0.073	0	0.633	0.645
SHC1	MYC	9606.ENSP00000401303	9606.ENSP00000478887	0	0	0	0	0.067	0	0	0.675	0.683
SHC1	AKT1	9606.ENSP00000401303	9606.ENSP00000451828	0	0	0	0	0.060	0.073	0	0.758	0.771
SHC1	HRAS	9606.ENSP00000401303	9606.ENSP00000407586	0	0	0	0	0.070	0	0.500	0.724	0.860
SHC1	PIK3R1	9606.ENSP00000401303	9606.ENSP00000428056	0	0	0	0	0.049	0.878	0.400	0.636	0.971
SHC1	ESR1	9606.ENSP00000401303	9606.ENSP00000405330	0	0	0	0	0.054	0.510	0.500	0.962	0.990
SHC1	IGF1R	9606.ENSP00000401303	9606.ENSP00000497069	0	0	0	0	0.042	0.841	0.900	0.992	0.999
SHC2	SOS2	9606.ENSP00000264554	9606.ENSP00000216373	0	0	0	0	0	0.067	0.900	0.228	0.921
SHC2	KRAS	9606.ENSP00000264554	9606.ENSP00000256078	0	0	0	0	0.051	0	0.500	0.199	0.587
SHC2	FLT4	9606.ENSP00000264554	9606.ENSP00000261937	0	0	0	0	0.075	0.105	0.650	0.112	0.708
SHC2	EGF	9606.ENSP00000264554	9606.ENSP00000265171	0	0	0	0	0.052	0	0	0.459	0.465
SHC2	SHC3	9606.ENSP00000264554	9606.ENSP00000364995	0	0	0.060	0.906	0.102	0	0.400	0.140	0.506
SHC2	NRAS	9606.ENSP00000264554	9606.ENSP00000358548	0	0	0	0	0.051	0	0.500	0.142	0.557
SHC2	SHC1	9606.ENSP00000264554	9606.ENSP00000401303	0	0	0.054	0.919	0	0.234	0.400	0.118	0.565
SHC2	HRAS	9606.ENSP00000264554	9606.ENSP00000407586	0	0	0	0	0.051	0	0.500	0.175	0.574
SHC2	FGFR1	9606.ENSP00000264554	9606.ENSP00000393312	0	0	0	0	0.080	0.105	0.900	0.109	0.916
SHC2	IGF1R	9606.ENSP00000264554	9606.ENSP00000497069	0	0	0	0	0	0.073	0.900	0.173	0.916
SHC2	SOS1	9606.ENSP00000264554	9606.ENSP00000384675	0	0	0	0	0	0.067	0.900	0.242	0.923
SHC2	KIT	9606.ENSP00000264554	9606.ENSP00000288135	0	0	0	0	0.073	0.208	0.900	0.214	0.934
SHC2	GRB2	9606.ENSP00000264554	9606.ENSP00000376345	0	0	0	0.619	0.074	0.334	0.900	0.395	0.957
SHC2	ERBB2	9606.ENSP00000264554	9606.ENSP00000269571	0	0	0	0	0.044	0.521	0.900	0.239	0.960
SHC2	EGFR	9606.ENSP00000264554	9606.ENSP00000275493	0	0	0	0	0.074	0.753	0.900	0.529	0.987
SHC3	SOS2	9606.ENSP00000364995	9606.ENSP00000216373	0	0	0	0	0.055	0.091	0.900	0.299	0.931
SHC3	KRAS	9606.ENSP00000364995	9606.ENSP00000256078	0	0	0	0	0.056	0	0.500	0.144	0.560
SHC3	FLT4	9606.ENSP00000364995	9606.ENSP00000261937	0	0	0	0	0.055	0.162	0.650	0.071	0.708
SHC3	MAP2K2	9606.ENSP00000364995	9606.ENSP00000262948	0	0	0	0	0	0	0	0.434	0.434
SHC3	SHC2	9606.ENSP00000364995	9606.ENSP00000264554	0	0	0.060	0.906	0.102	0	0.400	0.140	0.506
SHC3	EGF	9606.ENSP00000364995	9606.ENSP00000265171	0	0	0	0	0.052	0	0	0.475	0.481
SHC3	ERBB2	9606.ENSP00000364995	9606.ENSP00000269571	0	0	0	0	0	0.538	0.900	0.231	0.961
SHC3	EGFR	9606.ENSP00000364995	9606.ENSP00000275493	0	0	0	0	0.086	0.849	0.900	0.282	0.988
SHC3	KIT	9606.ENSP00000364995	9606.ENSP00000288135	0	0	0	0	0.076	0.208	0.900	0.104	0.925
SHC3	MAP2K1	9606.ENSP00000364995	9606.ENSP00000302486	0	0	0	0	0	0	0	0.449	0.449
SHC3	SHC4	9606.ENSP00000364995	9606.ENSP00000329668	0	0	0.061	0.900	0.047	0.479	0	0.103	0.526
SHC3	NRAS	9606.ENSP00000364995	9606.ENSP00000358548	0	0	0	0	0.056	0	0.500	0.110	0.543
SHC3	ESR1	9606.ENSP00000364995	9606.ENSP00000405330	0	0	0	0	0.054	0	0	0.395	0.403
SHC3	PIK3R1	9606.ENSP00000364995	9606.ENSP00000428056	0	0	0	0	0.042	0.323	0	0.172	0.416
SHC3	HRAS	9606.ENSP00000364995	9606.ENSP00000407586	0	0	0	0	0.056	0	0.500	0.114	0.545
SHC3	SHC1	9606.ENSP00000364995	9606.ENSP00000401303	0	0	0.058	0.918	0	0	0.400	0.324	0.584
SHC3	FGFR1	9606.ENSP00000364995	9606.ENSP00000393312	0	0	0	0	0.085	0.113	0.900	0.136	0.920
SHC3	IGF1R	9606.ENSP00000364995	9606.ENSP00000497069	0	0	0	0	0	0.112	0.900	0.473	0.949
SHC3	SOS1	9606.ENSP00000364995	9606.ENSP00000384675	0	0	0	0	0.055	0.092	0.900	0.586	0.959
SHC3	GRB2	9606.ENSP00000364995	9606.ENSP00000376345	0	0	0	0	0.087	0.129	0.900	0.866	0.987
SHC4	SOS2	9606.ENSP00000329668	9606.ENSP00000216373	0	0	0	0	0	0.067	0.900	0.166	0.915
SHC4	FLT4	9606.ENSP00000329668	9606.ENSP00000261937	0	0	0	0	0.055	0.105	0.650	0.458	0.818
SHC4	ERBB2	9606.ENSP00000329668	9606.ENSP00000269571	0	0	0	0	0	0.387	0.900	0.191	0.946
SHC4	EGFR	9606.ENSP00000329668	9606.ENSP00000275493	0	0	0	0	0	0.857	0.900	0.251	0.988
SHC4	KIT	9606.ENSP00000329668	9606.ENSP00000288135	0	0	0	0	0.063	0.208	0.900	0.071	0.921
SHC4	NRAS	9606.ENSP00000329668	9606.ENSP00000358548	0	0	0	0	0.053	0	0	0.427	0.435
SHC4	BRAF	9606.ENSP00000329668	9606.ENSP00000419060	0	0	0	0	0	0.073	0	0.473	0.491
SHC4	SHC3	9606.ENSP00000329668	9606.ENSP00000364995	0	0	0.061	0.900	0.047	0.479	0	0.103	0.526
SHC4	FGFR1	9606.ENSP00000329668	9606.ENSP00000393312	0	0	0	0	0.055	0.105	0.900	0.071	0.910
SHC4	SOS1	9606.ENSP00000329668	9606.ENSP00000384675	0	0	0	0	0	0.067	0.900	0.227	0.921
SHC4	IGF1R	9606.ENSP00000329668	9606.ENSP00000497069	0	0	0	0	0.042	0.073	0.900	0.455	0.945
SHC4	GRB2	9606.ENSP00000329668	9606.ENSP00000376345	0	0	0	0	0.074	0.539	0.900	0.341	0.968
SOS1	FGF4	9606.ENSP00000384675	9606.ENSP00000168712	0	0	0	0	0	0	0.400	0.286	0.553
SOS1	FGF20	9606.ENSP00000384675	9606.ENSP00000180166	0	0	0	0	0.048	0	0.400	0.303	0.567
SOS1	FGF22	9606.ENSP00000384675	9606.ENSP00000215530	0	0	0	0	0	0	0.400	0.293	0.557
SOS1	MAPK1	9606.ENSP00000384675	9606.ENSP00000215832	0	0.001	0	0	0.214	0.067	0.400	0.543	0.772
SOS1	SOS2	9606.ENSP00000384675	9606.ENSP00000216373	0	0	0.054	0.972	0.447	0	0.900	0.439	0.966
SOS1	PIK3R2	9606.ENSP00000384675	9606.ENSP00000222254	0	0	0	0	0	0	0.500	0.258	0.613
SOS1	RPS6KB1	9606.ENSP00000384675	9606.ENSP00000225577	0	0	0	0	0.118	0.091	0	0.334	0.419
SOS1	FGF6	9606.ENSP00000384675	9606.ENSP00000228837	0	0	0	0	0	0	0.400	0.267	0.542
SOS1	FGF23	9606.ENSP00000384675	9606.ENSP00000237837	0	0	0	0	0	0	0.400	0.117	0.447
SOS1	KRAS	9606.ENSP00000384675	9606.ENSP00000256078	0	0	0	0	0.113	0.950	0.900	0.966	0.999
SOS1	MAP2K2	9606.ENSP00000384675	9606.ENSP00000262948	0	0	0	0	0.096	0.051	0	0.777	0.792
SOS1	MAPK3	9606.ENSP00000384675	9606.ENSP00000263025	0	0.001	0	0	0.060	0.311	0.400	0.577	0.814
SOS1	PIK3CA	9606.ENSP00000384675	9606.ENSP00000263967	0	0	0	0	0.629	0	0.500	0.636	0.926
SOS1	FGF2	9606.ENSP00000384675	9606.ENSP00000264498	0	0	0	0	0.048	0	0.400	0.299	0.565
SOS1	SHC2	9606.ENSP00000384675	9606.ENSP00000264554	0	0	0	0	0	0.067	0.900	0.242	0.923
SOS1	FGF10	9606.ENSP00000384675	9606.ENSP00000264664	0	0	0	0	0	0	0.400	0.303	0.564
SOS1	EGF	9606.ENSP00000384675	9606.ENSP00000265171	0	0	0	0	0	0	0.400	0.691	0.806
SOS1	FGF7	9606.ENSP00000384675	9606.ENSP00000267843	0	0	0	0	0	0	0.400	0.325	0.577
SOS1	TP53	9606.ENSP00000384675	9606.ENSP00000269305	0	0	0	0	0.069	0	0	0.572	0.584
SOS1	ERBB2	9606.ENSP00000384675	9606.ENSP00000269571	0	0	0	0	0	0.115	0.400	0.661	0.804
SOS1	FGF18	9606.ENSP00000384675	9606.ENSP00000274625	0	0	0	0	0	0	0.400	0.308	0.567
SOS1	EGFR	9606.ENSP00000384675	9606.ENSP00000275493	0	0	0	0	0.044	0.994	0.900	0.942	0.999
SOS1	KIT	9606.ENSP00000384675	9606.ENSP00000288135	0	0	0	0	0.055	0.071	0.400	0.275	0.567
SOS1	ARAF	9606.ENSP00000384675	9606.ENSP00000290277	0	0	0	0	0.064	0.084	0	0.584	0.612
SOS1	FGF19	9606.ENSP00000384675	9606.ENSP00000294312	0	0	0	0	0	0	0.400	0.132	0.457
SOS1	MAP2K1	9606.ENSP00000384675	9606.ENSP00000302486	0	0	0	0	0.113	0.051	0	0.811	0.827
SOS1	FGF5	9606.ENSP00000384675	9606.ENSP00000311697	0	0	0	0	0	0	0.400	0.281	0.550
SOS1	FGF8	9606.ENSP00000384675	9606.ENSP00000321797	0	0	0	0	0	0	0.400	0.274	0.546
SOS1	GSK3B	9606.ENSP00000384675	9606.ENSP00000324806	0	0.002	0	0	0.206	0.084	0	0.342	0.479
SOS1	SHC4	9606.ENSP00000384675	9606.ENSP00000329668	0	0	0	0	0	0.067	0.900	0.227	0.921
SOS1	FGF3	9606.ENSP00000384675	9606.ENSP00000334122	0	0	0	0	0	0	0.400	0.274	0.546
SOS1	FGF17	9606.ENSP00000384675	9606.ENSP00000352414	0	0	0	0	0.060	0	0.400	0.281	0.559
SOS1	MTOR	9606.ENSP00000384675	9606.ENSP00000354558	0	0	0	0	0.119	0	0	0.462	0.506
SOS1	NRAS	9606.ENSP00000384675	9606.ENSP00000358548	0	0	0	0	0.113	0.377	0.900	0.886	0.992
SOS1	JUN	9606.ENSP00000384675	9606.ENSP00000360266	0	0	0	0	0	0	0	0.447	0.447
SOS1	PTEN	9606.ENSP00000384675	9606.ENSP00000361021	0	0	0	0	0.056	0.094	0	0.464	0.502
SOS1	SHC3	9606.ENSP00000384675	9606.ENSP00000364995	0	0	0	0	0.055	0.092	0.900	0.586	0.959
SOS1	PIK3CD	9606.ENSP00000384675	9606.ENSP00000366563	0	0	0	0	0.073	0	0.500	0.270	0.632
SOS1	FGF9	9606.ENSP00000384675	9606.ENSP00000371790	0	0	0	0	0.048	0	0.400	0.321	0.578
SOS1	GRB2	9606.ENSP00000384675	9606.ENSP00000376345	0	0	0	0	0.076	0.998	0.900	0.999	0.999
SOS1	IGF1	9606.ENSP00000384675	9606.ENSP00000376637	0	0	0	0	0	0	0.500	0.371	0.672
SOS1	AKT3	9606.ENSP00000384675	9606.ENSP00000500582	0	0	0	0	0.057	0.084	0	0.381	0.420
SOS1	FGF1	9606.ENSP00000384675	9606.ENSP00000480791	0	0	0	0	0.048	0	0.400	0.261	0.541
SOS1	FGF16	9606.ENSP00000384675	9606.ENSP00000399324	0	0	0	0	0.048	0	0.400	0.312	0.572
SOS1	PIK3CB	9606.ENSP00000384675	9606.ENSP00000501150	0	0	0	0	0.125	0	0.500	0.384	0.707
SOS1	IGF1R	9606.ENSP00000384675	9606.ENSP00000497069	0	0	0	0	0.049	0.084	0.500	0.409	0.708
SOS1	AKT1	9606.ENSP00000384675	9606.ENSP00000451828	0	0	0	0	0.080	0.084	0	0.744	0.765
SOS1	RAF1	9606.ENSP00000384675	9606.ENSP00000401888	0	0	0	0	0.064	0.084	0	0.798	0.812
SOS1	BRAF	9606.ENSP00000384675	9606.ENSP00000419060	0	0	0	0	0.158	0.084	0	0.881	0.900
SOS1	PIK3R1	9606.ENSP00000384675	9606.ENSP00000428056	0	0	0	0	0.144	0.613	0.500	0.612	0.927
SOS1	FGFR1	9606.ENSP00000384675	9606.ENSP00000393312	0	0	0	0	0	0.618	0.900	0.701	0.987
SOS1	SHC1	9606.ENSP00000384675	9606.ENSP00000401303	0	0	0	0	0.062	0.895	0.900	0.996	0.999
SOS1	HRAS	9606.ENSP00000384675	9606.ENSP00000407586	0	0	0	0	0.071	0.991	0.900	0.976	0.999
SOS2	MAPK1	9606.ENSP00000216373	9606.ENSP00000215832	0	0	0	0	0.110	0.067	0	0.473	0.524
SOS2	IGF1R	9606.ENSP00000216373	9606.ENSP00000497069	0	0	0	0	0.068	0.084	0	0.374	0.419
SOS2	GSK3B	9606.ENSP00000216373	9606.ENSP00000324806	0	0.001	0	0	0.142	0.084	0	0.321	0.420
SOS2	PIK3R1	9606.ENSP00000216373	9606.ENSP00000428056	0	0	0	0	0.121	0.136	0	0.300	0.421
SOS2	ESR1	9606.ENSP00000216373	9606.ENSP00000405330	0	0	0	0	0.050	0.311	0	0.202	0.432
SOS2	PTEN	9606.ENSP00000216373	9606.ENSP00000361021	0	0	0	0	0.087	0.094	0	0.407	0.467
SOS2	MTOR	9606.ENSP00000216373	9606.ENSP00000354558	0	0	0	0	0.072	0	0	0.462	0.480
SOS2	MAPK3	9606.ENSP00000216373	9606.ENSP00000263025	0	0	0	0	0.049	0.067	0	0.487	0.505
SOS2	MAP2K2	9606.ENSP00000216373	9606.ENSP00000262948	0	0	0	0	0.096	0.051	0	0.502	0.535
SOS2	ARAF	9606.ENSP00000216373	9606.ENSP00000290277	0	0	0	0	0.064	0.084	0	0.523	0.556
SOS2	AKT1	9606.ENSP00000216373	9606.ENSP00000451828	0	0	0	0	0.073	0.084	0	0.567	0.601
SOS2	JUN	9606.ENSP00000216373	9606.ENSP00000360266	0	0	0	0	0	0	0	0.609	0.609
SOS2	BRAF	9606.ENSP00000216373	9606.ENSP00000419060	0	0	0	0	0.113	0.084	0	0.582	0.631
SOS2	EGF	9606.ENSP00000216373	9606.ENSP00000265171	0	0	0	0	0	0	0	0.632	0.632
SOS2	RAF1	9606.ENSP00000216373	9606.ENSP00000401888	0	0	0	0	0.064	0.084	0	0.613	0.640
SOS2	ERBB2	9606.ENSP00000216373	9606.ENSP00000269571	0	0	0	0	0	0.115	0	0.620	0.649
SOS2	MAP2K1	9606.ENSP00000216373	9606.ENSP00000302486	0	0	0	0	0.103	0.051	0	0.622	0.651
SOS2	PIK3CA	9606.ENSP00000216373	9606.ENSP00000263967	0	0	0	0	0.791	0	0	0.356	0.860
SOS2	SHC4	9606.ENSP00000216373	9606.ENSP00000329668	0	0	0	0	0	0.067	0.900	0.166	0.915
SOS2	SHC2	9606.ENSP00000216373	9606.ENSP00000264554	0	0	0	0	0	0.067	0.900	0.228	0.921
SOS2	SHC3	9606.ENSP00000216373	9606.ENSP00000364995	0	0	0	0	0.055	0.091	0.900	0.299	0.931
SOS2	FGFR1	9606.ENSP00000216373	9606.ENSP00000393312	0	0	0	0	0	0.095	0.900	0.362	0.937
SOS2	SOS1	9606.ENSP00000216373	9606.ENSP00000384675	0	0	0.054	0.972	0.447	0	0.900	0.439	0.966
SOS2	NRAS	9606.ENSP00000216373	9606.ENSP00000358548	0	0	0	0	0.072	0.157	0.900	0.619	0.966
SOS2	HRAS	9606.ENSP00000216373	9606.ENSP00000407586	0	0	0	0	0.065	0.157	0.900	0.798	0.981
SOS2	KRAS	9606.ENSP00000216373	9606.ENSP00000256078	0	0	0	0	0.088	0.297	0.900	0.793	0.985
SOS2	EGFR	9606.ENSP00000216373	9606.ENSP00000275493	0	0	0	0	0.044	0.857	0.900	0.902	0.998
SOS2	SHC1	9606.ENSP00000216373	9606.ENSP00000401303	0	0	0	0	0.055	0.430	0.900	0.995	0.999
SOS2	GRB2	9606.ENSP00000216373	9606.ENSP00000376345	0	0	0	0	0.102	0.963	0.900	0.998	0.999
SP1	MAPK1	9606.ENSP00000329357	9606.ENSP00000215832	0	0	0	0	0.179	0.539	0.900	0.286	0.969
SP1	RPS6KB1	9606.ENSP00000329357	9606.ENSP00000225577	0	0	0	0	0.083	0.095	0.900	0.207	0.925
SP1	CCND1	9606.ENSP00000329357	9606.ENSP00000227507	0	0	0	0	0	0.292	0	0.474	0.611
SP1	CDK4	9606.ENSP00000329357	9606.ENSP00000257904	0	0	0	0	0.066	0.328	0	0.329	0.543
SP1	AXIN1	9606.ENSP00000329357	9606.ENSP00000262320	0	0	0	0	0.122	0.294	0	0.141	0.422
SP1	E2F3	9606.ENSP00000329357	9606.ENSP00000262904	0	0	0	0	0.142	0.082	0.500	0.211	0.648
SP1	MAPK3	9606.ENSP00000329357	9606.ENSP00000263025	0	0	0	0	0.072	0.539	0.900	0.424	0.972
SP1	LEF1	9606.ENSP00000329357	9606.ENSP00000265165	0	0	0	0	0	0.091	0	0.402	0.433
SP1	EGF	9606.ENSP00000329357	9606.ENSP00000265171	0	0	0	0	0	0	0	0.417	0.416
SP1	RB1	9606.ENSP00000329357	9606.ENSP00000267163	0	0	0	0	0.049	0.636	0	0.283	0.730
SP1	TP53	9606.ENSP00000329357	9606.ENSP00000269305	0	0	0	0	0.065	0.923	0	0.928	0.994
SP1	EGFR	9606.ENSP00000329357	9606.ENSP00000275493	0	0	0	0	0.044	0.045	0	0.451	0.455
SP1	FOS	9606.ENSP00000329357	9606.ENSP00000306245	0	0	0	0	0	0.066	0.900	0.453	0.944
SP1	RPS6KB2	9606.ENSP00000329357	9606.ENSP00000308413	0	0	0	0	0.049	0.095	0.900	0.125	0.914
SP1	GSK3B	9606.ENSP00000329357	9606.ENSP00000324806	0	0	0	0	0.113	0.315	0	0.344	0.567
SP1	PGR	9606.ENSP00000329357	9606.ENSP00000325120	0	0	0	0	0.042	0.523	0	0.321	0.663
SP1	BRCA2	9606.ENSP00000329357	9606.ENSP00000369497	0	0	0	0	0.056	0.292	0	0.176	0.401
SP1	PTEN	9606.ENSP00000329357	9606.ENSP00000361021	0	0	0	0	0.064	0.067	0	0.400	0.430
SP1	MTOR	9606.ENSP00000329357	9606.ENSP00000354558	0	0	0	0	0.138	0.069	0	0.366	0.447
SP1	NFKB2	9606.ENSP00000329357	9606.ENSP00000358983	0	0	0	0	0.049	0.328	0	0.405	0.587
SP1	IGF1R	9606.ENSP00000329357	9606.ENSP00000497069	0	0	0	0	0.067	0.071	0	0.576	0.601
SP1	E2F2	9606.ENSP00000329357	9606.ENSP00000355249	0	0	0	0	0.062	0.053	0.500	0.209	0.601
SP1	CDKN1A	9606.ENSP00000329357	9606.ENSP00000384849	0	0	0	0	0.065	0.294	0	0.463	0.615
SP1	BRCA1	9606.ENSP00000329357	9606.ENSP00000418960	0	0	0	0	0.060	0.513	0	0.327	0.665
SP1	AKT1	9606.ENSP00000329357	9606.ENSP00000451828	0	0	0	0	0.067	0.314	0	0.544	0.682
SP1	CTNNB1	9606.ENSP00000329357	9606.ENSP00000495360	0	0	0	0	0.091	0.524	0.098	0.647	0.844
SP1	NCOA1	9606.ENSP00000329357	9606.ENSP00000385216	0	0	0	0	0.102	0.068	0.800	0.199	0.848
SP1	NCOA3	9606.ENSP00000329357	9606.ENSP00000361066	0	0	0	0	0.133	0.068	0.900	0.254	0.931
SP1	MYC	9606.ENSP00000329357	9606.ENSP00000478887	0	0	0	0	0.060	0.785	0	0.883	0.974
SP1	E2F1	9606.ENSP00000329357	9606.ENSP00000345571	0	0	0	0	0	0.745	0.500	0.883	0.983
SP1	ESR2	9606.ENSP00000329357	9606.ENSP00000343925	0	0	0	0	0	0.523	0.900	0.786	0.988
SP1	JUN	9606.ENSP00000329357	9606.ENSP00000360266	0	0	0	0	0.102	0.794	0.900	0.826	0.996
SP1	ESR1	9606.ENSP00000329357	9606.ENSP00000405330	0	0	0	0	0	0.892	0.900	0.979	0.999
TCF7	WNT16	9606.ENSP00000340347	9606.ENSP00000222462	0	0	0	0	0	0.129	0	0.481	0.529
TCF7	WNT3	9606.ENSP00000340347	9606.ENSP00000225512	0	0	0	0	0	0.129	0	0.388	0.444
TCF7	CCND1	9606.ENSP00000340347	9606.ENSP00000227507	0	0	0	0	0.087	0	0	0.430	0.457
TCF7	WNT6	9606.ENSP00000340347	9606.ENSP00000233948	0	0	0	0	0	0.129	0	0.432	0.484
TCF7	APC	9606.ENSP00000340347	9606.ENSP00000257430	0	0	0	0	0	0.071	0.900	0.571	0.956
TCF7	WNT10A	9606.ENSP00000340347	9606.ENSP00000258411	0	0	0	0	0.042	0.129	0	0.413	0.467
TCF7	LRP6	9606.ENSP00000340347	9606.ENSP00000261349	0	0	0	0	0	0	0	0.422	0.422
TCF7	AXIN1	9606.ENSP00000340347	9606.ENSP00000262320	0	0	0	0	0.086	0.106	0.900	0.728	0.974
TCF7	WNT5A	9606.ENSP00000340347	9606.ENSP00000264634	0	0	0	0	0	0.129	0	0.462	0.511
TCF7	LEF1	9606.ENSP00000340347	9606.ENSP00000265165	0	0	0	0.884	0.284	0.095	0.540	0.560	0.851
TCF7	WNT2	9606.ENSP00000340347	9606.ENSP00000265441	0	0	0	0	0	0.129	0	0.483	0.530
TCF7	TP53	9606.ENSP00000340347	9606.ENSP00000269305	0	0	0	0	0.093	0	0	0.586	0.608
TCF7	ERBB2	9606.ENSP00000340347	9606.ENSP00000269571	0	0	0	0	0	0	0	0.502	0.502
TCF7	WNT9A	9606.ENSP00000340347	9606.ENSP00000272164	0	0	0	0	0	0.129	0	0.562	0.603
TCF7	EGFR	9606.ENSP00000340347	9606.ENSP00000275493	0	0	0	0	0	0	0	0.436	0.436
TCF7	TCF7L1	9606.ENSP00000340347	9606.ENSP00000282111	0	0	0	0.861	0	0	0.900	0.464	0.944
TCF7	WNT3A	9606.ENSP00000340347	9606.ENSP00000284523	0	0	0	0	0	0.129	0	0.745	0.768
TCF7	WNT7A	9606.ENSP00000340347	9606.ENSP00000285018	0	0	0	0	0.060	0.129	0	0.407	0.472
TCF7	FZD7	9606.ENSP00000340347	9606.ENSP00000286201	0	0	0	0	0	0	0	0.421	0.421
TCF7	FZD1	9606.ENSP00000340347	9606.ENSP00000287934	0	0	0	0	0	0	0	0.422	0.422
TCF7	WNT4	9606.ENSP00000340347	9606.ENSP00000290167	0	0	0	0	0	0.129	0	0.398	0.454
TCF7	WNT1	9606.ENSP00000340347	9606.ENSP00000293549	0	0	0	0	0.042	0.129	0	0.599	0.637
TCF7	LRP5	9606.ENSP00000340347	9606.ENSP00000294304	0	0	0	0	0	0	0	0.500	0.500
TCF7	WNT10B	9606.ENSP00000340347	9606.ENSP00000301061	0	0	0	0	0.048	0.129	0	0.426	0.483
TCF7	AXIN2	9606.ENSP00000340347	9606.ENSP00000302625	0	0	0	0	0.128	0.106	0.900	0.813	0.983
TCF7	FOS	9606.ENSP00000340347	9606.ENSP00000306245	0	0	0	0	0	0.090	0	0.383	0.415
TCF7	GSK3B	9606.ENSP00000340347	9606.ENSP00000324806	0	0	0	0	0	0.071	0	0.679	0.689
TCF7	WNT11	9606.ENSP00000340347	9606.ENSP00000325526	0	0	0	0	0	0.129	0	0.360	0.418
TCF7	FZD8	9606.ENSP00000340347	9606.ENSP00000363826	0	0	0	0	0	0	0	0.408	0.408
TCF7	FZD4	9606.ENSP00000340347	9606.ENSP00000434034	0	0	0	0	0	0	0	0.421	0.421
TCF7	WNT7B	9606.ENSP00000340347	9606.ENSP00000341032	0	0	0	0	0	0.129	0	0.375	0.433
TCF7	DVL1	9606.ENSP00000340347	9606.ENSP00000368166	0	0	0	0	0.044	0	0	0.492	0.493
TCF7	MYC	9606.ENSP00000340347	9606.ENSP00000478887	0	0	0	0	0.064	0	0	0.485	0.498
TCF7	WNT2B	9606.ENSP00000340347	9606.ENSP00000358698	0	0	0	0	0	0.129	0	0.466	0.515
TCF7	PTEN	9606.ENSP00000340347	9606.ENSP00000361021	0	0	0	0	0	0.085	0	0.526	0.548
TCF7	NOTCH1	9606.ENSP00000340347	9606.ENSP00000498587	0	0	0	0	0.096	0.045	0	0.549	0.577
TCF7	TCF7L2	9606.ENSP00000340347	9606.ENSP00000486891	0	0	0.061	0.875	0	0	0.900	0.446	0.943
TCF7	APC2	9606.ENSP00000340347	9606.ENSP00000442954	0	0	0	0	0.042	0.071	0.900	0.545	0.954
TCF7	CTNNB1	9606.ENSP00000340347	9606.ENSP00000495360	0	0	0	0	0	0.886	0.900	0.996	0.999
TCF7L1	DVL2	9606.ENSP00000282111	9606.ENSP00000005340	0	0	0	0	0.044	0	0	0.475	0.477
TCF7L1	WNT3	9606.ENSP00000282111	9606.ENSP00000225512	0	0	0	0	0.045	0.129	0	0.361	0.422
TCF7L1	CCND1	9606.ENSP00000282111	9606.ENSP00000227507	0	0	0	0	0.064	0	0	0.566	0.577
TCF7L1	WNT6	9606.ENSP00000282111	9606.ENSP00000233948	0	0	0	0	0.054	0.129	0	0.333	0.402
TCF7L1	APC	9606.ENSP00000282111	9606.ENSP00000257430	0	0	0	0	0	0.071	0.650	0.365	0.775
TCF7L1	AXIN1	9606.ENSP00000282111	9606.ENSP00000262320	0	0	0	0	0.051	0.106	0.650	0.463	0.819
TCF7L1	WNT5A	9606.ENSP00000282111	9606.ENSP00000264634	0	0	0	0	0.049	0.129	0	0.374	0.436
TCF7L1	LEF1	9606.ENSP00000282111	9606.ENSP00000265165	0	0	0.058	0.932	0	0.051	0.540	0.163	0.610
TCF7L1	TP53	9606.ENSP00000282111	9606.ENSP00000269305	0	0	0	0	0.074	0	0	0.556	0.571
TCF7L1	WNT9A	9606.ENSP00000282111	9606.ENSP00000272164	0	0	0	0	0	0.129	0	0.351	0.411
TCF7L1	FZD9	9606.ENSP00000282111	9606.ENSP00000345785	0	0	0	0	0.045	0	0	0.398	0.401
TCF7L1	FZD1	9606.ENSP00000282111	9606.ENSP00000287934	0	0	0	0	0.058	0	0	0.398	0.409
TCF7L1	WNT1	9606.ENSP00000282111	9606.ENSP00000293549	0	0	0	0	0	0.129	0	0.359	0.418
TCF7L1	WNT7B	9606.ENSP00000282111	9606.ENSP00000341032	0	0	0	0	0	0.129	0	0.359	0.418
TCF7L1	LRP5	9606.ENSP00000282111	9606.ENSP00000294304	0	0	0	0	0.054	0	0	0.420	0.428
TCF7L1	DVL1	9606.ENSP00000282111	9606.ENSP00000368166	0	0	0	0	0	0	0	0.452	0.452
TCF7L1	WNT8B	9606.ENSP00000282111	9606.ENSP00000340677	0	0	0	0	0	0.129	0	0.397	0.453
TCF7L1	FZD8	9606.ENSP00000282111	9606.ENSP00000363826	0	0	0	0	0.094	0	0	0.430	0.462
TCF7L1	WNT3A	9606.ENSP00000282111	9606.ENSP00000284523	0	0	0	0	0	0.129	0	0.422	0.475
TCF7L1	FZD7	9606.ENSP00000282111	9606.ENSP00000286201	0	0	0	0	0.097	0	0	0.444	0.476
TCF7L1	PTEN	9606.ENSP00000282111	9606.ENSP00000361021	0	0	0	0	0	0.085	0	0.480	0.504
TCF7L1	FZD5	9606.ENSP00000282111	9606.ENSP00000354607	0	0	0	0	0.099	0	0	0.578	0.603
TCF7L1	APC2	9606.ENSP00000282111	9606.ENSP00000442954	0	0	0	0	0	0.071	0.650	0.166	0.705
TCF7L1	MYC	9606.ENSP00000282111	9606.ENSP00000478887	0	0	0	0	0.050	0	0.500	0.585	0.785
TCF7L1	AXIN2	9606.ENSP00000282111	9606.ENSP00000302625	0	0	0	0	0.051	0.106	0.650	0.721	0.906
TCF7L1	TCF7	9606.ENSP00000282111	9606.ENSP00000340347	0	0	0	0.861	0	0	0.900	0.464	0.944
TCF7L1	TCF7L2	9606.ENSP00000282111	9606.ENSP00000486891	0	0	0	0.951	0.068	0	0.900	0.628	0.962
TCF7L1	CTNNB1	9606.ENSP00000282111	9606.ENSP00000495360	0	0	0	0	0	0.808	0.900	0.963	0.999
TCF7L2	MAPK1	9606.ENSP00000486891	9606.ENSP00000215832	0	0	0	0	0.055	0	0	0.449	0.457
TCF7L2	WNT3	9606.ENSP00000486891	9606.ENSP00000225512	0	0	0	0	0	0.129	0	0.374	0.431
TCF7L2	CCND1	9606.ENSP00000486891	9606.ENSP00000227507	0	0	0	0	0.063	0.292	0.500	0.522	0.820
TCF7L2	KRAS	9606.ENSP00000486891	9606.ENSP00000256078	0	0	0	0	0.059	0	0	0.417	0.428
TCF7L2	NOTCH2	9606.ENSP00000486891	9606.ENSP00000256646	0	0	0	0	0.055	0.051	0	0.464	0.478
TCF7L2	APC	9606.ENSP00000486891	9606.ENSP00000257430	0	0	0	0	0	0.071	0.650	0.475	0.814
TCF7L2	LRP6	9606.ENSP00000486891	9606.ENSP00000261349	0	0	0	0	0.058	0	0	0.500	0.509
TCF7L2	AXIN1	9606.ENSP00000486891	9606.ENSP00000262320	0	0	0	0	0.051	0.106	0.650	0.739	0.912
TCF7L2	WNT5A	9606.ENSP00000486891	9606.ENSP00000264634	0	0	0	0	0	0.129	0	0.464	0.513
TCF7L2	LEF1	9606.ENSP00000486891	9606.ENSP00000265165	0	0	0	0.946	0	0.516	0.540	0.135	0.791
TCF7L2	WNT2	9606.ENSP00000486891	9606.ENSP00000265441	0	0	0	0	0.044	0.129	0	0.369	0.429
TCF7L2	TP53	9606.ENSP00000486891	9606.ENSP00000269305	0	0	0	0	0.072	0	0	0.649	0.660
TCF7L2	TCF7L1	9606.ENSP00000486891	9606.ENSP00000282111	0	0	0	0.951	0.068	0	0.900	0.628	0.962
TCF7L2	WNT3A	9606.ENSP00000486891	9606.ENSP00000284523	0	0	0	0	0	0.129	0	0.677	0.706
TCF7L2	WNT7A	9606.ENSP00000486891	9606.ENSP00000285018	0	0	0	0	0	0.129	0	0.353	0.413
TCF7L2	FZD1	9606.ENSP00000486891	9606.ENSP00000287934	0	0	0	0	0.064	0	0	0.404	0.418
TCF7L2	WNT4	9606.ENSP00000486891	9606.ENSP00000290167	0	0	0	0	0.042	0.129	0	0.398	0.454
TCF7L2	WNT1	9606.ENSP00000486891	9606.ENSP00000293549	0	0	0	0	0	0.129	0	0.463	0.512
TCF7L2	LRP5	9606.ENSP00000486891	9606.ENSP00000294304	0	0	0	0	0.056	0	0	0.530	0.537
TCF7L2	WNT10B	9606.ENSP00000486891	9606.ENSP00000301061	0	0	0	0	0	0.129	0	0.574	0.613
TCF7L2	AXIN2	9606.ENSP00000486891	9606.ENSP00000302625	0	0	0	0	0.051	0.339	0.650	0.648	0.912
TCF7L2	FOS	9606.ENSP00000486891	9606.ENSP00000306245	0	0	0	0	0.047	0.099	0	0.586	0.614
TCF7L2	GSK3B	9606.ENSP00000486891	9606.ENSP00000324806	0	0	0	0	0.044	0.071	0	0.549	0.564
TCF7L2	WNT11	9606.ENSP00000486891	9606.ENSP00000325526	0	0	0	0	0.044	0.129	0	0.351	0.413
TCF7L2	TCF7	9606.ENSP00000486891	9606.ENSP00000340347	0	0	0.061	0.875	0	0	0.900	0.446	0.943
TCF7L2	WNT7B	9606.ENSP00000486891	9606.ENSP00000341032	0	0	0	0	0	0.129	0	0.352	0.412
TCF7L2	WNT2B	9606.ENSP00000486891	9606.ENSP00000358698	0	0	0	0	0.043	0.129	0	0.363	0.423
TCF7L2	JUN	9606.ENSP00000486891	9606.ENSP00000360266	0	0	0	0	0.044	0	0	0.692	0.693
TCF7L2	PTEN	9606.ENSP00000486891	9606.ENSP00000361021	0	0	0	0	0.044	0.085	0	0.592	0.612
TCF7L2	FZD8	9606.ENSP00000486891	9606.ENSP00000363826	0	0	0	0	0.080	0	0	0.381	0.407
TCF7L2	DVL1	9606.ENSP00000486891	9606.ENSP00000368166	0	0	0	0	0.044	0	0	0.653	0.654
TCF7L2	WNT5B	9606.ENSP00000486891	9606.ENSP00000380379	0	0	0	0	0	0.129	0	0.414	0.468
TCF7L2	ESR1	9606.ENSP00000486891	9606.ENSP00000405330	0	0	0	0	0	0.091	0	0.409	0.440
TCF7L2	APC2	9606.ENSP00000486891	9606.ENSP00000442954	0	0	0	0	0	0.071	0.650	0.200	0.717
TCF7L2	AKT1	9606.ENSP00000486891	9606.ENSP00000451828	0	0	0	0	0.062	0.045	0	0.409	0.425
TCF7L2	MYC	9606.ENSP00000486891	9606.ENSP00000478887	0	0	0	0	0.050	0.292	0.500	0.691	0.882
TCF7L2	CTNNB1	9606.ENSP00000486891	9606.ENSP00000495360	0	0	0	0	0.049	0.997	0.900	0.998	0.999
TNFSF11	FGF4	9606.ENSP00000381775	9606.ENSP00000168712	0	0	0	0	0.055	0	0	0.447	0.455
TNFSF11	FGF20	9606.ENSP00000381775	9606.ENSP00000180166	0	0	0	0	0.053	0	0	0.448	0.454
TNFSF11	FGF22	9606.ENSP00000381775	9606.ENSP00000215530	0	0	0	0	0	0	0	0.448	0.448
TNFSF11	WNT16	9606.ENSP00000381775	9606.ENSP00000222462	0	0	0	0	0.062	0	0	0.444	0.456
TNFSF11	CCND1	9606.ENSP00000381775	9606.ENSP00000227507	0	0	0	0	0	0	0	0.628	0.628
TNFSF11	FGF6	9606.ENSP00000381775	9606.ENSP00000228837	0	0	0	0	0	0	0	0.467	0.467
TNFSF11	FGF23	9606.ENSP00000381775	9606.ENSP00000237837	0	0	0	0	0.047	0	0	0.661	0.664
TNFSF11	JAG1	9606.ENSP00000381775	9606.ENSP00000254958	0	0	0	0	0	0	0	0.434	0.434
TNFSF11	LRP6	9606.ENSP00000381775	9606.ENSP00000261349	0	0	0	0	0	0	0	0.484	0.484
TNFSF11	MAPK3	9606.ENSP00000381775	9606.ENSP00000263025	0	0	0	0	0	0	0	0.541	0.541
TNFSF11	FGF2	9606.ENSP00000381775	9606.ENSP00000264498	0	0	0	0	0	0	0	0.479	0.479
TNFSF11	WNT5A	9606.ENSP00000381775	9606.ENSP00000264634	0	0	0	0	0	0	0	0.470	0.470
TNFSF11	FGF10	9606.ENSP00000381775	9606.ENSP00000264664	0	0	0	0	0.042	0	0	0.447	0.447
TNFSF11	LEF1	9606.ENSP00000381775	9606.ENSP00000265165	0	0	0	0	0.105	0	0	0.472	0.507
TNFSF11	EGF	9606.ENSP00000381775	9606.ENSP00000265171	0	0	0	0	0	0	0	0.420	0.420
TNFSF11	FGF7	9606.ENSP00000381775	9606.ENSP00000267843	0	0	0	0	0.047	0	0	0.474	0.477
TNFSF11	TP53	9606.ENSP00000381775	9606.ENSP00000269305	0	0	0	0	0.086	0	0	0.433	0.459
TNFSF11	ERBB2	9606.ENSP00000381775	9606.ENSP00000269571	0	0	0	0	0	0	0	0.401	0.400
TNFSF11	FGF18	9606.ENSP00000381775	9606.ENSP00000274625	0	0	0	0	0.042	0	0	0.474	0.474
TNFSF11	EGFR	9606.ENSP00000381775	9606.ENSP00000275493	0	0	0	0	0	0	0	0.756	0.756
TNFSF11	WNT3A	9606.ENSP00000381775	9606.ENSP00000284523	0	0	0	0	0	0	0	0.506	0.506
TNFSF11	WNT4	9606.ENSP00000381775	9606.ENSP00000290167	0	0	0	0	0	0	0	0.640	0.640
TNFSF11	WNT1	9606.ENSP00000381775	9606.ENSP00000293549	0	0	0	0	0	0	0	0.420	0.420
TNFSF11	LRP5	9606.ENSP00000381775	9606.ENSP00000294304	0	0	0	0	0	0	0	0.800	0.800
TNFSF11	WNT10B	9606.ENSP00000381775	9606.ENSP00000301061	0	0	0	0	0	0	0	0.506	0.506
TNFSF11	FOS	9606.ENSP00000381775	9606.ENSP00000306245	0	0	0	0	0.055	0	0	0.853	0.856
TNFSF11	FGF5	9606.ENSP00000381775	9606.ENSP00000311697	0	0	0	0	0	0	0	0.448	0.448
TNFSF11	FGF8	9606.ENSP00000381775	9606.ENSP00000321797	0	0	0	0	0.049	0	0	0.476	0.480
TNFSF11	GSK3B	9606.ENSP00000381775	9606.ENSP00000324806	0	0	0	0	0	0	0	0.447	0.447
TNFSF11	PGR	9606.ENSP00000381775	9606.ENSP00000325120	0	0	0	0	0.057	0	0	0.418	0.428
TNFSF11	FGF3	9606.ENSP00000381775	9606.ENSP00000334122	0	0	0	0	0.042	0	0	0.448	0.448
TNFSF11	ESR2	9606.ENSP00000381775	9606.ENSP00000343925	0	0	0	0	0.057	0	0	0.431	0.441
TNFSF11	FGF17	9606.ENSP00000381775	9606.ENSP00000352414	0	0	0	0	0	0	0	0.447	0.447
TNFSF11	NFKB2	9606.ENSP00000381775	9606.ENSP00000358983	0	0	0	0	0.105	0	0	0.447	0.483
TNFSF11	JUN	9606.ENSP00000381775	9606.ENSP00000360266	0	0	0	0	0	0	0	0.738	0.738
TNFSF11	BRCA2	9606.ENSP00000381775	9606.ENSP00000369497	0	0	0	0	0.058	0	0	0.466	0.475
TNFSF11	FGF9	9606.ENSP00000381775	9606.ENSP00000371790	0	0	0	0	0	0	0	0.472	0.472
TNFSF11	GRB2	9606.ENSP00000381775	9606.ENSP00000376345	0	0	0	0	0.103	0	0	0.381	0.421
TNFSF11	IGF1	9606.ENSP00000381775	9606.ENSP00000376637	0	0	0	0	0.060	0	0	0.801	0.804
TNFSF11	MYC	9606.ENSP00000381775	9606.ENSP00000478887	0	0	0	0	0.083	0	0	0.396	0.423
TNFSF11	FGF16	9606.ENSP00000381775	9606.ENSP00000399324	0	0	0	0	0.044	0	0	0.448	0.449
TNFSF11	SHC1	9606.ENSP00000381775	9606.ENSP00000401303	0	0	0	0	0	0	0	0.583	0.583
TNFSF11	ESR1	9606.ENSP00000381775	9606.ENSP00000405330	0	0	0	0	0.055	0	0	0.646	0.651
TNFSF11	IGF1R	9606.ENSP00000381775	9606.ENSP00000497069	0	0	0	0	0	0	0	0.678	0.678
TNFSF11	CTNNB1	9606.ENSP00000381775	9606.ENSP00000495360	0	0	0	0	0	0	0	0.697	0.697
TNFSF11	AKT1	9606.ENSP00000381775	9606.ENSP00000451828	0	0	0	0	0	0	0	0.751	0.751
TP53	DVL2	9606.ENSP00000269305	9606.ENSP00000005340	0	0	0	0	0.067	0.360	0	0.326	0.562
TP53	FGF4	9606.ENSP00000269305	9606.ENSP00000168712	0	0	0	0	0	0	0	0.572	0.572
TP53	FGF20	9606.ENSP00000269305	9606.ENSP00000180166	0	0	0	0	0	0	0	0.526	0.526
TP53	FGF22	9606.ENSP00000269305	9606.ENSP00000215530	0	0	0	0	0	0	0	0.523	0.523
TP53	GADD45B	9606.ENSP00000269305	9606.ENSP00000215631	0	0	0	0	0	0	0.900	0.660	0.964
TP53	MAPK1	9606.ENSP00000269305	9606.ENSP00000215832	0	0	0	0	0.045	0.806	0.900	0.912	0.998
TP53	RPS6KB1	9606.ENSP00000269305	9606.ENSP00000225577	0	0	0	0	0	0	0	0.700	0.700
TP53	CCND1	9606.ENSP00000269305	9606.ENSP00000227507	0	0	0	0	0	0.292	0	0.928	0.946
TP53	FGF6	9606.ENSP00000269305	9606.ENSP00000228837	0	0	0	0	0	0	0	0.526	0.526
TP53	POLK	9606.ENSP00000269305	9606.ENSP00000241436	0	0	0	0	0	0.168	0.900	0.097	0.918
TP53	GADD45G	9606.ENSP00000269305	9606.ENSP00000252506	0	0	0	0	0	0	0.900	0.400	0.937
TP53	JAG1	9606.ENSP00000269305	9606.ENSP00000254958	0	0	0	0	0	0.045	0	0.507	0.509
TP53	KRAS	9606.ENSP00000269305	9606.ENSP00000256078	0	0	0	0	0.074	0	0	0.947	0.949
TP53	NOTCH2	9606.ENSP00000269305	9606.ENSP00000256646	0	0	0	0	0.049	0.045	0	0.602	0.607
TP53	DDB2	9606.ENSP00000269305	9606.ENSP00000256996	0	0	0	0	0.202	0.095	0.900	0.745	0.979
TP53	APC	9606.ENSP00000269305	9606.ENSP00000257430	0	0	0	0	0	0.126	0	0.573	0.610
TP53	CDK4	9606.ENSP00000269305	9606.ENSP00000257904	0	0	0	0	0.117	0.554	0	0.922	0.966
TP53	FLT4	9606.ENSP00000269305	9606.ENSP00000261937	0	0	0	0	0.059	0	0	0.433	0.443
TP53	AXIN1	9606.ENSP00000269305	9606.ENSP00000262320	0	0	0	0	0.049	0.639	0	0.746	0.905
TP53	PIK3R3	9606.ENSP00000269305	9606.ENSP00000262741	0	0	0	0	0	0.292	0	0.348	0.518
TP53	E2F3	9606.ENSP00000269305	9606.ENSP00000262904	0	0	0	0	0	0	0	0.707	0.707
TP53	MAP2K2	9606.ENSP00000269305	9606.ENSP00000262948	0	0	0	0	0.056	0	0	0.417	0.426
TP53	MAPK3	9606.ENSP00000269305	9606.ENSP00000263025	0	0	0	0	0.060	0.626	0.900	0.871	0.994
TP53	NOTCH3	9606.ENSP00000269305	9606.ENSP00000263388	0	0	0	0	0	0.045	0	0.709	0.710
TP53	PIK3CA	9606.ENSP00000269305	9606.ENSP00000263967	0	0	0	0	0	0.292	0	0.920	0.941
TP53	FGF2	9606.ENSP00000269305	9606.ENSP00000264498	0	0	0	0	0	0	0	0.754	0.754
TP53	WNT5A	9606.ENSP00000269305	9606.ENSP00000264634	0	0	0	0	0	0	0	0.477	0.477
TP53	FGF10	9606.ENSP00000269305	9606.ENSP00000264664	0	0	0	0	0	0.164	0	0.548	0.606
TP53	LEF1	9606.ENSP00000269305	9606.ENSP00000265165	0	0	0	0	0.107	0	0	0.518	0.551
TP53	EGF	9606.ENSP00000269305	9606.ENSP00000265171	0	0	0	0	0	0	0	0.780	0.780
TP53	WNT2	9606.ENSP00000269305	9606.ENSP00000265441	0	0	0	0	0	0	0	0.433	0.433
TP53	CDK6	9606.ENSP00000269305	9606.ENSP00000265734	0	0	0	0	0.063	0.179	0	0.771	0.808
TP53	RB1	9606.ENSP00000269305	9606.ENSP00000267163	0	0	0	0	0.064	0.510	0	0.872	0.936
TP53	FGF7	9606.ENSP00000269305	9606.ENSP00000267843	0	0	0	0	0	0	0	0.572	0.572
TP53	JAG2	9606.ENSP00000269305	9606.ENSP00000328169	0	0	0	0	0	0.045	0	0.418	0.420
TP53	FGF19	9606.ENSP00000269305	9606.ENSP00000294312	0	0	0	0	0	0	0	0.424	0.424
TP53	TNFSF11	9606.ENSP00000269305	9606.ENSP00000381775	0	0	0	0	0.086	0	0	0.433	0.459
TP53	PIK3CD	9606.ENSP00000269305	9606.ENSP00000366563	0	0	0	0	0.042	0	0	0.461	0.462
TP53	WNT3A	9606.ENSP00000269305	9606.ENSP00000284523	0	0	0	0	0	0	0	0.474	0.474
TP53	PIK3CB	9606.ENSP00000269305	9606.ENSP00000501150	0	0	0	0	0	0	0	0.476	0.476
TP53	RPS6KB2	9606.ENSP00000269305	9606.ENSP00000308413	0	0	0	0	0	0	0	0.506	0.506
TP53	FGF16	9606.ENSP00000269305	9606.ENSP00000399324	0	0	0	0	0	0	0	0.522	0.522
TP53	AXIN2	9606.ENSP00000269305	9606.ENSP00000302625	0	0	0	0	0	0.071	0	0.512	0.527
TP53	FGF17	9606.ENSP00000269305	9606.ENSP00000352414	0	0	0	0	0	0	0	0.527	0.527
TP53	FGF18	9606.ENSP00000269305	9606.ENSP00000274625	0	0	0	0	0	0	0	0.530	0.530
TP53	NFKB2	9606.ENSP00000269305	9606.ENSP00000358983	0	0	0	0	0.076	0.167	0	0.447	0.537
TP53	FGF5	9606.ENSP00000269305	9606.ENSP00000311697	0	0	0	0	0	0	0	0.540	0.540
TP53	FGF9	9606.ENSP00000269305	9606.ENSP00000371790	0	0	0	0	0	0	0	0.542	0.542
TP53	FGF8	9606.ENSP00000269305	9606.ENSP00000321797	0	0	0	0	0	0	0	0.543	0.543
TP53	ARAF	9606.ENSP00000269305	9606.ENSP00000290277	0	0	0	0	0.088	0.192	0	0.431	0.544
TP53	TCF7L1	9606.ENSP00000269305	9606.ENSP00000282111	0	0	0	0	0.074	0	0	0.556	0.571
TP53	FGF3	9606.ENSP00000269305	9606.ENSP00000334122	0	0	0	0	0	0	0	0.573	0.573
TP53	NOTCH4	9606.ENSP00000269305	9606.ENSP00000364163	0	0	0	0	0	0.294	0	0.420	0.573
TP53	SOS1	9606.ENSP00000269305	9606.ENSP00000384675	0	0	0	0	0.069	0	0	0.572	0.584
TP53	RAF1	9606.ENSP00000269305	9606.ENSP00000401888	0	0	0	0	0.081	0	0	0.588	0.605
TP53	WNT4	9606.ENSP00000269305	9606.ENSP00000290167	0	0	0	0	0	0.165	0	0.549	0.607
TP53	TCF7	9606.ENSP00000269305	9606.ENSP00000340347	0	0	0	0	0.093	0	0	0.586	0.608
TP53	NCOA3	9606.ENSP00000269305	9606.ENSP00000361066	0	0	0	0	0.049	0.292	0	0.507	0.639
TP53	TCF7L2	9606.ENSP00000269305	9606.ENSP00000486891	0	0	0	0	0.072	0	0	0.649	0.660
TP53	MAP2K1	9606.ENSP00000269305	9606.ENSP00000302486	0	0	0	0	0	0	0	0.667	0.667
TP53	FGFR1	9606.ENSP00000269305	9606.ENSP00000393312	0	0	0	0	0.046	0	0	0.668	0.669
TP53	SHC1	9606.ENSP00000269305	9606.ENSP00000401303	0	0	0	0	0.084	0	0	0.659	0.675
TP53	WNT1	9606.ENSP00000269305	9606.ENSP00000293549	0	0	0	0	0	0	0	0.688	0.688
TP53	HEY1	9606.ENSP00000269305	9606.ENSP00000338272	0	0	0	0	0	0.510	0	0.419	0.703
TP53	IGF1	9606.ENSP00000269305	9606.ENSP00000376637	0	0	0	0	0	0	0	0.720	0.720
TP53	GRB2	9606.ENSP00000269305	9606.ENSP00000376345	0	0	0	0	0.049	0.305	0	0.675	0.766
TP53	ESR2	9606.ENSP00000269305	9606.ENSP00000343925	0	0	0	0	0	0	0	0.783	0.783
TP53	NOTCH1	9606.ENSP00000269305	9606.ENSP00000498587	0	0	0	0	0.049	0.045	0	0.786	0.789
TP53	E2F2	9606.ENSP00000269305	9606.ENSP00000355249	0	0	0	0	0.067	0	0	0.786	0.791
TP53	KIT	9606.ENSP00000269305	9606.ENSP00000288135	0	0	0	0	0.046	0.239	0	0.767	0.816
TP53	NCOA1	9606.ENSP00000269305	9606.ENSP00000385216	0	0	0	0	0	0.292	0	0.765	0.826
TP53	PGR	9606.ENSP00000269305	9606.ENSP00000325120	0	0	0	0	0	0	0	0.849	0.849
TP53	IGF1R	9606.ENSP00000269305	9606.ENSP00000497069	0	0	0	0	0.049	0.292	0	0.800	0.853
TP53	PIK3R1	9606.ENSP00000269305	9606.ENSP00000428056	0	0	0	0	0	0	0	0.853	0.853
TP53	MTOR	9606.ENSP00000269305	9606.ENSP00000354558	0	0	0	0	0	0.466	0	0.773	0.874
TP53	NRAS	9606.ENSP00000269305	9606.ENSP00000358548	0	0	0	0	0.080	0	0	0.871	0.876
TP53	BRAF	9606.ENSP00000269305	9606.ENSP00000419060	0	0	0	0	0.076	0	0	0.883	0.887
TP53	HRAS	9606.ENSP00000269305	9606.ENSP00000407586	0	0	0	0	0.083	0.292	0	0.894	0.925
TP53	CTNNB1	9606.ENSP00000269305	9606.ENSP00000495360	0	0	0	0	0.049	0	0	0.927	0.927
TP53	ERBB2	9606.ENSP00000269305	9606.ENSP00000269571	0	0	0	0	0.060	0.172	0	0.924	0.935
TP53	EGFR	9606.ENSP00000269305	9606.ENSP00000275493	0	0	0	0	0	0.329	0	0.919	0.943
TP53	FOS	9606.ENSP00000269305	9606.ENSP00000306245	0	0	0	0	0.053	0.230	0.500	0.884	0.952
TP53	AKT3	9606.ENSP00000269305	9606.ENSP00000500582	0	0	0	0	0	0	0.900	0.555	0.953
TP53	AKT2	9606.ENSP00000269305	9606.ENSP00000375892	0	0	0	0	0.072	0	0.900	0.734	0.973
TP53	E2F1	9606.ENSP00000269305	9606.ENSP00000345571	0	0	0	0	0	0.510	0	0.974	0.986
TP53	GADD45A	9606.ENSP00000269305	9606.ENSP00000360025	0	0	0	0	0	0.069	0.900	0.913	0.991
TP53	GSK3B	9606.ENSP00000269305	9606.ENSP00000324806	0	0	0	0	0	0.633	0	0.981	0.992
TP53	ESR1	9606.ENSP00000269305	9606.ENSP00000405330	0	0	0	0	0	0.735	0	0.974	0.992
TP53	BAX	9606.ENSP00000269305	9606.ENSP00000293288	0	0	0	0	0.080	0.782	0.900	0.774	0.994
TP53	SP1	9606.ENSP00000269305	9606.ENSP00000329357	0	0	0	0	0.065	0.923	0	0.928	0.994
TP53	AKT1	9606.ENSP00000269305	9606.ENSP00000451828	0	0	0	0	0.049	0.184	0.900	0.934	0.994
TP53	BRCA2	9606.ENSP00000269305	9606.ENSP00000369497	0	0	0	0	0.066	0.828	0	0.974	0.995
TP53	JUN	9606.ENSP00000269305	9606.ENSP00000360266	0	0	0	0	0	0.324	0.500	0.992	0.997
TP53	MYC	9606.ENSP00000269305	9606.ENSP00000478887	0	0	0	0	0.067	0.300	0	0.997	0.997
TP53	BAK1	9606.ENSP00000269305	9606.ENSP00000363591	0	0	0	0	0.054	0.791	0.900	0.866	0.997
TP53	BRCA1	9606.ENSP00000269305	9606.ENSP00000418960	0	0	0	0	0.067	0.895	0.500	0.999	0.999
TP53	CDKN1A	9606.ENSP00000269305	9606.ENSP00000384849	0	0	0	0	0	0.925	0.900	0.960	0.999
TP53	PTEN	9606.ENSP00000269305	9606.ENSP00000361021	0	0	0	0	0.067	0.748	0.900	0.968	0.999
WNT1	DVL2	9606.ENSP00000293549	9606.ENSP00000005340	0	0	0	0	0	0.132	0.500	0.542	0.784
WNT1	FGF4	9606.ENSP00000293549	9606.ENSP00000168712	0	0	0	0	0.050	0.050	0	0.488	0.498
WNT1	FGF20	9606.ENSP00000293549	9606.ENSP00000180166	0	0	0	0	0.046	0.050	0	0.455	0.463
WNT1	FGF22	9606.ENSP00000293549	9606.ENSP00000215530	0	0	0	0	0.081	0.050	0	0.455	0.483
WNT1	WNT16	9606.ENSP00000293549	9606.ENSP00000222462	0	0	0	0.883	0	0	0.500	0.490	0.734
WNT1	WNT3	9606.ENSP00000293549	9606.ENSP00000225512	0	0	0	0.917	0.042	0.073	0.500	0.419	0.707
WNT1	CCND1	9606.ENSP00000293549	9606.ENSP00000227507	0	0	0	0	0	0	0	0.652	0.652
WNT1	FGF6	9606.ENSP00000293549	9606.ENSP00000228837	0	0	0	0	0.055	0.050	0	0.459	0.472
WNT1	FZD10	9606.ENSP00000293549	9606.ENSP00000229030	0	0	0	0	0	0.234	0.900	0.834	0.986
WNT1	WNT6	9606.ENSP00000293549	9606.ENSP00000233948	0	0	0	0.896	0.056	0	0.500	0.431	0.707
WNT1	FZD3	9606.ENSP00000293549	9606.ENSP00000240093	0	0	0	0	0	0.234	0.900	0.531	0.960
WNT1	JAG1	9606.ENSP00000293549	9606.ENSP00000254958	0	0	0	0	0	0.094	0	0.676	0.694
WNT1	NOTCH2	9606.ENSP00000293549	9606.ENSP00000256646	0	0	0	0	0	0.094	0	0.385	0.419
WNT1	APC	9606.ENSP00000293549	9606.ENSP00000257430	0	0	0	0	0	0.058	0.500	0.532	0.760
WNT1	WNT10A	9606.ENSP00000293549	9606.ENSP00000258411	0	0	0.063	0.879	0.064	0	0.500	0.142	0.573
WNT1	LRP6	9606.ENSP00000293549	9606.ENSP00000261349	0	0	0	0	0	0.388	0.650	0.997	0.999
WNT1	AXIN1	9606.ENSP00000293549	9606.ENSP00000262320	0	0	0	0	0.056	0.092	0.500	0.831	0.918
WNT1	NOTCH3	9606.ENSP00000293549	9606.ENSP00000263388	0	0	0	0	0	0.094	0	0.561	0.585
WNT1	FGF2	9606.ENSP00000293549	9606.ENSP00000264498	0	0	0	0	0	0.050	0	0.475	0.480
WNT1	WNT5A	9606.ENSP00000293549	9606.ENSP00000264634	0	0	0	0.901	0	0	0.500	0.494	0.736
WNT1	FGF10	9606.ENSP00000293549	9606.ENSP00000264664	0	0	0	0	0.055	0.050	0	0.497	0.509
WNT1	LEF1	9606.ENSP00000293549	9606.ENSP00000265165	0	0	0	0	0.050	0.129	0	0.699	0.730
WNT1	EGF	9606.ENSP00000293549	9606.ENSP00000265171	0	0	0	0	0	0.091	0	0.493	0.520
WNT1	WNT2	9606.ENSP00000293549	9606.ENSP00000265441	0	0	0	0.900	0.042	0	0.500	0.418	0.696
WNT1	FGF7	9606.ENSP00000293549	9606.ENSP00000267843	0	0	0	0	0	0.050	0	0.453	0.458
WNT1	TP53	9606.ENSP00000293549	9606.ENSP00000269305	0	0	0	0	0	0	0	0.688	0.688
WNT1	ERBB2	9606.ENSP00000293549	9606.ENSP00000269571	0	0	0	0	0	0	0	0.506	0.506
WNT1	WNT9A	9606.ENSP00000293549	9606.ENSP00000272164	0	0	0	0.850	0.060	0.080	0.500	0.431	0.721
WNT1	FGF18	9606.ENSP00000293549	9606.ENSP00000274625	0	0	0	0	0	0.050	0	0.456	0.461
WNT1	EGFR	9606.ENSP00000293549	9606.ENSP00000275493	0	0	0	0	0	0	0	0.453	0.453
WNT1	TCF7L1	9606.ENSP00000293549	9606.ENSP00000282111	0	0	0	0	0	0.129	0	0.359	0.418
WNT1	WNT3A	9606.ENSP00000293549	9606.ENSP00000284523	0	0	0	0.915	0.042	0.073	0.500	0.667	0.832
WNT1	WNT7A	9606.ENSP00000293549	9606.ENSP00000285018	0	0	0	0.895	0.044	0	0.500	0.125	0.545
WNT1	FZD7	9606.ENSP00000293549	9606.ENSP00000286201	0	0	0	0	0	0.234	0.900	0.840	0.986
WNT1	FZD1	9606.ENSP00000293549	9606.ENSP00000287934	0	0	0	0	0	0.234	0.900	0.970	0.997
WNT1	WNT9B	9606.ENSP00000293549	9606.ENSP00000290015	0	0	0	0.857	0.062	0.080	0.500	0.505	0.758
WNT1	WNT4	9606.ENSP00000293549	9606.ENSP00000290167	0	0	0	0.922	0.047	0	0.900	0.157	0.912
WNT1	IGF1	9606.ENSP00000293549	9606.ENSP00000376637	0	0	0	0	0	0	0	0.400	0.400
WNT1	TNFSF11	9606.ENSP00000293549	9606.ENSP00000381775	0	0	0	0	0	0	0	0.420	0.420
WNT1	JUN	9606.ENSP00000293549	9606.ENSP00000360266	0	0	0	0	0	0	0	0.434	0.434
WNT1	FRAT1	9606.ENSP00000293549	9606.ENSP00000360060	0	0	0	0	0.045	0	0	0.433	0.435
WNT1	FGF17	9606.ENSP00000293549	9606.ENSP00000352414	0	0	0	0	0.056	0.050	0	0.436	0.450
WNT1	ESR1	9606.ENSP00000293549	9606.ENSP00000405330	0	0	0	0	0	0	0	0.460	0.460
WNT1	FGF16	9606.ENSP00000293549	9606.ENSP00000399324	0	0	0	0	0.071	0.050	0	0.437	0.460
WNT1	FGF9	9606.ENSP00000293549	9606.ENSP00000371790	0	0	0	0	0.047	0.050	0	0.455	0.464
WNT1	FGF5	9606.ENSP00000293549	9606.ENSP00000311697	0	0	0	0	0.047	0.050	0	0.463	0.471
WNT1	NOTCH1	9606.ENSP00000293549	9606.ENSP00000498587	0	0	0	0	0.055	0.079	0	0.473	0.502
WNT1	TCF7L2	9606.ENSP00000293549	9606.ENSP00000486891	0	0	0	0	0	0.129	0	0.463	0.512
WNT1	WNT5B	9606.ENSP00000293549	9606.ENSP00000380379	0	0	0	0.894	0	0	0.500	0.125	0.543
WNT1	AKT1	9606.ENSP00000293549	9606.ENSP00000451828	0	0	0	0	0	0.092	0	0.561	0.584
WNT1	WNT11	9606.ENSP00000293549	9606.ENSP00000325526	0	0	0	0.871	0.068	0	0.500	0.206	0.597
WNT1	TCF7	9606.ENSP00000293549	9606.ENSP00000340347	0	0	0	0	0.042	0.129	0	0.599	0.637
WNT1	WNT7B	9606.ENSP00000293549	9606.ENSP00000341032	0	0	0	0.895	0.056	0	0.500	0.324	0.653
WNT1	FGF3	9606.ENSP00000293549	9606.ENSP00000334122	0	0	0	0	0.049	0.066	0	0.655	0.667
WNT1	PTEN	9606.ENSP00000293549	9606.ENSP00000361021	0	0	0	0	0.086	0.066	0	0.644	0.670
WNT1	WNT8B	9606.ENSP00000293549	9606.ENSP00000340677	0	0	0	0.857	0.115	0	0.500	0.337	0.681
WNT1	WNT2B	9606.ENSP00000293549	9606.ENSP00000358698	0	0	0	0.900	0	0	0.500	0.417	0.696
WNT1	WNT8A	9606.ENSP00000293549	9606.ENSP00000426653	0	0	0	0.858	0	0	0.500	0.441	0.708
WNT1	AXIN2	9606.ENSP00000293549	9606.ENSP00000302625	0	0	0	0	0.058	0.092	0	0.693	0.715
WNT1	MYC	9606.ENSP00000293549	9606.ENSP00000478887	0	0	0	0	0	0	0	0.734	0.734
WNT1	WNT10B	9606.ENSP00000293549	9606.ENSP00000301061	0	0	0.071	0.867	0.139	0	0.500	0.451	0.751
WNT1	FGF8	9606.ENSP00000293549	9606.ENSP00000321797	0	0	0	0	0.066	0.050	0	0.795	0.802
WNT1	DVL3	9606.ENSP00000293549	9606.ENSP00000316054	0	0	0	0	0	0.132	0.500	0.678	0.848
WNT1	GSK3B	9606.ENSP00000293549	9606.ENSP00000324806	0	0	0	0	0	0.112	0.500	0.793	0.900
WNT1	DVL1	9606.ENSP00000293549	9606.ENSP00000368166	0	0	0	0	0	0.132	0.500	0.893	0.949
WNT1	CTNNB1	9606.ENSP00000293549	9606.ENSP00000495360	0	0	0	0	0	0.137	0.500	0.944	0.973
WNT1	FZD6	9606.ENSP00000293549	9606.ENSP00000351605	0	0	0	0	0	0.221	0.900	0.700	0.974
WNT1	FZD5	9606.ENSP00000293549	9606.ENSP00000354607	0	0	0	0	0	0.234	0.900	0.713	0.976
WNT1	FZD9	9606.ENSP00000293549	9606.ENSP00000345785	0	0	0	0	0.042	0.234	0.900	0.715	0.976
WNT1	FZD4	9606.ENSP00000293549	9606.ENSP00000434034	0	0	0	0	0	0.234	0.900	0.754	0.979
WNT1	FZD2	9606.ENSP00000293549	9606.ENSP00000323901	0	0	0	0	0	0.234	0.900	0.789	0.982
WNT1	FZD8	9606.ENSP00000293549	9606.ENSP00000363826	0	0	0	0	0	0.434	0.900	0.923	0.995
WNT1	LRP5	9606.ENSP00000293549	9606.ENSP00000294304	0	0	0	0	0	0.128	0.650	0.997	0.999
WNT10A	DVL2	9606.ENSP00000258411	9606.ENSP00000005340	0	0	0	0	0	0.129	0	0.416	0.470
WNT10A	WNT16	9606.ENSP00000258411	9606.ENSP00000222462	0	0	0	0.847	0.057	0.164	0.500	0.140	0.616
WNT10A	WNT3	9606.ENSP00000258411	9606.ENSP00000225512	0	0	0.061	0.889	0.064	0	0.500	0.116	0.560
WNT10A	FZD10	9606.ENSP00000258411	9606.ENSP00000229030	0	0	0	0	0	0.173	0.650	0.628	0.883
WNT10A	WNT6	9606.ENSP00000258411	9606.ENSP00000233948	0	0	0	0.877	0.137	0	0.500	0.165	0.608
WNT10A	FZD3	9606.ENSP00000258411	9606.ENSP00000240093	0	0	0	0	0	0.173	0.650	0.450	0.827
WNT10A	GSK3B	9606.ENSP00000258411	9606.ENSP00000324806	0	0	0	0	0	0.104	0	0.401	0.440
WNT10A	TCF7	9606.ENSP00000258411	9606.ENSP00000340347	0	0	0	0	0.042	0.129	0	0.413	0.467
WNT10A	DVL1	9606.ENSP00000258411	9606.ENSP00000368166	0	0	0	0	0	0.129	0	0.462	0.511
WNT10A	WNT10B	9606.ENSP00000258411	9606.ENSP00000301061	0	0	0.058	0.964	0.049	0	0.500	0.074	0.530
WNT10A	AXIN1	9606.ENSP00000258411	9606.ENSP00000262320	0	0	0	0	0.053	0.068	0	0.523	0.542
WNT10A	WNT2	9606.ENSP00000258411	9606.ENSP00000265441	0	0	0	0.871	0.057	0	0.500	0.111	0.544
WNT10A	WNT5B	9606.ENSP00000258411	9606.ENSP00000380379	0	0	0	0.880	0.057	0	0.500	0.120	0.548
WNT10A	WNT2B	9606.ENSP00000258411	9606.ENSP00000358698	0	0	0	0.882	0.059	0	0.500	0.118	0.549
WNT10A	WNT7B	9606.ENSP00000258411	9606.ENSP00000341032	0	0	0	0.896	0.062	0	0.500	0.116	0.549
WNT10A	WNT3A	9606.ENSP00000258411	9606.ENSP00000284523	0	0	0	0.889	0.073	0	0.500	0.110	0.551
WNT10A	WNT5A	9606.ENSP00000258411	9606.ENSP00000264634	0	0	0	0.862	0.057	0	0.500	0.132	0.554
WNT10A	WNT7A	9606.ENSP00000258411	9606.ENSP00000285018	0	0	0	0.894	0.078	0	0.500	0.113	0.555
WNT10A	WNT11	9606.ENSP00000258411	9606.ENSP00000325526	0	0	0	0.845	0.062	0	0.500	0.143	0.563
WNT10A	WNT9B	9606.ENSP00000258411	9606.ENSP00000290015	0	0	0	0.843	0.042	0	0.500	0.167	0.566
WNT10A	WNT8A	9606.ENSP00000258411	9606.ENSP00000426653	0	0	0	0.806	0.057	0	0.500	0.168	0.573
WNT10A	WNT1	9606.ENSP00000258411	9606.ENSP00000293549	0	0	0.063	0.879	0.064	0	0.500	0.142	0.573
WNT10A	WNT8B	9606.ENSP00000258411	9606.ENSP00000340677	0	0	0	0.816	0.057	0	0.500	0.173	0.576
WNT10A	WNT4	9606.ENSP00000258411	9606.ENSP00000290167	0	0	0	0.897	0.107	0	0.500	0.133	0.579
WNT10A	WNT9A	9606.ENSP00000258411	9606.ENSP00000272164	0	0	0.065	0.845	0.044	0	0.500	0.173	0.581
WNT10A	LEF1	9606.ENSP00000258411	9606.ENSP00000265165	0	0	0	0	0.047	0.129	0	0.619	0.656
WNT10A	CTNNB1	9606.ENSP00000258411	9606.ENSP00000495360	0	0	0	0	0	0.113	0	0.663	0.689
WNT10A	AXIN2	9606.ENSP00000258411	9606.ENSP00000302625	0	0	0	0	0.054	0.068	0	0.693	0.706
WNT10A	FZD4	9606.ENSP00000258411	9606.ENSP00000434034	0	0	0	0	0	0.173	0.650	0.495	0.841
WNT10A	FZD2	9606.ENSP00000258411	9606.ENSP00000323901	0	0	0	0	0	0.173	0.650	0.566	0.863
WNT10A	FZD9	9606.ENSP00000258411	9606.ENSP00000345785	0	0	0	0	0	0.173	0.650	0.677	0.898
WNT10A	FZD5	9606.ENSP00000258411	9606.ENSP00000354607	0	0	0	0	0	0.173	0.650	0.689	0.902
WNT10A	FZD6	9606.ENSP00000258411	9606.ENSP00000351605	0	0	0	0	0	0.173	0.650	0.688	0.902
WNT10A	FZD8	9606.ENSP00000258411	9606.ENSP00000363826	0	0	0	0	0	0.173	0.650	0.709	0.908
WNT10A	FZD7	9606.ENSP00000258411	9606.ENSP00000286201	0	0	0	0	0	0.173	0.650	0.721	0.912
WNT10A	LRP6	9606.ENSP00000258411	9606.ENSP00000261349	0	0	0	0	0	0.091	0.650	0.752	0.914
WNT10A	FZD1	9606.ENSP00000258411	9606.ENSP00000287934	0	0	0	0	0	0.173	0.650	0.750	0.921
WNT10A	LRP5	9606.ENSP00000258411	9606.ENSP00000294304	0	0	0	0	0	0.173	0.650	0.781	0.931
WNT10B	DVL2	9606.ENSP00000301061	9606.ENSP00000005340	0	0	0	0	0.042	0.129	0	0.424	0.477
WNT10B	WNT16	9606.ENSP00000301061	9606.ENSP00000222462	0	0	0	0.833	0.057	0	0.500	0.151	0.564
WNT10B	WNT3	9606.ENSP00000301061	9606.ENSP00000225512	0	0	0.062	0.878	0.057	0	0.500	0.465	0.731
WNT10B	CCND1	9606.ENSP00000301061	9606.ENSP00000227507	0	0	0	0	0	0	0	0.475	0.475
WNT10B	FZD10	9606.ENSP00000301061	9606.ENSP00000229030	0	0	0	0	0	0.173	0.650	0.623	0.881
WNT10B	WNT6	9606.ENSP00000301061	9606.ENSP00000233948	0	0	0	0.882	0.133	0	0.500	0.191	0.619
WNT10B	FZD3	9606.ENSP00000301061	9606.ENSP00000240093	0	0	0	0	0	0.173	0.650	0.418	0.816
WNT10B	WNT10A	9606.ENSP00000301061	9606.ENSP00000258411	0	0	0.058	0.964	0.049	0	0.500	0.074	0.530
WNT10B	LRP6	9606.ENSP00000301061	9606.ENSP00000261349	0	0	0	0	0	0.229	0.650	0.936	0.981
WNT10B	AXIN1	9606.ENSP00000301061	9606.ENSP00000262320	0	0	0	0	0.055	0.068	0	0.610	0.627
WNT10B	WNT5A	9606.ENSP00000301061	9606.ENSP00000264634	0	0	0	0.847	0.057	0	0.500	0.152	0.565
WNT10B	LEF1	9606.ENSP00000301061	9606.ENSP00000265165	0	0	0	0	0.042	0.129	0	0.647	0.679
WNT10B	WNT2	9606.ENSP00000301061	9606.ENSP00000265441	0	0	0	0.862	0.058	0	0.500	0.445	0.716
WNT10B	WNT9A	9606.ENSP00000301061	9606.ENSP00000272164	0	0	0	0.823	0	0	0.500	0.179	0.572
WNT10B	WNT3A	9606.ENSP00000301061	9606.ENSP00000284523	0	0	0.061	0.884	0.057	0	0.500	0.435	0.716
WNT10B	WNT7A	9606.ENSP00000301061	9606.ENSP00000285018	0	0	0	0.891	0.063	0	0.500	0.436	0.712
WNT10B	FZD7	9606.ENSP00000301061	9606.ENSP00000286201	0	0	0	0	0	0.173	0.650	0.823	0.944
WNT10B	FZD1	9606.ENSP00000301061	9606.ENSP00000287934	0	0	0	0	0	0.173	0.650	0.833	0.947
WNT10B	WNT9B	9606.ENSP00000301061	9606.ENSP00000290015	0	0	0	0.849	0.042	0	0.500	0.160	0.562
WNT10B	WNT4	9606.ENSP00000301061	9606.ENSP00000290167	0	0	0	0.890	0.086	0	0.500	0.149	0.577
WNT10B	WNT1	9606.ENSP00000301061	9606.ENSP00000293549	0	0	0.071	0.867	0.139	0	0.500	0.451	0.751
WNT10B	LRP5	9606.ENSP00000301061	9606.ENSP00000294304	0	0	0	0	0	0.204	0.650	0.992	0.997
WNT10B	DVL3	9606.ENSP00000301061	9606.ENSP00000316054	0	0	0	0	0	0.129	0	0.367	0.425
WNT10B	TCF7	9606.ENSP00000301061	9606.ENSP00000340347	0	0	0	0	0.048	0.129	0	0.426	0.483
WNT10B	TNFSF11	9606.ENSP00000301061	9606.ENSP00000381775	0	0	0	0	0	0	0	0.506	0.506
WNT10B	WNT11	9606.ENSP00000301061	9606.ENSP00000325526	0	0	0	0.853	0.057	0	0.500	0.137	0.558
WNT10B	GSK3B	9606.ENSP00000301061	9606.ENSP00000324806	0	0	0	0	0	0.104	0	0.527	0.558
WNT10B	WNT5B	9606.ENSP00000301061	9606.ENSP00000380379	0	0	0	0.854	0.057	0	0.500	0.164	0.571
WNT10B	FGF3	9606.ENSP00000301061	9606.ENSP00000334122	0	0	0	0	0	0.050	0	0.576	0.580
WNT10B	WNT8B	9606.ENSP00000301061	9606.ENSP00000340677	0	0	0	0.801	0.059	0	0.500	0.192	0.587
WNT10B	DVL1	9606.ENSP00000301061	9606.ENSP00000368166	0	0	0	0	0.076	0.129	0	0.542	0.599
WNT10B	TCF7L2	9606.ENSP00000301061	9606.ENSP00000486891	0	0	0	0	0	0.129	0	0.574	0.613
WNT10B	AXIN2	9606.ENSP00000301061	9606.ENSP00000302625	0	0	0	0	0.053	0.068	0	0.646	0.660
WNT10B	WNT2B	9606.ENSP00000301061	9606.ENSP00000358698	0	0	0	0.860	0.057	0	0.500	0.394	0.689
WNT10B	WNT7B	9606.ENSP00000301061	9606.ENSP00000341032	0	0	0	0.890	0.059	0	0.500	0.425	0.706
WNT10B	WNT8A	9606.ENSP00000301061	9606.ENSP00000426653	0	0	0	0.788	0.057	0	0.500	0.466	0.726
WNT10B	CTNNB1	9606.ENSP00000301061	9606.ENSP00000495360	0	0	0	0	0	0.113	0	0.731	0.751
WNT10B	FZD6	9606.ENSP00000301061	9606.ENSP00000351605	0	0	0	0	0	0.173	0.650	0.496	0.841
WNT10B	FZD9	9606.ENSP00000301061	9606.ENSP00000345785	0	0	0	0	0.067	0.173	0.650	0.522	0.853
WNT10B	FZD2	9606.ENSP00000301061	9606.ENSP00000323901	0	0	0	0	0	0.173	0.650	0.585	0.869
WNT10B	FZD4	9606.ENSP00000301061	9606.ENSP00000434034	0	0	0	0	0	0.173	0.650	0.677	0.898
WNT10B	FZD5	9606.ENSP00000301061	9606.ENSP00000354607	0	0	0	0	0	0.173	0.650	0.695	0.904
WNT10B	FZD8	9606.ENSP00000301061	9606.ENSP00000363826	0	0	0	0	0	0.173	0.650	0.700	0.905
WNT11	DVL2	9606.ENSP00000325526	9606.ENSP00000005340	0	0	0	0	0	0.132	0.500	0.746	0.880
WNT11	WNT16	9606.ENSP00000325526	9606.ENSP00000222462	0	0	0	0.879	0	0.639	0.500	0.439	0.889
WNT11	WNT3	9606.ENSP00000325526	9606.ENSP00000225512	0	0	0.062	0.884	0.067	0	0.500	0.131	0.569
WNT11	CCND1	9606.ENSP00000325526	9606.ENSP00000227507	0	0	0	0	0	0	0	0.463	0.463
WNT11	FZD10	9606.ENSP00000325526	9606.ENSP00000229030	0	0	0	0	0.094	0.234	0.900	0.546	0.964
WNT11	WNT6	9606.ENSP00000325526	9606.ENSP00000233948	0	0	0	0.856	0.082	0	0.500	0.148	0.575
WNT11	FZD3	9606.ENSP00000325526	9606.ENSP00000240093	0	0	0	0	0	0.234	0.900	0.962	0.996
WNT11	WNT10A	9606.ENSP00000325526	9606.ENSP00000258411	0	0	0	0.845	0.062	0	0.500	0.143	0.563
WNT11	LRP6	9606.ENSP00000325526	9606.ENSP00000261349	0	0	0	0	0.042	0.095	0.650	0.601	0.862
WNT11	AXIN1	9606.ENSP00000325526	9606.ENSP00000262320	0	0	0	0	0.054	0.092	0	0.607	0.634
WNT11	WNT5A	9606.ENSP00000325526	9606.ENSP00000264634	0	0	0.061	0.887	0	0	0.500	0.474	0.731
WNT11	FGF10	9606.ENSP00000325526	9606.ENSP00000264664	0	0	0	0	0.106	0.050	0	0.423	0.467
WNT11	LEF1	9606.ENSP00000325526	9606.ENSP00000265165	0	0	0	0	0	0.129	0	0.579	0.618
WNT11	WNT2	9606.ENSP00000325526	9606.ENSP00000265441	0	0	0.061	0.868	0.056	0	0.500	0.127	0.561
WNT11	WNT9A	9606.ENSP00000325526	9606.ENSP00000272164	0	0	0	0.816	0.055	0.080	0.500	0.472	0.739
WNT11	WNT3A	9606.ENSP00000325526	9606.ENSP00000284523	0	0	0.067	0.880	0.067	0	0.500	0.137	0.574
WNT11	WNT7A	9606.ENSP00000325526	9606.ENSP00000285018	0	0	0	0.875	0	0	0.500	0.129	0.546
WNT11	FZD7	9606.ENSP00000325526	9606.ENSP00000286201	0	0	0	0	0.093	0.234	0.900	0.969	0.997
WNT11	FZD1	9606.ENSP00000325526	9606.ENSP00000287934	0	0	0	0	0.087	0.234	0.900	0.774	0.982
WNT11	WNT9B	9606.ENSP00000325526	9606.ENSP00000290015	0	0	0	0.816	0.055	0.080	0.500	0.166	0.588
WNT11	WNT4	9606.ENSP00000325526	9606.ENSP00000290167	0	0	0.055	0.918	0.049	0	0.500	0.122	0.553
WNT11	WNT1	9606.ENSP00000325526	9606.ENSP00000293549	0	0	0	0.871	0.068	0	0.500	0.206	0.597
WNT11	LRP5	9606.ENSP00000325526	9606.ENSP00000294304	0	0	0	0	0.067	0.095	0.650	0.840	0.946
WNT11	WNT10B	9606.ENSP00000325526	9606.ENSP00000301061	0	0	0	0.853	0.057	0	0.500	0.137	0.558
WNT11	AXIN2	9606.ENSP00000325526	9606.ENSP00000302625	0	0	0	0	0.069	0.092	0	0.614	0.645
WNT11	DVL3	9606.ENSP00000325526	9606.ENSP00000316054	0	0	0	0	0	0.132	0.500	0.518	0.772
WNT11	FGF8	9606.ENSP00000325526	9606.ENSP00000321797	0	0	0	0	0.066	0.050	0	0.442	0.462
WNT11	FZD2	9606.ENSP00000325526	9606.ENSP00000323901	0	0	0	0	0.087	0.234	0.900	0.813	0.985
WNT11	GSK3B	9606.ENSP00000325526	9606.ENSP00000324806	0	0	0	0	0	0.112	0	0.512	0.548
WNT11	JUN	9606.ENSP00000325526	9606.ENSP00000360266	0	0	0	0	0	0	0	0.410	0.410
WNT11	TCF7L2	9606.ENSP00000325526	9606.ENSP00000486891	0	0	0	0	0.044	0.129	0	0.351	0.413
WNT11	FGF9	9606.ENSP00000325526	9606.ENSP00000371790	0	0	0	0	0.101	0.050	0	0.367	0.413
WNT11	TCF7	9606.ENSP00000325526	9606.ENSP00000340347	0	0	0	0	0	0.129	0	0.360	0.418
WNT11	JAG2	9606.ENSP00000325526	9606.ENSP00000328169	0	0	0	0	0.072	0.094	0	0.414	0.464
WNT11	WNT5B	9606.ENSP00000325526	9606.ENSP00000380379	0	0	0.059	0.888	0	0	0.500	0.122	0.551
WNT11	WNT7B	9606.ENSP00000325526	9606.ENSP00000341032	0	0	0.070	0.879	0.042	0	0.500	0.126	0.559
WNT11	WNT8A	9606.ENSP00000325526	9606.ENSP00000426653	0	0	0	0.822	0	0	0.500	0.162	0.563
WNT11	WNT8B	9606.ENSP00000325526	9606.ENSP00000340677	0	0	0.078	0.820	0.122	0	0.500	0.153	0.611
WNT11	AKT1	9606.ENSP00000325526	9606.ENSP00000451828	0	0	0	0	0	0.092	0	0.608	0.629
WNT11	WNT2B	9606.ENSP00000325526	9606.ENSP00000358698	0	0	0.068	0.878	0	0	0.500	0.428	0.710
WNT11	CTNNB1	9606.ENSP00000325526	9606.ENSP00000495360	0	0	0	0	0	0.137	0	0.737	0.763
WNT11	DVL1	9606.ENSP00000325526	9606.ENSP00000368166	0	0	0	0	0	0.132	0.500	0.908	0.956
WNT11	FZD5	9606.ENSP00000325526	9606.ENSP00000354607	0	0	0	0	0	0.234	0.900	0.758	0.979
WNT11	FZD8	9606.ENSP00000325526	9606.ENSP00000363826	0	0	0	0	0	0.234	0.900	0.928	0.994
WNT11	FZD4	9606.ENSP00000325526	9606.ENSP00000434034	0	0	0.208	0	0.058	0.234	0.900	0.932	0.995
WNT11	FZD9	9606.ENSP00000325526	9606.ENSP00000345785	0	0	0.218	0	0.080	0.234	0.900	0.951	0.996
WNT11	FZD6	9606.ENSP00000325526	9606.ENSP00000351605	0	0	0	0	0	0.221	0.900	0.985	0.998
WNT16	DVL2	9606.ENSP00000222462	9606.ENSP00000005340	0	0	0	0	0	0.132	0	0.346	0.408
WNT16	DVL3	9606.ENSP00000222462	9606.ENSP00000316054	0	0	0	0	0	0.132	0	0.346	0.408
WNT16	GSK3B	9606.ENSP00000222462	9606.ENSP00000324806	0	0	0	0	0	0.112	0	0.381	0.427
WNT16	TNFSF11	9606.ENSP00000222462	9606.ENSP00000381775	0	0	0	0	0.062	0	0	0.444	0.456
WNT16	AXIN1	9606.ENSP00000222462	9606.ENSP00000262320	0	0	0	0	0.053	0.092	0	0.489	0.522
WNT16	DVL1	9606.ENSP00000222462	9606.ENSP00000368166	0	0	0	0	0	0.132	0	0.476	0.526
WNT16	TCF7	9606.ENSP00000222462	9606.ENSP00000340347	0	0	0	0	0	0.129	0	0.481	0.529
WNT16	WNT2B	9606.ENSP00000222462	9606.ENSP00000358698	0	0	0	0.903	0.047	0	0.500	0.117	0.542
WNT16	WNT6	9606.ENSP00000222462	9606.ENSP00000233948	0	0	0	0.864	0	0	0.500	0.145	0.554
WNT16	WNT8B	9606.ENSP00000222462	9606.ENSP00000340677	0	0	0	0.838	0	0	0.500	0.149	0.556
WNT16	LEF1	9606.ENSP00000222462	9606.ENSP00000265165	0	0	0	0	0	0.129	0	0.513	0.557
WNT16	WNT10B	9606.ENSP00000222462	9606.ENSP00000301061	0	0	0	0.833	0.057	0	0.500	0.151	0.564
WNT16	WNT9B	9606.ENSP00000222462	9606.ENSP00000290015	0	0	0	0.869	0.055	0.080	0.500	0.136	0.574
WNT16	AXIN2	9606.ENSP00000222462	9606.ENSP00000302625	0	0	0	0	0.053	0.092	0	0.562	0.591
WNT16	WNT9A	9606.ENSP00000222462	9606.ENSP00000272164	0	0	0	0.834	0.055	0.080	0.500	0.187	0.599
WNT16	WNT10A	9606.ENSP00000222462	9606.ENSP00000258411	0	0	0	0.847	0.057	0.164	0.500	0.140	0.616
WNT16	WNT3	9606.ENSP00000222462	9606.ENSP00000225512	0	0	0	0.894	0.069	0	0.500	0.321	0.656
WNT16	WNT7B	9606.ENSP00000222462	9606.ENSP00000341032	0	0	0	0.920	0	0	0.500	0.415	0.694
WNT16	WNT8A	9606.ENSP00000222462	9606.ENSP00000426653	0	0	0	0.826	0.044	0	0.500	0.431	0.704
WNT16	WNT5B	9606.ENSP00000222462	9606.ENSP00000380379	0	0	0	0.900	0.049	0	0.500	0.436	0.708
WNT16	WNT4	9606.ENSP00000222462	9606.ENSP00000290167	0	0	0	0.921	0.048	0	0.500	0.440	0.710
WNT16	WNT2	9606.ENSP00000222462	9606.ENSP00000265441	0	0	0	0.891	0.054	0	0.500	0.459	0.721
WNT16	WNT1	9606.ENSP00000222462	9606.ENSP00000293549	0	0	0	0.883	0	0	0.500	0.490	0.734
WNT16	WNT5A	9606.ENSP00000222462	9606.ENSP00000264634	0	0	0	0.886	0	0.450	0.500	0.112	0.734
WNT16	WNT7A	9606.ENSP00000222462	9606.ENSP00000285018	0	0	0	0.914	0.042	0.164	0.500	0.425	0.738
WNT16	WNT3A	9606.ENSP00000222462	9606.ENSP00000284523	0	0	0	0.898	0.062	0.164	0.500	0.425	0.744
WNT16	CTNNB1	9606.ENSP00000222462	9606.ENSP00000495360	0	0	0	0	0	0.137	0	0.762	0.785
WNT16	FZD7	9606.ENSP00000222462	9606.ENSP00000286201	0	0	0	0	0	0.234	0.650	0.369	0.816
WNT16	FZD10	9606.ENSP00000222462	9606.ENSP00000229030	0	0	0	0	0.044	0.234	0.650	0.474	0.847
WNT16	FZD9	9606.ENSP00000222462	9606.ENSP00000345785	0	0	0	0	0	0.234	0.650	0.531	0.863
WNT16	LRP6	9606.ENSP00000222462	9606.ENSP00000261349	0	0	0	0	0	0.095	0.650	0.658	0.882
WNT16	WNT11	9606.ENSP00000222462	9606.ENSP00000325526	0	0	0	0.879	0	0.639	0.500	0.439	0.889
WNT16	FZD8	9606.ENSP00000222462	9606.ENSP00000363826	0	0	0	0	0	0.234	0.650	0.649	0.897
WNT16	FZD3	9606.ENSP00000222462	9606.ENSP00000240093	0	0	0	0	0.042	0.234	0.650	0.647	0.897
WNT16	FZD2	9606.ENSP00000222462	9606.ENSP00000323901	0	0	0	0	0	0.234	0.650	0.669	0.903
WNT16	FZD5	9606.ENSP00000222462	9606.ENSP00000354607	0	0	0	0	0	0.234	0.650	0.669	0.903
WNT16	FZD1	9606.ENSP00000222462	9606.ENSP00000287934	0	0	0	0	0	0.234	0.650	0.702	0.913
WNT16	FZD4	9606.ENSP00000222462	9606.ENSP00000434034	0	0	0	0	0	0.234	0.650	0.712	0.916
WNT16	LRP5	9606.ENSP00000222462	9606.ENSP00000294304	0	0	0	0	0	0.095	0.650	0.765	0.919
WNT16	FZD6	9606.ENSP00000222462	9606.ENSP00000351605	0	0	0	0	0	0.221	0.650	0.781	0.935
WNT2	DVL2	9606.ENSP00000265441	9606.ENSP00000005340	0	0	0	0	0	0.132	0	0.394	0.452
WNT2	FGF4	9606.ENSP00000265441	9606.ENSP00000168712	0	0	0	0	0.051	0.050	0	0.437	0.448
WNT2	FGF22	9606.ENSP00000265441	9606.ENSP00000215530	0	0	0	0	0.055	0.050	0	0.403	0.417
WNT2	WNT16	9606.ENSP00000265441	9606.ENSP00000222462	0	0	0	0.891	0.054	0	0.500	0.459	0.721
WNT2	WNT3	9606.ENSP00000265441	9606.ENSP00000225512	0	0	0	0.920	0	0	0.540	0.465	0.743
WNT2	CCND1	9606.ENSP00000265441	9606.ENSP00000227507	0	0	0	0	0	0	0	0.543	0.543
WNT2	FGF6	9606.ENSP00000265441	9606.ENSP00000228837	0	0	0	0	0.055	0.050	0	0.400	0.415
WNT2	FZD10	9606.ENSP00000265441	9606.ENSP00000229030	0	0	0	0	0.063	0.234	0.650	0.658	0.902
WNT2	WNT6	9606.ENSP00000265441	9606.ENSP00000233948	0	0	0	0.891	0.042	0	0.500	0.109	0.535
WNT2	FZD3	9606.ENSP00000265441	9606.ENSP00000240093	0	0	0	0	0	0.234	0.650	0.748	0.926
WNT2	JAG1	9606.ENSP00000265441	9606.ENSP00000254958	0	0	0	0	0	0.094	0	0.406	0.438
WNT2	APC	9606.ENSP00000265441	9606.ENSP00000257430	0	0	0	0	0	0.058	0.540	0.326	0.682
WNT2	WNT10A	9606.ENSP00000265441	9606.ENSP00000258411	0	0	0	0.871	0.057	0	0.500	0.111	0.544
WNT2	LRP6	9606.ENSP00000265441	9606.ENSP00000261349	0	0	0	0	0	0.095	0.650	0.948	0.982
WNT2	FLT4	9606.ENSP00000265441	9606.ENSP00000261937	0	0	0	0	0	0.045	0	0.544	0.546
WNT2	AXIN1	9606.ENSP00000265441	9606.ENSP00000262320	0	0	0	0	0.053	0.092	0.360	0.581	0.738
WNT2	NOTCH3	9606.ENSP00000265441	9606.ENSP00000263388	0	0	0	0	0.044	0.094	0	0.375	0.412
WNT2	FGF2	9606.ENSP00000265441	9606.ENSP00000264498	0	0	0	0	0.044	0.050	0	0.422	0.429
WNT2	WNT5A	9606.ENSP00000265441	9606.ENSP00000264634	0	0	0	0.927	0.092	0	0.500	0.416	0.711
WNT2	FGF10	9606.ENSP00000265441	9606.ENSP00000264664	0	0	0	0	0.095	0.050	0	0.499	0.532
WNT2	LEF1	9606.ENSP00000265441	9606.ENSP00000265165	0	0	0	0	0	0.129	0	0.632	0.666
WNT2	EGF	9606.ENSP00000265441	9606.ENSP00000265171	0	0	0	0	0	0.091	0	0.419	0.449
WNT2	FGF5	9606.ENSP00000265441	9606.ENSP00000311697	0	0	0	0	0.047	0.050	0	0.391	0.400
WNT2	DVL3	9606.ENSP00000265441	9606.ENSP00000316054	0	0	0	0	0	0.132	0	0.347	0.409
WNT2	FGF18	9606.ENSP00000265441	9606.ENSP00000274625	0	0	0	0	0.082	0.050	0	0.386	0.418
WNT2	PTEN	9606.ENSP00000265441	9606.ENSP00000361021	0	0	0	0	0.086	0.066	0	0.377	0.422
WNT2	ESR1	9606.ENSP00000265441	9606.ENSP00000405330	0	0	0	0	0.048	0	0	0.419	0.423
WNT2	TCF7L2	9606.ENSP00000265441	9606.ENSP00000486891	0	0	0	0	0.044	0.129	0	0.369	0.429
WNT2	FGF17	9606.ENSP00000265441	9606.ENSP00000352414	0	0	0	0	0	0.050	0	0.423	0.429
WNT2	TP53	9606.ENSP00000265441	9606.ENSP00000269305	0	0	0	0	0	0	0	0.433	0.433
WNT2	FGF3	9606.ENSP00000265441	9606.ENSP00000334122	0	0	0	0	0	0.066	0	0.418	0.433
WNT2	FGF7	9606.ENSP00000265441	9606.ENSP00000267843	0	0	0	0	0.106	0.050	0	0.423	0.467
WNT2	TCF7	9606.ENSP00000265441	9606.ENSP00000340347	0	0	0	0	0	0.129	0	0.483	0.530
WNT2	WNT7B	9606.ENSP00000265441	9606.ENSP00000341032	0	0	0.057	0.923	0	0	0.500	0.091	0.534
WNT2	WNT7A	9606.ENSP00000265441	9606.ENSP00000285018	0	0	0.059	0.917	0	0	0.500	0.092	0.535
WNT2	WNT4	9606.ENSP00000265441	9606.ENSP00000290167	0	0	0.054	0.930	0.044	0	0.500	0.094	0.536
WNT2	ERBB2	9606.ENSP00000265441	9606.ENSP00000269571	0	0	0	0	0	0	0	0.545	0.545
WNT2	AKT1	9606.ENSP00000265441	9606.ENSP00000451828	0	0	0	0	0	0.092	0	0.528	0.553
WNT2	WNT8A	9606.ENSP00000265441	9606.ENSP00000426653	0	0	0.070	0.854	0.042	0	0.500	0.120	0.555
WNT2	WNT11	9606.ENSP00000265441	9606.ENSP00000325526	0	0	0.061	0.868	0.056	0	0.500	0.127	0.561
WNT2	WNT2B	9606.ENSP00000265441	9606.ENSP00000358698	0	0	0.054	0.972	0.045	0.088	0.500	0.111	0.567
WNT2	WNT9A	9606.ENSP00000265441	9606.ENSP00000272164	0	0	0	0.841	0.055	0.080	0.500	0.132	0.572
WNT2	WNT9B	9606.ENSP00000265441	9606.ENSP00000290015	0	0	0	0.852	0.055	0.080	0.500	0.149	0.580
WNT2	WNT5B	9606.ENSP00000265441	9606.ENSP00000380379	0	0	0.052	0.927	0.087	0	0.500	0.152	0.584
WNT2	IGF1	9606.ENSP00000265441	9606.ENSP00000376637	0	0	0	0	0.068	0	0	0.587	0.599
WNT2	NOTCH1	9606.ENSP00000265441	9606.ENSP00000498587	0	0	0	0	0.055	0.199	0	0.536	0.618
WNT2	AXIN2	9606.ENSP00000265441	9606.ENSP00000302625	0	0	0	0	0.053	0.092	0	0.642	0.665
WNT2	WNT1	9606.ENSP00000265441	9606.ENSP00000293549	0	0	0	0.900	0.042	0	0.500	0.418	0.696
WNT2	WNT3A	9606.ENSP00000265441	9606.ENSP00000284523	0	0	0	0.917	0	0	0.500	0.420	0.697
WNT2	WNT8B	9606.ENSP00000265441	9606.ENSP00000340677	0	0	0.067	0.865	0.042	0	0.500	0.438	0.715
WNT2	WNT10B	9606.ENSP00000265441	9606.ENSP00000301061	0	0	0	0.862	0.058	0	0.500	0.445	0.716
WNT2	EGFR	9606.ENSP00000265441	9606.ENSP00000275493	0	0	0	0	0.062	0	0	0.710	0.716
WNT2	DVL1	9606.ENSP00000265441	9606.ENSP00000368166	0	0	0	0	0	0.132	0.360	0.700	0.819
WNT2	GSK3B	9606.ENSP00000265441	9606.ENSP00000324806	0	0	0	0	0	0.112	0.540	0.609	0.826
WNT2	CTNNB1	9606.ENSP00000265441	9606.ENSP00000495360	0	0	0	0	0	0.137	0.540	0.753	0.893
WNT2	FZD6	9606.ENSP00000265441	9606.ENSP00000351605	0	0	0	0	0	0.221	0.650	0.707	0.913
WNT2	FZD5	9606.ENSP00000265441	9606.ENSP00000354607	0	0	0	0	0	0.234	0.650	0.746	0.926
WNT2	FZD1	9606.ENSP00000265441	9606.ENSP00000287934	0	0	0.304	0	0.049	0.234	0.650	0.779	0.953
WNT2	FZD7	9606.ENSP00000265441	9606.ENSP00000286201	0	0	0.298	0	0.043	0.234	0.650	0.790	0.955
WNT2	FZD4	9606.ENSP00000265441	9606.ENSP00000434034	0	0	0.258	0	0.048	0.234	0.650	0.818	0.959
WNT2	FZD8	9606.ENSP00000265441	9606.ENSP00000363826	0	0	0	0	0	0.234	0.650	0.872	0.962
WNT2	FZD2	9606.ENSP00000265441	9606.ENSP00000323901	0	0	0.268	0	0.047	0.234	0.650	0.833	0.963
WNT2	FZD9	9606.ENSP00000265441	9606.ENSP00000345785	0	0	0	0	0	0.234	0.650	0.896	0.969
WNT2	LRP5	9606.ENSP00000265441	9606.ENSP00000294304	0	0	0	0	0	0.095	0.650	0.949	0.982
WNT2B	DVL2	9606.ENSP00000358698	9606.ENSP00000005340	0	0	0	0	0	0.132	0	0.387	0.445
WNT2B	FGF4	9606.ENSP00000358698	9606.ENSP00000168712	0	0	0	0	0.050	0.050	0	0.427	0.437
WNT2B	WNT16	9606.ENSP00000358698	9606.ENSP00000222462	0	0	0	0.903	0.047	0	0.500	0.117	0.542
WNT2B	WNT3	9606.ENSP00000358698	9606.ENSP00000225512	0	0	0	0.918	0.044	0	0.500	0.096	0.530
WNT2B	CCND1	9606.ENSP00000358698	9606.ENSP00000227507	0	0	0	0	0	0	0	0.463	0.463
WNT2B	FZD10	9606.ENSP00000358698	9606.ENSP00000229030	0	0	0	0	0.044	0.234	0.650	0.688	0.909
WNT2B	WNT6	9606.ENSP00000358698	9606.ENSP00000233948	0	0	0	0.903	0	0	0.500	0.378	0.675
WNT2B	FZD3	9606.ENSP00000358698	9606.ENSP00000240093	0	0	0	0	0	0.234	0.650	0.780	0.936
WNT2B	WNT10A	9606.ENSP00000358698	9606.ENSP00000258411	0	0	0	0.882	0.059	0	0.500	0.118	0.549
WNT2B	LRP6	9606.ENSP00000358698	9606.ENSP00000261349	0	0	0	0	0	0.095	0.650	0.810	0.934
WNT2B	AXIN1	9606.ENSP00000358698	9606.ENSP00000262320	0	0	0	0	0.053	0.092	0	0.555	0.584
WNT2B	WNT5A	9606.ENSP00000358698	9606.ENSP00000264634	0	0	0.057	0.926	0.067	0	0.500	0.409	0.705
WNT2B	FGF10	9606.ENSP00000358698	9606.ENSP00000264664	0	0	0	0	0.057	0.050	0	0.449	0.464
WNT2B	LEF1	9606.ENSP00000358698	9606.ENSP00000265165	0	0	0	0	0	0.129	0	0.576	0.615
WNT2B	WNT2	9606.ENSP00000358698	9606.ENSP00000265441	0	0	0.054	0.972	0.045	0.088	0.500	0.111	0.567
WNT2B	WNT9A	9606.ENSP00000358698	9606.ENSP00000272164	0	0	0	0.842	0.058	0.080	0.500	0.340	0.676
WNT2B	WNT3A	9606.ENSP00000358698	9606.ENSP00000284523	0	0	0.057	0.911	0.044	0	0.500	0.114	0.547
WNT2B	WNT7A	9606.ENSP00000358698	9606.ENSP00000285018	0	0	0.056	0.931	0	0	0.500	0.084	0.530
WNT2B	FZD7	9606.ENSP00000358698	9606.ENSP00000286201	0	0	0.228	0	0	0.234	0.650	0.742	0.939
WNT2B	FZD1	9606.ENSP00000358698	9606.ENSP00000287934	0	0	0.202	0	0	0.234	0.650	0.759	0.941
WNT2B	WNT9B	9606.ENSP00000358698	9606.ENSP00000290015	0	0	0	0.862	0.055	0.080	0.500	0.178	0.594
WNT2B	WNT4	9606.ENSP00000358698	9606.ENSP00000290167	0	0	0	0.934	0.054	0	0.500	0.093	0.533
WNT2B	WNT1	9606.ENSP00000358698	9606.ENSP00000293549	0	0	0	0.900	0	0	0.500	0.417	0.696
WNT2B	LRP5	9606.ENSP00000358698	9606.ENSP00000294304	0	0	0	0	0	0.095	0.650	0.846	0.947
WNT2B	WNT10B	9606.ENSP00000358698	9606.ENSP00000301061	0	0	0	0.860	0.057	0	0.500	0.394	0.689
WNT2B	AXIN2	9606.ENSP00000358698	9606.ENSP00000302625	0	0	0	0	0.053	0.092	0	0.660	0.682
WNT2B	DVL3	9606.ENSP00000358698	9606.ENSP00000316054	0	0	0	0	0	0.132	0	0.414	0.470
WNT2B	FZD2	9606.ENSP00000358698	9606.ENSP00000323901	0	0	0	0	0	0.234	0.650	0.597	0.882
WNT2B	GSK3B	9606.ENSP00000358698	9606.ENSP00000324806	0	0	0	0	0	0.112	0	0.463	0.503
WNT2B	WNT11	9606.ENSP00000358698	9606.ENSP00000325526	0	0	0.068	0.878	0	0	0.500	0.428	0.710
WNT2B	TCF7	9606.ENSP00000358698	9606.ENSP00000340347	0	0	0	0	0	0.129	0	0.466	0.515
WNT2B	WNT8B	9606.ENSP00000358698	9606.ENSP00000340677	0	0	0.064	0.863	0.042	0	0.500	0.133	0.559
WNT2B	WNT7B	9606.ENSP00000358698	9606.ENSP00000341032	0	0	0.055	0.934	0	0	0.500	0.086	0.530
WNT2B	FZD9	9606.ENSP00000358698	9606.ENSP00000345785	0	0	0	0	0	0.234	0.650	0.777	0.934
WNT2B	FZD6	9606.ENSP00000358698	9606.ENSP00000351605	0	0	0	0	0	0.221	0.650	0.535	0.862
WNT2B	FZD5	9606.ENSP00000358698	9606.ENSP00000354607	0	0	0	0	0	0.234	0.650	0.715	0.917
WNT2B	TCF7L2	9606.ENSP00000358698	9606.ENSP00000486891	0	0	0	0	0.043	0.129	0	0.363	0.423
WNT2B	NOTCH1	9606.ENSP00000358698	9606.ENSP00000498587	0	0	0	0	0.055	0.079	0	0.420	0.451
WNT2B	WNT5B	9606.ENSP00000358698	9606.ENSP00000380379	0	0	0.054	0.933	0.067	0	0.500	0.096	0.547
WNT2B	DVL1	9606.ENSP00000358698	9606.ENSP00000368166	0	0	0	0	0	0.132	0	0.516	0.562
WNT2B	WNT8A	9606.ENSP00000358698	9606.ENSP00000426653	0	0	0.076	0.856	0	0	0.500	0.415	0.706
WNT2B	CTNNB1	9606.ENSP00000358698	9606.ENSP00000495360	0	0	0	0	0	0.137	0	0.725	0.752
WNT2B	FZD8	9606.ENSP00000358698	9606.ENSP00000363826	0	0	0	0	0	0.234	0.650	0.840	0.953
WNT2B	FZD4	9606.ENSP00000358698	9606.ENSP00000434034	0	0	0	0	0.049	0.234	0.650	0.851	0.957
WNT3	DVL2	9606.ENSP00000225512	9606.ENSP00000005340	0	0	0	0	0	0.132	0	0.476	0.526
WNT3	FGF4	9606.ENSP00000225512	9606.ENSP00000168712	0	0	0	0	0.050	0.050	0	0.445	0.455
WNT3	WNT16	9606.ENSP00000225512	9606.ENSP00000222462	0	0	0	0.894	0.069	0	0.500	0.321	0.656
WNT3	FGF5	9606.ENSP00000225512	9606.ENSP00000311697	0	0	0	0	0.047	0.050	0	0.398	0.407
WNT3	FGF2	9606.ENSP00000225512	9606.ENSP00000264498	0	0	0	0	0	0.050	0	0.407	0.413
WNT3	FGF3	9606.ENSP00000225512	9606.ENSP00000334122	0	0	0	0	0.056	0.066	0	0.396	0.421
WNT3	TCF7L1	9606.ENSP00000225512	9606.ENSP00000282111	0	0	0	0	0.045	0.129	0	0.361	0.422
WNT3	AKT1	9606.ENSP00000225512	9606.ENSP00000451828	0	0	0	0	0	0.092	0	0.397	0.429
WNT3	HEY2	9606.ENSP00000225512	9606.ENSP00000357348	0	0	0	0	0	0	0	0.431	0.431
WNT3	TCF7L2	9606.ENSP00000225512	9606.ENSP00000486891	0	0	0	0	0	0.129	0	0.374	0.431
WNT3	FGF10	9606.ENSP00000225512	9606.ENSP00000264664	0	0	0	0	0.055	0.050	0	0.418	0.432
WNT3	NOTCH1	9606.ENSP00000225512	9606.ENSP00000498587	0	0	0	0	0.121	0.079	0	0.362	0.438
WNT3	TCF7	9606.ENSP00000225512	9606.ENSP00000340347	0	0	0	0	0	0.129	0	0.388	0.444
WNT3	DLL1	9606.ENSP00000225512	9606.ENSP00000355718	0	0	0	0	0	0.094	0	0.417	0.449
WNT3	MYC	9606.ENSP00000225512	9606.ENSP00000478887	0	0	0	0	0	0	0	0.451	0.451
WNT3	DLL4	9606.ENSP00000225512	9606.ENSP00000249749	0	0	0	0	0	0.094	0	0.440	0.471
WNT3	MAPK3	9606.ENSP00000225512	9606.ENSP00000263025	0	0	0	0	0.051	0	0	0.494	0.499
WNT3	EGF	9606.ENSP00000225512	9606.ENSP00000265171	0	0	0	0	0	0.091	0	0.472	0.499
WNT3	JAG1	9606.ENSP00000225512	9606.ENSP00000254958	0	0	0	0	0	0.094	0	0.475	0.504
WNT3	CCND1	9606.ENSP00000225512	9606.ENSP00000227507	0	0	0	0	0.058	0	0	0.518	0.526
WNT3	WNT5A	9606.ENSP00000225512	9606.ENSP00000264634	0	0	0	0.920	0	0	0.500	0.096	0.528
WNT3	WNT2B	9606.ENSP00000225512	9606.ENSP00000358698	0	0	0	0.918	0.044	0	0.500	0.096	0.530
WNT3	WNT5B	9606.ENSP00000225512	9606.ENSP00000380379	0	0	0	0.922	0.042	0	0.500	0.105	0.533
WNT3	WNT7A	9606.ENSP00000225512	9606.ENSP00000285018	0	0	0.054	0.918	0	0	0.500	0.097	0.535
WNT3	DVL3	9606.ENSP00000225512	9606.ENSP00000316054	0	0	0	0	0	0.132	0	0.487	0.536
WNT3	WNT7B	9606.ENSP00000225512	9606.ENSP00000341032	0	0	0.059	0.922	0.054	0	0.500	0.094	0.542
WNT3	WNT6	9606.ENSP00000225512	9606.ENSP00000233948	0	0	0.060	0.888	0.042	0	0.500	0.124	0.553
WNT3	FGF8	9606.ENSP00000225512	9606.ENSP00000321797	0	0	0	0	0.066	0.050	0	0.542	0.558
WNT3	WNT10A	9606.ENSP00000225512	9606.ENSP00000258411	0	0	0.061	0.889	0.064	0	0.500	0.116	0.560
WNT3	WNT11	9606.ENSP00000225512	9606.ENSP00000325526	0	0	0.062	0.884	0.067	0	0.500	0.131	0.569
WNT3	WNT8A	9606.ENSP00000225512	9606.ENSP00000426653	0	0	0.066	0.852	0	0.079	0.500	0.141	0.581
WNT3	FGF9	9606.ENSP00000225512	9606.ENSP00000371790	0	0	0	0	0.060	0.050	0	0.591	0.603
WNT3	WNT9A	9606.ENSP00000225512	9606.ENSP00000272164	0	0	0	0.805	0.087	0.080	0.500	0.185	0.611
WNT3	WNT9B	9606.ENSP00000225512	9606.ENSP00000290015	0	0	0.071	0.819	0.098	0.080	0.500	0.193	0.632
WNT3	WNT4	9606.ENSP00000225512	9606.ENSP00000290167	0	0	0.054	0.935	0.056	0	0.500	0.290	0.640
WNT3	LEF1	9606.ENSP00000225512	9606.ENSP00000265165	0	0	0	0	0	0.129	0	0.625	0.660
WNT3	AXIN2	9606.ENSP00000225512	9606.ENSP00000302625	0	0	0	0	0.059	0.092	0	0.668	0.692
WNT3	WNT1	9606.ENSP00000225512	9606.ENSP00000293549	0	0	0	0.917	0.042	0.073	0.500	0.419	0.707
WNT3	WNT8B	9606.ENSP00000225512	9606.ENSP00000340677	0	0	0	0.854	0.067	0	0.500	0.456	0.724
WNT3	WNT10B	9606.ENSP00000225512	9606.ENSP00000301061	0	0	0.062	0.878	0.057	0	0.500	0.465	0.731
WNT3	WNT2	9606.ENSP00000225512	9606.ENSP00000265441	0	0	0	0.920	0	0	0.540	0.465	0.743
WNT3	DVL1	9606.ENSP00000225512	9606.ENSP00000368166	0	0	0	0	0	0.132	0.360	0.614	0.767
WNT3	AXIN1	9606.ENSP00000225512	9606.ENSP00000262320	0	0	0	0	0.053	0.092	0.360	0.627	0.767
WNT3	APC	9606.ENSP00000225512	9606.ENSP00000257430	0	0	0	0	0	0.058	0.720	0.392	0.825
WNT3	FZD10	9606.ENSP00000225512	9606.ENSP00000229030	0	0	0	0	0	0.234	0.650	0.475	0.847
WNT3	FZD3	9606.ENSP00000225512	9606.ENSP00000240093	0	0	0	0	0	0.234	0.650	0.530	0.863
WNT3	FZD2	9606.ENSP00000225512	9606.ENSP00000323901	0	0	0	0	0.045	0.234	0.650	0.553	0.870
WNT3	FZD9	9606.ENSP00000225512	9606.ENSP00000345785	0	0	0	0	0.047	0.234	0.650	0.567	0.874
WNT3	GSK3B	9606.ENSP00000225512	9606.ENSP00000324806	0	0	0	0	0.043	0.112	0.720	0.606	0.893
WNT3	FZD4	9606.ENSP00000225512	9606.ENSP00000434034	0	0	0.244	0	0	0.234	0.650	0.553	0.897
WNT3	FZD6	9606.ENSP00000225512	9606.ENSP00000351605	0	0	0	0	0	0.221	0.650	0.697	0.910
WNT3	FZD5	9606.ENSP00000225512	9606.ENSP00000354607	0	0	0	0	0	0.234	0.650	0.717	0.917
WNT3	FZD1	9606.ENSP00000225512	9606.ENSP00000287934	0	0	0	0	0	0.234	0.650	0.749	0.926
WNT3	CTNNB1	9606.ENSP00000225512	9606.ENSP00000495360	0	0	0	0	0	0.137	0.720	0.778	0.941
WNT3	WNT3A	9606.ENSP00000225512	9606.ENSP00000284523	0	0	0.049	0.982	0.047	0.604	0.900	0.393	0.974
WNT3	FZD7	9606.ENSP00000225512	9606.ENSP00000286201	0	0	0	0	0	0.608	0.650	0.846	0.977
WNT3	LRP6	9606.ENSP00000225512	9606.ENSP00000261349	0	0	0	0	0	0.438	0.720	0.928	0.987
WNT3	LRP5	9606.ENSP00000225512	9606.ENSP00000294304	0	0	0	0	0	0.095	0.720	0.984	0.995
WNT3	FZD8	9606.ENSP00000225512	9606.ENSP00000363826	0	0	0	0	0	0.920	0.650	0.937	0.998
WNT3A	DVL2	9606.ENSP00000284523	9606.ENSP00000005340	0	0	0	0	0	0.132	0.500	0.823	0.916
WNT3A	FGF4	9606.ENSP00000284523	9606.ENSP00000168712	0	0	0	0	0.050	0.050	0	0.614	0.621
WNT3A	FGF20	9606.ENSP00000284523	9606.ENSP00000180166	0	0	0	0	0.060	0.050	0	0.537	0.550
WNT3A	FGF22	9606.ENSP00000284523	9606.ENSP00000215530	0	0	0	0	0.055	0.050	0	0.520	0.531
WNT3A	WNT16	9606.ENSP00000284523	9606.ENSP00000222462	0	0	0	0.898	0.062	0.164	0.500	0.425	0.744
WNT3A	WNT3	9606.ENSP00000284523	9606.ENSP00000225512	0	0	0.049	0.982	0.047	0.604	0.900	0.393	0.974
WNT3A	CCND1	9606.ENSP00000284523	9606.ENSP00000227507	0	0	0	0	0	0	0	0.694	0.694
WNT3A	FGF6	9606.ENSP00000284523	9606.ENSP00000228837	0	0	0	0	0.055	0.050	0	0.520	0.531
WNT3A	FZD10	9606.ENSP00000284523	9606.ENSP00000229030	0	0	0	0	0	0.234	0.650	0.670	0.904
WNT3A	WNT6	9606.ENSP00000284523	9606.ENSP00000233948	0	0	0	0.886	0	0	0.500	0.122	0.542
WNT3A	FZD3	9606.ENSP00000284523	9606.ENSP00000240093	0	0	0.223	0	0	0.234	0.650	0.817	0.956
WNT3A	DLL4	9606.ENSP00000284523	9606.ENSP00000249749	0	0	0	0	0	0.094	0	0.372	0.407
WNT3A	JAG1	9606.ENSP00000284523	9606.ENSP00000254958	0	0	0	0	0	0.094	0	0.563	0.587
WNT3A	KRAS	9606.ENSP00000284523	9606.ENSP00000256078	0	0	0	0	0	0.095	0	0.374	0.409
WNT3A	APC	9606.ENSP00000284523	9606.ENSP00000257430	0	0	0	0	0	0.058	0.500	0.600	0.795
WNT3A	WNT10A	9606.ENSP00000284523	9606.ENSP00000258411	0	0	0	0.889	0.073	0	0.500	0.110	0.551
WNT3A	LRP6	9606.ENSP00000284523	9606.ENSP00000261349	0	0	0	0	0	0.706	0.800	0.998	0.999
WNT3A	AXIN1	9606.ENSP00000284523	9606.ENSP00000262320	0	0	0	0	0.053	0.092	0.500	0.927	0.964
WNT3A	MAPK3	9606.ENSP00000284523	9606.ENSP00000263025	0	0	0	0	0.051	0	0	0.417	0.423
WNT3A	FGF2	9606.ENSP00000284523	9606.ENSP00000264498	0	0	0	0	0	0.050	0	0.778	0.780
WNT3A	WNT5A	9606.ENSP00000284523	9606.ENSP00000264634	0	0	0	0.919	0	0	0.500	0.108	0.534
WNT3A	FGF10	9606.ENSP00000284523	9606.ENSP00000264664	0	0	0	0	0.055	0.050	0	0.668	0.676
WNT3A	LEF1	9606.ENSP00000284523	9606.ENSP00000265165	0	0	0	0	0	0.129	0	0.847	0.861
WNT3A	EGF	9606.ENSP00000284523	9606.ENSP00000265171	0	0	0	0	0	0.091	0	0.837	0.846
WNT3A	WNT2	9606.ENSP00000284523	9606.ENSP00000265441	0	0	0	0.917	0	0	0.500	0.420	0.697
WNT3A	FGF7	9606.ENSP00000284523	9606.ENSP00000267843	0	0	0	0	0	0.050	0	0.605	0.608
WNT3A	TP53	9606.ENSP00000284523	9606.ENSP00000269305	0	0	0	0	0	0	0	0.474	0.474
WNT3A	WNT9A	9606.ENSP00000284523	9606.ENSP00000272164	0	0	0	0.807	0.106	0.080	0.500	0.450	0.743
WNT3A	FGF18	9606.ENSP00000284523	9606.ENSP00000274625	0	0	0	0	0	0.050	0	0.544	0.548
WNT3A	EGFR	9606.ENSP00000284523	9606.ENSP00000275493	0	0	0	0	0	0	0	0.585	0.585
WNT3A	TCF7L1	9606.ENSP00000284523	9606.ENSP00000282111	0	0	0	0	0	0.129	0	0.422	0.475
WNT3A	PTEN	9606.ENSP00000284523	9606.ENSP00000361021	0	0	0	0	0.086	0.066	0	0.394	0.438
WNT3A	IGF1	9606.ENSP00000284523	9606.ENSP00000376637	0	0	0	0	0	0	0	0.478	0.478
WNT3A	JUN	9606.ENSP00000284523	9606.ENSP00000360266	0	0	0	0	0	0	0	0.484	0.484
WNT3A	DLL1	9606.ENSP00000284523	9606.ENSP00000355718	0	0	0	0	0.049	0.094	0	0.467	0.501
WNT3A	TNFSF11	9606.ENSP00000284523	9606.ENSP00000381775	0	0	0	0	0	0	0	0.506	0.506
WNT3A	FGF16	9606.ENSP00000284523	9606.ENSP00000399324	0	0	0	0	0.060	0.050	0	0.513	0.527
WNT3A	FGF17	9606.ENSP00000284523	9606.ENSP00000352414	0	0	0	0	0	0.050	0	0.524	0.528
WNT3A	WNT7A	9606.ENSP00000284523	9606.ENSP00000285018	0	0	0.057	0.914	0.048	0	0.500	0.104	0.544
WNT3A	WNT2B	9606.ENSP00000284523	9606.ENSP00000358698	0	0	0.057	0.911	0.044	0	0.500	0.114	0.547
WNT3A	FGF9	9606.ENSP00000284523	9606.ENSP00000371790	0	0	0	0	0.060	0.050	0	0.538	0.551
WNT3A	FGF3	9606.ENSP00000284523	9606.ENSP00000334122	0	0	0	0	0.047	0.066	0	0.543	0.558
WNT3A	WNT11	9606.ENSP00000284523	9606.ENSP00000325526	0	0	0.067	0.880	0.067	0	0.500	0.137	0.574
WNT3A	NOTCH1	9606.ENSP00000284523	9606.ENSP00000498587	0	0	0	0	0.121	0.196	0	0.449	0.577
WNT3A	WNT8A	9606.ENSP00000284523	9606.ENSP00000426653	0	0	0.072	0.853	0	0.079	0.500	0.137	0.582
WNT3A	AKT1	9606.ENSP00000284523	9606.ENSP00000451828	0	0	0	0	0	0.092	0	0.597	0.618
WNT3A	FGFR1	9606.ENSP00000284523	9606.ENSP00000393312	0	0	0	0	0	0.049	0	0.627	0.630
WNT3A	MYC	9606.ENSP00000284523	9606.ENSP00000478887	0	0	0	0	0	0	0	0.633	0.633
WNT3A	FGF5	9606.ENSP00000284523	9606.ENSP00000311697	0	0	0	0	0.047	0.050	0	0.691	0.696
WNT3A	WNT5B	9606.ENSP00000284523	9606.ENSP00000380379	0	0	0.055	0.926	0	0	0.500	0.408	0.696
WNT3A	WNT7B	9606.ENSP00000284523	9606.ENSP00000341032	0	0	0.065	0.918	0.056	0	0.500	0.403	0.701
WNT3A	TCF7L2	9606.ENSP00000284523	9606.ENSP00000486891	0	0	0	0	0	0.129	0	0.677	0.706
WNT3A	WNT4	9606.ENSP00000284523	9606.ENSP00000290167	0	0	0.060	0.932	0.064	0	0.500	0.416	0.708
WNT3A	WNT10B	9606.ENSP00000284523	9606.ENSP00000301061	0	0	0.061	0.884	0.057	0	0.500	0.435	0.716
WNT3A	WNT8B	9606.ENSP00000284523	9606.ENSP00000340677	0	0	0	0.850	0.097	0	0.500	0.448	0.729
WNT3A	WNT9B	9606.ENSP00000284523	9606.ENSP00000290015	0	0	0	0.811	0.091	0.080	0.500	0.465	0.746
WNT3A	TCF7	9606.ENSP00000284523	9606.ENSP00000340347	0	0	0	0	0	0.129	0	0.745	0.768
WNT3A	FGF8	9606.ENSP00000284523	9606.ENSP00000321797	0	0	0	0	0.060	0.050	0	0.777	0.784
WNT3A	WNT1	9606.ENSP00000284523	9606.ENSP00000293549	0	0	0	0.915	0.042	0.073	0.500	0.667	0.832
WNT3A	DVL3	9606.ENSP00000284523	9606.ENSP00000316054	0	0	0	0	0	0.132	0.500	0.763	0.888
WNT3A	AXIN2	9606.ENSP00000284523	9606.ENSP00000302625	0	0	0	0	0.053	0.092	0	0.887	0.894
WNT3A	FZD6	9606.ENSP00000284523	9606.ENSP00000351605	0	0	0	0	0	0.221	0.650	0.758	0.928
WNT3A	GSK3B	9606.ENSP00000284523	9606.ENSP00000324806	0	0	0	0	0	0.112	0.500	0.869	0.937
WNT3A	FZD7	9606.ENSP00000284523	9606.ENSP00000286201	0	0	0	0	0	0.234	0.650	0.790	0.938
WNT3A	FZD9	9606.ENSP00000284523	9606.ENSP00000345785	0	0	0	0	0	0.234	0.650	0.825	0.949
WNT3A	DVL1	9606.ENSP00000284523	9606.ENSP00000368166	0	0	0	0	0	0.132	0.500	0.928	0.966
WNT3A	FZD4	9606.ENSP00000284523	9606.ENSP00000434034	0	0	0.253	0	0	0.234	0.650	0.882	0.973
WNT3A	FZD5	9606.ENSP00000284523	9606.ENSP00000354607	0	0	0	0	0	0.434	0.800	0.792	0.974
WNT3A	CTNNB1	9606.ENSP00000284523	9606.ENSP00000495360	0	0	0	0	0	0.137	0.500	0.949	0.976
WNT3A	FZD8	9606.ENSP00000284523	9606.ENSP00000363826	0	0	0	0	0	0.434	0.650	0.953	0.989
WNT3A	FZD2	9606.ENSP00000284523	9606.ENSP00000323901	0	0	0	0	0	0.667	0.650	0.981	0.997
WNT3A	FZD1	9606.ENSP00000284523	9606.ENSP00000287934	0	0	0	0	0	0.434	0.650	0.994	0.998
WNT3A	LRP5	9606.ENSP00000284523	9606.ENSP00000294304	0	0	0	0	0	0.095	0.720	0.998	0.999
WNT4	DVL2	9606.ENSP00000290167	9606.ENSP00000005340	0	0	0	0	0	0.132	0.500	0.464	0.747
WNT4	FGF4	9606.ENSP00000290167	9606.ENSP00000168712	0	0	0	0	0.050	0.050	0	0.444	0.454
WNT4	FGF20	9606.ENSP00000290167	9606.ENSP00000180166	0	0	0	0	0.046	0.050	0	0.420	0.428
WNT4	WNT16	9606.ENSP00000290167	9606.ENSP00000222462	0	0	0	0.921	0.048	0	0.500	0.440	0.710
WNT4	WNT3	9606.ENSP00000290167	9606.ENSP00000225512	0	0	0.054	0.935	0.056	0	0.500	0.290	0.640
WNT4	CCND1	9606.ENSP00000290167	9606.ENSP00000227507	0	0	0	0	0	0	0	0.638	0.638
WNT4	FZD10	9606.ENSP00000290167	9606.ENSP00000229030	0	0	0	0	0.062	0.234	0.650	0.506	0.859
WNT4	WNT6	9606.ENSP00000290167	9606.ENSP00000233948	0	0	0	0.910	0.061	0	0.500	0.142	0.562
WNT4	FZD3	9606.ENSP00000290167	9606.ENSP00000240093	0	0	0	0	0.042	0.234	0.900	0.854	0.987
WNT4	JAG1	9606.ENSP00000290167	9606.ENSP00000254958	0	0	0	0	0.042	0.094	0	0.433	0.465
WNT4	NOTCH2	9606.ENSP00000290167	9606.ENSP00000256646	0	0	0	0	0	0.094	0	0.406	0.439
WNT4	WNT10A	9606.ENSP00000290167	9606.ENSP00000258411	0	0	0	0.897	0.107	0	0.500	0.133	0.579
WNT4	LRP6	9606.ENSP00000290167	9606.ENSP00000261349	0	0	0	0	0	0.095	0.650	0.746	0.912
WNT4	AXIN1	9606.ENSP00000290167	9606.ENSP00000262320	0	0	0	0	0.053	0.092	0	0.615	0.640
WNT4	NOTCH3	9606.ENSP00000290167	9606.ENSP00000263388	0	0	0	0	0.054	0.094	0	0.532	0.563
WNT4	FGF2	9606.ENSP00000290167	9606.ENSP00000264498	0	0	0	0	0	0.050	0	0.567	0.571
WNT4	WNT5A	9606.ENSP00000290167	9606.ENSP00000264634	0	0	0	0.936	0.043	0.588	0.500	0.427	0.871
WNT4	FGF10	9606.ENSP00000290167	9606.ENSP00000264664	0	0	0	0	0.056	0.050	0	0.425	0.439
WNT4	LEF1	9606.ENSP00000290167	9606.ENSP00000265165	0	0	0	0	0.043	0.129	0	0.623	0.658
WNT4	EGF	9606.ENSP00000290167	9606.ENSP00000265171	0	0	0	0	0	0.091	0	0.617	0.637
WNT4	WNT2	9606.ENSP00000290167	9606.ENSP00000265441	0	0	0.054	0.930	0.044	0	0.500	0.094	0.536
WNT4	FGF7	9606.ENSP00000290167	9606.ENSP00000267843	0	0	0	0	0.049	0.050	0	0.420	0.430
WNT4	TP53	9606.ENSP00000290167	9606.ENSP00000269305	0	0	0	0	0	0.165	0	0.549	0.607
WNT4	WNT9A	9606.ENSP00000290167	9606.ENSP00000272164	0	0	0	0.848	0.080	0.088	0.500	0.176	0.608
WNT4	FGF18	9606.ENSP00000290167	9606.ENSP00000274625	0	0	0	0	0.049	0.050	0	0.405	0.416
WNT4	WNT3A	9606.ENSP00000290167	9606.ENSP00000284523	0	0	0.060	0.932	0.064	0	0.500	0.416	0.708
WNT4	WNT7A	9606.ENSP00000290167	9606.ENSP00000285018	0	0	0.052	0.931	0.049	0	0.500	0.121	0.551
WNT4	FZD7	9606.ENSP00000290167	9606.ENSP00000286201	0	0	0	0	0	0.234	0.650	0.797	0.941
WNT4	FZD1	9606.ENSP00000290167	9606.ENSP00000287934	0	0	0	0	0	0.234	0.650	0.815	0.946
WNT4	WNT9B	9606.ENSP00000290167	9606.ENSP00000290015	0	0	0	0.861	0.055	0.080	0.500	0.166	0.589
WNT4	NOTCH1	9606.ENSP00000290167	9606.ENSP00000498587	0	0	0	0	0.069	0.079	0	0.357	0.401
WNT4	MYC	9606.ENSP00000290167	9606.ENSP00000478887	0	0	0	0	0	0	0	0.401	0.401
WNT4	FGF16	9606.ENSP00000290167	9606.ENSP00000399324	0	0	0	0	0.046	0.050	0	0.399	0.408
WNT4	DLL1	9606.ENSP00000290167	9606.ENSP00000355718	0	0	0	0	0.049	0.094	0	0.382	0.421
WNT4	PTEN	9606.ENSP00000290167	9606.ENSP00000361021	0	0	0	0	0.086	0.195	0	0.311	0.449
WNT4	TCF7	9606.ENSP00000290167	9606.ENSP00000340347	0	0	0	0	0	0.129	0	0.398	0.454
WNT4	TCF7L2	9606.ENSP00000290167	9606.ENSP00000486891	0	0	0	0	0.042	0.129	0	0.398	0.454
WNT4	ESR1	9606.ENSP00000290167	9606.ENSP00000405330	0	0	0	0	0.049	0	0	0.506	0.510
WNT4	FGF8	9606.ENSP00000290167	9606.ENSP00000321797	0	0	0	0	0.059	0.050	0	0.515	0.529
WNT4	WNT2B	9606.ENSP00000290167	9606.ENSP00000358698	0	0	0	0.934	0.054	0	0.500	0.093	0.533
WNT4	WNT5B	9606.ENSP00000290167	9606.ENSP00000380379	0	0	0	0.929	0.047	0	0.500	0.123	0.545
WNT4	WNT8B	9606.ENSP00000290167	9606.ENSP00000340677	0	0	0	0.876	0.042	0	0.500	0.127	0.545
WNT4	WNT8A	9606.ENSP00000290167	9606.ENSP00000426653	0	0	0	0.865	0	0	0.500	0.131	0.547
WNT4	WNT11	9606.ENSP00000290167	9606.ENSP00000325526	0	0	0.055	0.918	0.049	0	0.500	0.122	0.553
WNT4	GSK3B	9606.ENSP00000290167	9606.ENSP00000324806	0	0	0	0	0	0.112	0	0.538	0.572
WNT4	WNT10B	9606.ENSP00000290167	9606.ENSP00000301061	0	0	0	0.890	0.086	0	0.500	0.149	0.577
WNT4	AKT1	9606.ENSP00000290167	9606.ENSP00000451828	0	0	0	0	0	0.092	0	0.580	0.602
WNT4	FGF9	9606.ENSP00000290167	9606.ENSP00000371790	0	0	0	0	0.046	0.050	0	0.604	0.610
WNT4	PGR	9606.ENSP00000290167	9606.ENSP00000325120	0	0	0	0	0.069	0	0	0.610	0.622
WNT4	TNFSF11	9606.ENSP00000290167	9606.ENSP00000381775	0	0	0	0	0	0	0	0.640	0.640
WNT4	AXIN2	9606.ENSP00000290167	9606.ENSP00000302625	0	0	0	0	0.053	0.092	0	0.650	0.672
WNT4	DVL3	9606.ENSP00000290167	9606.ENSP00000316054	0	0	0	0	0	0.132	0.500	0.375	0.705
WNT4	WNT7B	9606.ENSP00000290167	9606.ENSP00000341032	0	0	0.059	0.935	0.067	0.545	0.500	0.113	0.790
WNT4	DVL1	9606.ENSP00000290167	9606.ENSP00000368166	0	0	0	0	0	0.132	0.500	0.610	0.815
WNT4	CTNNB1	9606.ENSP00000290167	9606.ENSP00000495360	0	0	0	0	0	0.137	0	0.872	0.885
WNT4	WNT1	9606.ENSP00000290167	9606.ENSP00000293549	0	0	0	0.922	0.047	0	0.900	0.157	0.912
WNT4	LRP5	9606.ENSP00000290167	9606.ENSP00000294304	0	0	0	0	0	0.095	0.650	0.830	0.941
WNT4	FZD8	9606.ENSP00000290167	9606.ENSP00000363826	0	0	0	0	0.049	0.234	0.650	0.857	0.958
WNT4	FZD9	9606.ENSP00000290167	9606.ENSP00000345785	0	0	0	0	0.048	0.234	0.650	0.857	0.958
WNT4	FZD5	9606.ENSP00000290167	9606.ENSP00000354607	0	0	0	0	0	0.234	0.650	0.861	0.959
WNT4	FZD4	9606.ENSP00000290167	9606.ENSP00000434034	0	0	0.211	0	0	0.234	0.650	0.872	0.969
WNT4	FZD2	9606.ENSP00000290167	9606.ENSP00000323901	0	0	0	0	0.044	0.234	0.650	0.913	0.974
WNT4	FZD6	9606.ENSP00000290167	9606.ENSP00000351605	0	0	0	0	0.042	0.221	0.650	0.943	0.983
WNT5A	DVL2	9606.ENSP00000264634	9606.ENSP00000005340	0	0	0	0	0	0.132	0.800	0.887	0.978
WNT5A	FGF4	9606.ENSP00000264634	9606.ENSP00000168712	0	0	0	0	0.050	0.050	0	0.469	0.479
WNT5A	FGF20	9606.ENSP00000264634	9606.ENSP00000180166	0	0	0	0	0.046	0.050	0	0.456	0.464
WNT5A	FGF22	9606.ENSP00000264634	9606.ENSP00000215530	0	0	0	0	0.055	0.050	0	0.429	0.443
WNT5A	WNT16	9606.ENSP00000264634	9606.ENSP00000222462	0	0	0	0.886	0	0.450	0.500	0.112	0.734
WNT5A	WNT3	9606.ENSP00000264634	9606.ENSP00000225512	0	0	0	0.920	0	0	0.500	0.096	0.528
WNT5A	CCND1	9606.ENSP00000264634	9606.ENSP00000227507	0	0	0	0	0.104	0	0	0.613	0.638
WNT5A	FGF6	9606.ENSP00000264634	9606.ENSP00000228837	0	0	0	0	0.055	0.050	0	0.418	0.432
WNT5A	FZD10	9606.ENSP00000264634	9606.ENSP00000229030	0	0	0	0	0.080	0.234	0.650	0.535	0.869
WNT5A	WNT6	9606.ENSP00000264634	9606.ENSP00000233948	0	0	0	0.890	0	0	0.500	0.435	0.705
WNT5A	FZD3	9606.ENSP00000264634	9606.ENSP00000240093	0	0	0	0	0.042	0.234	0.900	0.995	0.999
WNT5A	JAG1	9606.ENSP00000264634	9606.ENSP00000254958	0	0	0	0	0.062	0.094	0	0.460	0.501
WNT5A	KRAS	9606.ENSP00000264634	9606.ENSP00000256078	0	0	0	0	0	0.095	0	0.383	0.417
WNT5A	NOTCH2	9606.ENSP00000264634	9606.ENSP00000256646	0	0	0	0	0.062	0.127	0	0.385	0.453
WNT5A	APC	9606.ENSP00000264634	9606.ENSP00000257430	0	0	0	0	0	0.058	0	0.448	0.458
WNT5A	WNT10A	9606.ENSP00000264634	9606.ENSP00000258411	0	0	0	0.862	0.057	0	0.500	0.132	0.554
WNT5A	LRP6	9606.ENSP00000264634	9606.ENSP00000261349	0	0	0	0	0.062	0.331	0.650	0.814	0.953
WNT5A	FLT4	9606.ENSP00000264634	9606.ENSP00000261937	0	0	0	0	0	0.045	0	0.412	0.414
WNT5A	AXIN1	9606.ENSP00000264634	9606.ENSP00000262320	0	0	0	0	0.053	0.092	0	0.690	0.710
WNT5A	MAPK3	9606.ENSP00000264634	9606.ENSP00000263025	0	0	0	0	0.051	0	0	0.418	0.424
WNT5A	NOTCH3	9606.ENSP00000264634	9606.ENSP00000263388	0	0	0	0	0.083	0.094	0	0.340	0.404
WNT5A	FGF2	9606.ENSP00000264634	9606.ENSP00000264498	0	0	0	0	0.086	0.050	0	0.506	0.533
WNT5A	ERBB2	9606.ENSP00000264634	9606.ENSP00000269571	0	0	0	0	0	0	0	0.409	0.409
WNT5A	BRAF	9606.ENSP00000264634	9606.ENSP00000419060	0	0	0	0	0	0.092	0	0.380	0.413
WNT5A	ESR1	9606.ENSP00000264634	9606.ENSP00000405330	0	0	0	0	0	0	0	0.416	0.416
WNT5A	FGFR1	9606.ENSP00000264634	9606.ENSP00000393312	0	0	0	0	0.067	0.049	0	0.395	0.417
WNT5A	TCF7L1	9606.ENSP00000264634	9606.ENSP00000282111	0	0	0	0	0.049	0.129	0	0.374	0.436
WNT5A	FGF17	9606.ENSP00000264634	9606.ENSP00000352414	0	0	0	0	0	0.050	0	0.436	0.441
WNT5A	FGF5	9606.ENSP00000264634	9606.ENSP00000311697	0	0	0	0	0.054	0.050	0	0.436	0.449
WNT5A	FGF16	9606.ENSP00000264634	9606.ENSP00000399324	0	0	0	0	0.046	0.050	0	0.441	0.450
WNT5A	FGF3	9606.ENSP00000264634	9606.ENSP00000334122	0	0	0	0	0	0.066	0	0.447	0.461
WNT5A	TNFSF11	9606.ENSP00000264634	9606.ENSP00000381775	0	0	0	0	0	0	0	0.470	0.470
WNT5A	FGF18	9606.ENSP00000264634	9606.ENSP00000274625	0	0	0	0	0	0.050	0	0.472	0.477
WNT5A	TP53	9606.ENSP00000264634	9606.ENSP00000269305	0	0	0	0	0	0	0	0.477	0.477
WNT5A	PTEN	9606.ENSP00000264634	9606.ENSP00000361021	0	0	0	0	0.086	0.066	0	0.437	0.477
WNT5A	NOTCH1	9606.ENSP00000264634	9606.ENSP00000498587	0	0	0	0	0.055	0.079	0	0.459	0.488
WNT5A	FGF9	9606.ENSP00000264634	9606.ENSP00000371790	0	0	0	0	0.046	0.050	0	0.483	0.490
WNT5A	TCF7	9606.ENSP00000264634	9606.ENSP00000340347	0	0	0	0	0	0.129	0	0.462	0.511
WNT5A	TCF7L2	9606.ENSP00000264634	9606.ENSP00000486891	0	0	0	0	0	0.129	0	0.464	0.513
WNT5A	EGF	9606.ENSP00000264634	9606.ENSP00000265171	0	0	0	0	0	0.091	0	0.499	0.525
WNT5A	WNT3A	9606.ENSP00000264634	9606.ENSP00000284523	0	0	0	0.919	0	0	0.500	0.108	0.534
WNT5A	WNT7B	9606.ENSP00000264634	9606.ENSP00000341032	0	0	0.055	0.930	0	0	0.500	0.099	0.537
WNT5A	WNT8B	9606.ENSP00000264634	9606.ENSP00000340677	0	0	0	0.865	0	0	0.500	0.122	0.542
WNT5A	EGFR	9606.ENSP00000264634	9606.ENSP00000275493	0	0	0	0	0.109	0	0	0.511	0.545
WNT5A	WNT8A	9606.ENSP00000264634	9606.ENSP00000426653	0	0	0	0.850	0	0	0.500	0.133	0.547
WNT5A	FGF8	9606.ENSP00000264634	9606.ENSP00000321797	0	0	0	0	0.059	0.050	0	0.545	0.557
WNT5A	FGF10	9606.ENSP00000264634	9606.ENSP00000264664	0	0	0	0	0.055	0.050	0	0.551	0.562
WNT5A	WNT10B	9606.ENSP00000264634	9606.ENSP00000301061	0	0	0	0.847	0.057	0	0.500	0.152	0.565
WNT5A	MYC	9606.ENSP00000264634	9606.ENSP00000478887	0	0	0	0	0	0	0	0.572	0.572
WNT5A	JUN	9606.ENSP00000264634	9606.ENSP00000360266	0	0	0	0	0	0	0	0.677	0.677
WNT5A	GSK3B	9606.ENSP00000264634	9606.ENSP00000324806	0	0	0	0	0	0.112	0	0.670	0.695
WNT5A	WNT9B	9606.ENSP00000264634	9606.ENSP00000290015	0	0	0	0.836	0.055	0.080	0.500	0.400	0.704
WNT5A	WNT2B	9606.ENSP00000264634	9606.ENSP00000358698	0	0	0.057	0.926	0.067	0	0.500	0.409	0.705
WNT5A	FGF7	9606.ENSP00000264634	9606.ENSP00000267843	0	0	0	0	0.064	0.050	0	0.695	0.705
WNT5A	WNT2	9606.ENSP00000264634	9606.ENSP00000265441	0	0	0	0.927	0.092	0	0.500	0.416	0.711
WNT5A	LEF1	9606.ENSP00000264634	9606.ENSP00000265165	0	0	0	0	0.053	0.129	0	0.695	0.727
WNT5A	WNT9A	9606.ENSP00000264634	9606.ENSP00000272164	0	0	0	0.833	0.055	0.080	0.500	0.449	0.728
WNT5A	WNT11	9606.ENSP00000264634	9606.ENSP00000325526	0	0	0.061	0.887	0	0	0.500	0.474	0.731
WNT5A	WNT7A	9606.ENSP00000264634	9606.ENSP00000285018	0	0	0.055	0.923	0	0.443	0.500	0.109	0.734
WNT5A	WNT1	9606.ENSP00000264634	9606.ENSP00000293549	0	0	0	0.901	0	0	0.500	0.494	0.736
WNT5A	IGF1	9606.ENSP00000264634	9606.ENSP00000376637	0	0	0	0	0.042	0	0	0.737	0.737
WNT5A	AKT1	9606.ENSP00000264634	9606.ENSP00000451828	0	0	0	0	0	0.092	0	0.736	0.750
WNT5A	AXIN2	9606.ENSP00000264634	9606.ENSP00000302625	0	0	0	0	0.053	0.092	0	0.745	0.761
WNT5A	CTNNB1	9606.ENSP00000264634	9606.ENSP00000495360	0	0	0	0	0.058	0.137	0	0.851	0.869
WNT5A	WNT4	9606.ENSP00000264634	9606.ENSP00000290167	0	0	0	0.936	0.043	0.588	0.500	0.427	0.871
WNT5A	DVL3	9606.ENSP00000264634	9606.ENSP00000316054	0	0	0	0	0.047	0.132	0.500	0.814	0.913
WNT5A	FZD8	9606.ENSP00000264634	9606.ENSP00000363826	0	0	0	0	0.074	0.234	0.650	0.846	0.956
WNT5A	WNT5B	9606.ENSP00000264634	9606.ENSP00000380379	0	0	0.050	0.981	0.101	0.589	0.900	0.058	0.960
WNT5A	DVL1	9606.ENSP00000264634	9606.ENSP00000368166	0	0	0	0	0	0.132	0.500	0.918	0.961
WNT5A	FZD1	9606.ENSP00000264634	9606.ENSP00000287934	0	0	0	0	0.072	0.434	0.650	0.955	0.990
WNT5A	LRP5	9606.ENSP00000264634	9606.ENSP00000294304	0	0	0	0	0	0.095	0.650	0.980	0.993
WNT5A	FZD6	9606.ENSP00000264634	9606.ENSP00000351605	0	0	0	0	0.066	0.221	0.650	0.991	0.997
WNT5A	FZD9	9606.ENSP00000264634	9606.ENSP00000345785	0	0	0	0	0.059	0.234	0.650	0.994	0.998
WNT5A	FZD7	9606.ENSP00000264634	9606.ENSP00000286201	0	0	0.214	0	0.083	0.234	0.900	0.980	0.998
WNT5A	FZD2	9606.ENSP00000264634	9606.ENSP00000323901	0	0	0	0	0.074	0.434	0.650	0.997	0.999
WNT5A	FZD4	9606.ENSP00000264634	9606.ENSP00000434034	0	0	0	0	0.058	0.234	0.900	0.998	0.999
WNT5A	FZD5	9606.ENSP00000264634	9606.ENSP00000354607	0	0	0	0	0.049	0.527	0.650	0.998	0.999
WNT5B	DVL2	9606.ENSP00000380379	9606.ENSP00000005340	0	0	0	0	0	0.132	0.500	0.462	0.746
WNT5B	WNT16	9606.ENSP00000380379	9606.ENSP00000222462	0	0	0	0.900	0.049	0	0.500	0.436	0.708
WNT5B	WNT3	9606.ENSP00000380379	9606.ENSP00000225512	0	0	0	0.922	0.042	0	0.500	0.105	0.533
WNT5B	FZD10	9606.ENSP00000380379	9606.ENSP00000229030	0	0	0	0	0	0.234	0.650	0.402	0.825
WNT5B	WNT6	9606.ENSP00000380379	9606.ENSP00000233948	0	0	0	0.884	0.056	0	0.500	0.138	0.557
WNT5B	FZD3	9606.ENSP00000380379	9606.ENSP00000240093	0	0	0	0	0	0.234	0.900	0.833	0.986
WNT5B	WNT10A	9606.ENSP00000380379	9606.ENSP00000258411	0	0	0	0.880	0.057	0	0.500	0.120	0.548
WNT5B	LRP6	9606.ENSP00000380379	9606.ENSP00000261349	0	0	0	0	0	0.095	0.650	0.713	0.901
WNT5B	AXIN1	9606.ENSP00000380379	9606.ENSP00000262320	0	0	0	0	0.053	0.092	0	0.545	0.574
WNT5B	WNT5A	9606.ENSP00000380379	9606.ENSP00000264634	0	0	0.050	0.981	0.101	0.589	0.900	0.058	0.960
WNT5B	LEF1	9606.ENSP00000380379	9606.ENSP00000265165	0	0	0	0	0	0.129	0	0.525	0.568
WNT5B	WNT2	9606.ENSP00000380379	9606.ENSP00000265441	0	0	0.052	0.927	0.087	0	0.500	0.152	0.584
WNT5B	WNT9A	9606.ENSP00000380379	9606.ENSP00000272164	0	0	0	0.822	0.057	0.080	0.500	0.164	0.589
WNT5B	WNT3A	9606.ENSP00000380379	9606.ENSP00000284523	0	0	0.055	0.926	0	0	0.500	0.408	0.696
WNT5B	WNT7A	9606.ENSP00000380379	9606.ENSP00000285018	0	0	0.054	0.924	0.042	0	0.500	0.105	0.540
WNT5B	FZD7	9606.ENSP00000380379	9606.ENSP00000286201	0	0	0.239	0	0.062	0.234	0.650	0.803	0.955
WNT5B	FZD1	9606.ENSP00000380379	9606.ENSP00000287934	0	0	0.221	0	0.074	0.234	0.650	0.599	0.908
WNT5B	WNT9B	9606.ENSP00000380379	9606.ENSP00000290015	0	0	0	0.822	0.055	0.080	0.500	0.157	0.584
WNT5B	WNT4	9606.ENSP00000380379	9606.ENSP00000290167	0	0	0	0.929	0.047	0	0.500	0.123	0.545
WNT5B	WNT1	9606.ENSP00000380379	9606.ENSP00000293549	0	0	0	0.894	0	0	0.500	0.125	0.543
WNT5B	LRP5	9606.ENSP00000380379	9606.ENSP00000294304	0	0	0	0	0	0.095	0.650	0.604	0.863
WNT5B	WNT10B	9606.ENSP00000380379	9606.ENSP00000301061	0	0	0	0.854	0.057	0	0.500	0.164	0.571
WNT5B	AXIN2	9606.ENSP00000380379	9606.ENSP00000302625	0	0	0	0	0.053	0.092	0	0.589	0.616
WNT5B	DVL3	9606.ENSP00000380379	9606.ENSP00000316054	0	0	0	0	0.044	0.132	0.500	0.419	0.726
WNT5B	FZD2	9606.ENSP00000380379	9606.ENSP00000323901	0	0	0.216	0	0.092	0.234	0.650	0.851	0.966
WNT5B	GSK3B	9606.ENSP00000380379	9606.ENSP00000324806	0	0	0	0	0	0.112	0	0.434	0.476
WNT5B	WNT11	9606.ENSP00000380379	9606.ENSP00000325526	0	0	0.059	0.888	0	0	0.500	0.122	0.551
WNT5B	WNT8B	9606.ENSP00000380379	9606.ENSP00000340677	0	0	0	0.863	0	0	0.500	0.131	0.546
WNT5B	WNT7B	9606.ENSP00000380379	9606.ENSP00000341032	0	0	0.056	0.931	0.044	0	0.500	0.098	0.538
WNT5B	FZD9	9606.ENSP00000380379	9606.ENSP00000345785	0	0	0	0	0	0.234	0.650	0.846	0.955
WNT5B	FZD6	9606.ENSP00000380379	9606.ENSP00000351605	0	0	0	0	0	0.221	0.650	0.893	0.968
WNT5B	FZD5	9606.ENSP00000380379	9606.ENSP00000354607	0	0	0	0	0	0.234	0.650	0.799	0.941
WNT5B	WNT2B	9606.ENSP00000380379	9606.ENSP00000358698	0	0	0.054	0.933	0.067	0	0.500	0.096	0.547
WNT5B	FZD8	9606.ENSP00000380379	9606.ENSP00000363826	0	0	0	0	0.064	0.234	0.650	0.863	0.961
WNT5B	DVL1	9606.ENSP00000380379	9606.ENSP00000368166	0	0	0	0	0	0.132	0.500	0.520	0.773
WNT5B	TCF7L2	9606.ENSP00000380379	9606.ENSP00000486891	0	0	0	0	0	0.129	0	0.414	0.468
WNT5B	WNT8A	9606.ENSP00000380379	9606.ENSP00000426653	0	0	0	0.860	0	0	0.500	0.129	0.545
WNT5B	CTNNB1	9606.ENSP00000380379	9606.ENSP00000495360	0	0	0	0	0	0.137	0	0.649	0.684
WNT5B	FZD4	9606.ENSP00000380379	9606.ENSP00000434034	0	0	0	0	0	0.234	0.650	0.900	0.970
WNT6	DVL2	9606.ENSP00000233948	9606.ENSP00000005340	0	0	0	0	0	0.132	0	0.407	0.463
WNT6	FGF4	9606.ENSP00000233948	9606.ENSP00000168712	0	0	0	0	0.056	0.050	0	0.505	0.518
WNT6	WNT16	9606.ENSP00000233948	9606.ENSP00000222462	0	0	0	0.864	0	0	0.500	0.145	0.554
WNT6	WNT3	9606.ENSP00000233948	9606.ENSP00000225512	0	0	0.060	0.888	0.042	0	0.500	0.124	0.553
WNT6	CCND1	9606.ENSP00000233948	9606.ENSP00000227507	0	0	0	0	0	0	0	0.417	0.417
WNT6	FZD10	9606.ENSP00000233948	9606.ENSP00000229030	0	0	0	0	0.078	0.234	0.650	0.472	0.852
WNT6	TCF7L1	9606.ENSP00000233948	9606.ENSP00000282111	0	0	0	0	0.054	0.129	0	0.333	0.402
WNT6	DVL3	9606.ENSP00000233948	9606.ENSP00000316054	0	0	0	0	0	0.132	0	0.364	0.425
WNT6	GSK3B	9606.ENSP00000233948	9606.ENSP00000324806	0	0	0	0	0	0.112	0	0.435	0.477
WNT6	TCF7	9606.ENSP00000233948	9606.ENSP00000340347	0	0	0	0	0	0.129	0	0.432	0.484
WNT6	WNT2	9606.ENSP00000233948	9606.ENSP00000265441	0	0	0	0.891	0.042	0	0.500	0.109	0.535
WNT6	EGF	9606.ENSP00000233948	9606.ENSP00000265171	0	0	0	0	0	0.091	0	0.512	0.537
WNT6	WNT3A	9606.ENSP00000233948	9606.ENSP00000284523	0	0	0	0.886	0	0	0.500	0.122	0.542
WNT6	WNT7A	9606.ENSP00000233948	9606.ENSP00000285018	0	0	0	0.894	0.042	0	0.500	0.135	0.549
WNT6	WNT7B	9606.ENSP00000233948	9606.ENSP00000341032	0	0	0.058	0.900	0.042	0	0.500	0.127	0.553
WNT6	WNT5B	9606.ENSP00000233948	9606.ENSP00000380379	0	0	0	0.884	0.056	0	0.500	0.138	0.557
WNT6	WNT4	9606.ENSP00000233948	9606.ENSP00000290167	0	0	0	0.910	0.061	0	0.500	0.142	0.562
WNT6	DVL1	9606.ENSP00000233948	9606.ENSP00000368166	0	0	0	0	0	0.132	0	0.517	0.563
WNT6	WNT8B	9606.ENSP00000233948	9606.ENSP00000340677	0	0	0	0.828	0.050	0	0.500	0.160	0.566
WNT6	AXIN1	9606.ENSP00000233948	9606.ENSP00000262320	0	0	0	0	0.053	0.092	0	0.543	0.572
WNT6	WNT11	9606.ENSP00000233948	9606.ENSP00000325526	0	0	0	0.856	0.082	0	0.500	0.148	0.575
WNT6	LEF1	9606.ENSP00000233948	9606.ENSP00000265165	0	0	0	0	0	0.129	0	0.544	0.586
WNT6	WNT9B	9606.ENSP00000233948	9606.ENSP00000290015	0	0	0	0.844	0.060	0.080	0.500	0.155	0.586
WNT6	WNT10A	9606.ENSP00000233948	9606.ENSP00000258411	0	0	0	0.877	0.137	0	0.500	0.165	0.608
WNT6	WNT10B	9606.ENSP00000233948	9606.ENSP00000301061	0	0	0	0.882	0.133	0	0.500	0.191	0.619
WNT6	AXIN2	9606.ENSP00000233948	9606.ENSP00000302625	0	0	0	0	0.053	0.092	0	0.605	0.631
WNT6	WNT8A	9606.ENSP00000233948	9606.ENSP00000426653	0	0	0	0.830	0	0	0.500	0.329	0.650
WNT6	WNT2B	9606.ENSP00000233948	9606.ENSP00000358698	0	0	0	0.903	0	0	0.500	0.378	0.675
WNT6	CTNNB1	9606.ENSP00000233948	9606.ENSP00000495360	0	0	0	0	0	0.137	0	0.649	0.684
WNT6	WNT5A	9606.ENSP00000233948	9606.ENSP00000264634	0	0	0	0.890	0	0	0.500	0.435	0.705
WNT6	WNT1	9606.ENSP00000233948	9606.ENSP00000293549	0	0	0	0.896	0.056	0	0.500	0.431	0.707
WNT6	WNT9A	9606.ENSP00000233948	9606.ENSP00000272164	0	0	0	0.841	0.055	0.080	0.500	0.454	0.731
WNT6	LRP6	9606.ENSP00000233948	9606.ENSP00000261349	0	0	0	0	0	0.095	0.650	0.705	0.898
WNT6	FZD8	9606.ENSP00000233948	9606.ENSP00000363826	0	0	0	0	0	0.234	0.650	0.678	0.906
WNT6	FZD7	9606.ENSP00000233948	9606.ENSP00000286201	0	0	0	0	0	0.234	0.650	0.690	0.909
WNT6	FZD6	9606.ENSP00000233948	9606.ENSP00000351605	0	0	0	0	0	0.221	0.650	0.696	0.910
WNT6	FZD3	9606.ENSP00000233948	9606.ENSP00000240093	0	0	0	0	0	0.234	0.650	0.724	0.919
WNT6	FZD5	9606.ENSP00000233948	9606.ENSP00000354607	0	0	0	0	0	0.234	0.650	0.747	0.926
WNT6	FZD1	9606.ENSP00000233948	9606.ENSP00000287934	0	0	0	0	0	0.234	0.650	0.753	0.928
WNT6	FZD4	9606.ENSP00000233948	9606.ENSP00000434034	0	0	0	0	0.057	0.234	0.650	0.762	0.931
WNT6	LRP5	9606.ENSP00000233948	9606.ENSP00000294304	0	0	0	0	0.044	0.095	0.650	0.814	0.936
WNT6	FZD9	9606.ENSP00000233948	9606.ENSP00000345785	0	0	0	0	0.086	0.234	0.650	0.787	0.940
WNT6	FZD2	9606.ENSP00000233948	9606.ENSP00000323901	0	0	0	0	0.044	0.234	0.650	0.864	0.960
WNT7A	DVL2	9606.ENSP00000285018	9606.ENSP00000005340	0	0	0	0	0	0.132	0	0.463	0.514
WNT7A	FGF4	9606.ENSP00000285018	9606.ENSP00000168712	0	0	0	0	0.052	0.050	0	0.415	0.427
WNT7A	WNT16	9606.ENSP00000285018	9606.ENSP00000222462	0	0	0	0.914	0.042	0.164	0.500	0.425	0.738
WNT7A	WNT3	9606.ENSP00000285018	9606.ENSP00000225512	0	0	0.054	0.918	0	0	0.500	0.097	0.535
WNT7A	CCND1	9606.ENSP00000285018	9606.ENSP00000227507	0	0	0	0	0.042	0	0	0.478	0.479
WNT7A	FZD10	9606.ENSP00000285018	9606.ENSP00000229030	0	0	0	0	0	0.234	0.650	0.954	0.986
WNT7A	WNT6	9606.ENSP00000285018	9606.ENSP00000233948	0	0	0	0.894	0.042	0	0.500	0.135	0.549
WNT7A	FZD3	9606.ENSP00000285018	9606.ENSP00000240093	0	0	0	0	0	0.234	0.650	0.811	0.945
WNT7A	APC	9606.ENSP00000285018	9606.ENSP00000257430	0	0	0	0	0	0.058	0	0.393	0.404
WNT7A	WNT10A	9606.ENSP00000285018	9606.ENSP00000258411	0	0	0	0.894	0.078	0	0.500	0.113	0.555
WNT7A	LRP6	9606.ENSP00000285018	9606.ENSP00000261349	0	0	0	0	0	0.097	0.650	0.963	0.987
WNT7A	AXIN1	9606.ENSP00000285018	9606.ENSP00000262320	0	0	0	0	0.053	0.092	0	0.603	0.628
WNT7A	FGF2	9606.ENSP00000285018	9606.ENSP00000264498	0	0	0	0	0	0.050	0	0.401	0.407
WNT7A	WNT5A	9606.ENSP00000285018	9606.ENSP00000264634	0	0	0.055	0.923	0	0.443	0.500	0.109	0.734
WNT7A	FGF10	9606.ENSP00000285018	9606.ENSP00000264664	0	0	0	0	0.055	0.050	0	0.422	0.435
WNT7A	LEF1	9606.ENSP00000285018	9606.ENSP00000265165	0	0	0	0	0.050	0.129	0	0.611	0.650
WNT7A	WNT2	9606.ENSP00000285018	9606.ENSP00000265441	0	0	0.059	0.917	0	0	0.500	0.092	0.535
WNT7A	WNT9A	9606.ENSP00000285018	9606.ENSP00000272164	0	0	0	0.840	0.060	0.080	0.500	0.156	0.587
WNT7A	FGF18	9606.ENSP00000285018	9606.ENSP00000274625	0	0	0	0	0.056	0.050	0	0.399	0.414
WNT7A	EGFR	9606.ENSP00000285018	9606.ENSP00000275493	0	0	0	0	0	0	0	0.550	0.550
WNT7A	WNT3A	9606.ENSP00000285018	9606.ENSP00000284523	0	0	0.057	0.914	0.048	0	0.500	0.104	0.544
WNT7A	TCF7L2	9606.ENSP00000285018	9606.ENSP00000486891	0	0	0	0	0	0.129	0	0.353	0.413
WNT7A	FGF9	9606.ENSP00000285018	9606.ENSP00000371790	0	0	0	0	0.049	0.050	0	0.411	0.421
WNT7A	AKT1	9606.ENSP00000285018	9606.ENSP00000451828	0	0	0	0	0	0.092	0	0.401	0.433
WNT7A	FGF8	9606.ENSP00000285018	9606.ENSP00000321797	0	0	0	0	0.059	0.050	0	0.442	0.458
WNT7A	TCF7	9606.ENSP00000285018	9606.ENSP00000340347	0	0	0	0	0.060	0.129	0	0.407	0.472
WNT7A	DVL3	9606.ENSP00000285018	9606.ENSP00000316054	0	0	0	0	0.042	0.132	0	0.441	0.494
WNT7A	WNT2B	9606.ENSP00000285018	9606.ENSP00000358698	0	0	0.056	0.931	0	0	0.500	0.084	0.530
WNT7A	WNT5B	9606.ENSP00000285018	9606.ENSP00000380379	0	0	0.054	0.924	0.042	0	0.500	0.105	0.540
WNT7A	WNT1	9606.ENSP00000285018	9606.ENSP00000293549	0	0	0	0.895	0.044	0	0.500	0.125	0.545
WNT7A	WNT11	9606.ENSP00000285018	9606.ENSP00000325526	0	0	0	0.875	0	0	0.500	0.129	0.546
WNT7A	WNT4	9606.ENSP00000285018	9606.ENSP00000290167	0	0	0.052	0.931	0.049	0	0.500	0.121	0.551
WNT7A	WNT9B	9606.ENSP00000285018	9606.ENSP00000290015	0	0	0	0.852	0.055	0.080	0.500	0.147	0.580
WNT7A	AXIN2	9606.ENSP00000285018	9606.ENSP00000302625	0	0	0	0	0.071	0.092	0	0.612	0.644
WNT7A	WNT8A	9606.ENSP00000285018	9606.ENSP00000426653	0	0	0.071	0.850	0	0	0.500	0.361	0.677
WNT7A	WNT8B	9606.ENSP00000285018	9606.ENSP00000340677	0	0	0	0.878	0	0	0.500	0.403	0.688
WNT7A	WNT7B	9606.ENSP00000285018	9606.ENSP00000341032	0	0	0.050	0.980	0.080	0.361	0.500	0.059	0.689
WNT7A	WNT10B	9606.ENSP00000285018	9606.ENSP00000301061	0	0	0	0.891	0.063	0	0.500	0.436	0.712
WNT7A	GSK3B	9606.ENSP00000285018	9606.ENSP00000324806	0	0	0	0	0	0.112	0	0.731	0.751
WNT7A	CTNNB1	9606.ENSP00000285018	9606.ENSP00000495360	0	0	0	0	0	0.137	0	0.740	0.766
WNT7A	FZD8	9606.ENSP00000285018	9606.ENSP00000363826	0	0	0	0	0	0.234	0.650	0.532	0.863
WNT7A	DVL1	9606.ENSP00000285018	9606.ENSP00000368166	0	0	0	0	0.042	0.132	0	0.858	0.872
WNT7A	FZD1	9606.ENSP00000285018	9606.ENSP00000287934	0	0	0	0	0	0.234	0.650	0.769	0.932
WNT7A	FZD2	9606.ENSP00000285018	9606.ENSP00000323901	0	0	0	0	0	0.234	0.650	0.802	0.942
WNT7A	FZD6	9606.ENSP00000285018	9606.ENSP00000351605	0	0	0	0	0.043	0.221	0.650	0.882	0.965
WNT7A	FZD9	9606.ENSP00000285018	9606.ENSP00000345785	0	0	0	0	0.042	0.234	0.650	0.955	0.987
WNT7A	FZD4	9606.ENSP00000285018	9606.ENSP00000434034	0	0	0.202	0	0	0.234	0.650	0.972	0.993
WNT7A	FZD5	9606.ENSP00000285018	9606.ENSP00000354607	0	0	0	0	0	0.234	0.650	0.981	0.994
WNT7A	FZD7	9606.ENSP00000285018	9606.ENSP00000286201	0	0	0	0	0	0.234	0.650	0.985	0.995
WNT7A	LRP5	9606.ENSP00000285018	9606.ENSP00000294304	0	0	0	0	0	0.103	0.650	0.991	0.996
WNT7B	DVL2	9606.ENSP00000341032	9606.ENSP00000005340	0	0	0	0	0	0.132	0	0.645	0.678
WNT7B	WNT16	9606.ENSP00000341032	9606.ENSP00000222462	0	0	0	0.920	0	0	0.500	0.415	0.694
WNT7B	WNT3	9606.ENSP00000341032	9606.ENSP00000225512	0	0	0.059	0.922	0.054	0	0.500	0.094	0.542
WNT7B	CCND1	9606.ENSP00000341032	9606.ENSP00000227507	0	0	0	0	0	0	0	0.446	0.446
WNT7B	FZD10	9606.ENSP00000341032	9606.ENSP00000229030	0	0	0	0	0	0.234	0.650	0.879	0.964
WNT7B	WNT6	9606.ENSP00000341032	9606.ENSP00000233948	0	0	0.058	0.900	0.042	0	0.500	0.127	0.553
WNT7B	FZD3	9606.ENSP00000341032	9606.ENSP00000240093	0	0	0	0	0	0.234	0.650	0.818	0.947
WNT7B	NOTCH2	9606.ENSP00000341032	9606.ENSP00000256646	0	0	0	0	0	0.094	0	0.508	0.536
WNT7B	WNT10A	9606.ENSP00000341032	9606.ENSP00000258411	0	0	0	0.896	0.062	0	0.500	0.116	0.549
WNT7B	LRP6	9606.ENSP00000341032	9606.ENSP00000261349	0	0	0	0	0	0.097	0.650	0.865	0.953
WNT7B	AXIN1	9606.ENSP00000341032	9606.ENSP00000262320	0	0	0	0	0.058	0.092	0	0.543	0.575
WNT7B	WNT5A	9606.ENSP00000341032	9606.ENSP00000264634	0	0	0.055	0.930	0	0	0.500	0.099	0.537
WNT7B	FGF10	9606.ENSP00000341032	9606.ENSP00000264664	0	0	0	0	0.055	0.050	0	0.455	0.468
WNT7B	LEF1	9606.ENSP00000341032	9606.ENSP00000265165	0	0	0	0	0	0.129	0	0.611	0.647
WNT7B	WNT2	9606.ENSP00000341032	9606.ENSP00000265441	0	0	0.057	0.923	0	0	0.500	0.091	0.534
WNT7B	WNT9A	9606.ENSP00000341032	9606.ENSP00000272164	0	0	0	0.852	0.073	0.080	0.500	0.149	0.588
WNT7B	EGFR	9606.ENSP00000341032	9606.ENSP00000275493	0	0	0	0	0.067	0.163	0	0.304	0.409
WNT7B	TCF7L1	9606.ENSP00000341032	9606.ENSP00000282111	0	0	0	0	0	0.129	0	0.359	0.418
WNT7B	WNT3A	9606.ENSP00000341032	9606.ENSP00000284523	0	0	0.065	0.918	0.056	0	0.500	0.403	0.701
WNT7B	WNT7A	9606.ENSP00000341032	9606.ENSP00000285018	0	0	0.050	0.980	0.080	0.361	0.500	0.059	0.689
WNT7B	FZD7	9606.ENSP00000341032	9606.ENSP00000286201	0	0	0	0	0	0.234	0.650	0.877	0.964
WNT7B	FZD1	9606.ENSP00000341032	9606.ENSP00000287934	0	0	0	0	0	0.234	0.650	0.834	0.951
WNT7B	WNT9B	9606.ENSP00000341032	9606.ENSP00000290015	0	0	0	0.854	0.055	0.080	0.500	0.153	0.582
WNT7B	WNT4	9606.ENSP00000341032	9606.ENSP00000290167	0	0	0.059	0.935	0.067	0.545	0.500	0.113	0.790
WNT7B	WNT1	9606.ENSP00000341032	9606.ENSP00000293549	0	0	0	0.895	0.056	0	0.500	0.324	0.653
WNT7B	LRP5	9606.ENSP00000341032	9606.ENSP00000294304	0	0	0	0	0.042	0.103	0.650	0.943	0.980
WNT7B	WNT10B	9606.ENSP00000341032	9606.ENSP00000301061	0	0	0	0.890	0.059	0	0.500	0.425	0.706
WNT7B	AXIN2	9606.ENSP00000341032	9606.ENSP00000302625	0	0	0	0	0.053	0.092	0	0.768	0.783
WNT7B	DVL3	9606.ENSP00000341032	9606.ENSP00000316054	0	0	0	0	0.042	0.132	0	0.654	0.687
WNT7B	FGF8	9606.ENSP00000341032	9606.ENSP00000321797	0	0	0	0	0.066	0.050	0	0.384	0.406
WNT7B	FZD2	9606.ENSP00000341032	9606.ENSP00000323901	0	0	0.204	0	0.043	0.234	0.650	0.836	0.960
WNT7B	GSK3B	9606.ENSP00000341032	9606.ENSP00000324806	0	0	0	0	0	0.112	0	0.506	0.543
WNT7B	WNT11	9606.ENSP00000341032	9606.ENSP00000325526	0	0	0.070	0.879	0.042	0	0.500	0.126	0.559
WNT7B	TCF7	9606.ENSP00000341032	9606.ENSP00000340347	0	0	0	0	0	0.129	0	0.375	0.433
WNT7B	WNT8B	9606.ENSP00000341032	9606.ENSP00000340677	0	0	0	0.878	0.061	0	0.500	0.414	0.700
WNT7B	TCF7L2	9606.ENSP00000341032	9606.ENSP00000486891	0	0	0	0	0	0.129	0	0.352	0.412
WNT7B	WNT2B	9606.ENSP00000341032	9606.ENSP00000358698	0	0	0.055	0.934	0	0	0.500	0.086	0.530
WNT7B	WNT5B	9606.ENSP00000341032	9606.ENSP00000380379	0	0	0.056	0.931	0.044	0	0.500	0.098	0.538
WNT7B	FGF9	9606.ENSP00000341032	9606.ENSP00000371790	0	0	0	0	0.046	0.050	0	0.533	0.540
WNT7B	WNT8A	9606.ENSP00000341032	9606.ENSP00000426653	0	0	0.071	0.856	0	0	0.500	0.131	0.561
WNT7B	CTNNB1	9606.ENSP00000341032	9606.ENSP00000495360	0	0	0	0	0	0.137	0	0.718	0.746
WNT7B	DVL1	9606.ENSP00000341032	9606.ENSP00000368166	0	0	0	0	0.048	0.132	0	0.767	0.791
WNT7B	FZD8	9606.ENSP00000341032	9606.ENSP00000363826	0	0	0	0	0.044	0.234	0.650	0.738	0.923
WNT7B	FZD6	9606.ENSP00000341032	9606.ENSP00000351605	0	0	0	0	0	0.221	0.650	0.797	0.939
WNT7B	FZD5	9606.ENSP00000341032	9606.ENSP00000354607	0	0	0	0	0	0.234	0.650	0.795	0.940
WNT7B	FZD9	9606.ENSP00000341032	9606.ENSP00000345785	0	0	0	0	0	0.234	0.650	0.832	0.951
WNT7B	FZD4	9606.ENSP00000341032	9606.ENSP00000434034	0	0	0.219	0	0	0.234	0.650	0.958	0.990
WNT8A	DVL2	9606.ENSP00000426653	9606.ENSP00000005340	0	0	0	0	0	0.132	0.500	0.366	0.701
WNT8A	WNT16	9606.ENSP00000426653	9606.ENSP00000222462	0	0	0	0.826	0.044	0	0.500	0.431	0.704
WNT8A	WNT3	9606.ENSP00000426653	9606.ENSP00000225512	0	0	0.066	0.852	0	0.079	0.500	0.141	0.581
WNT8A	FZD10	9606.ENSP00000426653	9606.ENSP00000229030	0	0	0	0	0	0.234	0.650	0.430	0.834
WNT8A	WNT6	9606.ENSP00000426653	9606.ENSP00000233948	0	0	0	0.830	0	0	0.500	0.329	0.650
WNT8A	FZD3	9606.ENSP00000426653	9606.ENSP00000240093	0	0	0	0	0	0.234	0.650	0.401	0.825
WNT8A	APC	9606.ENSP00000426653	9606.ENSP00000257430	0	0	0	0	0	0.058	0.500	0.242	0.612
WNT8A	WNT10A	9606.ENSP00000426653	9606.ENSP00000258411	0	0	0	0.806	0.057	0	0.500	0.168	0.573
WNT8A	LRP6	9606.ENSP00000426653	9606.ENSP00000261349	0	0	0	0	0.055	0.095	0.650	0.701	0.898
WNT8A	AXIN1	9606.ENSP00000426653	9606.ENSP00000262320	0	0	0	0	0.053	0.092	0.500	0.466	0.739
WNT8A	WNT5A	9606.ENSP00000426653	9606.ENSP00000264634	0	0	0	0.850	0	0	0.500	0.133	0.547
WNT8A	LEF1	9606.ENSP00000426653	9606.ENSP00000265165	0	0	0	0	0	0.129	0	0.423	0.476
WNT8A	WNT2	9606.ENSP00000426653	9606.ENSP00000265441	0	0	0.070	0.854	0.042	0	0.500	0.120	0.555
WNT8A	WNT9A	9606.ENSP00000426653	9606.ENSP00000272164	0	0	0.075	0.783	0.069	0.080	0.500	0.187	0.619
WNT8A	WNT3A	9606.ENSP00000426653	9606.ENSP00000284523	0	0	0.072	0.853	0	0.079	0.500	0.137	0.582
WNT8A	WNT7A	9606.ENSP00000426653	9606.ENSP00000285018	0	0	0.071	0.850	0	0	0.500	0.361	0.677
WNT8A	FZD7	9606.ENSP00000426653	9606.ENSP00000286201	0	0	0	0	0	0.234	0.650	0.422	0.831
WNT8A	FZD1	9606.ENSP00000426653	9606.ENSP00000287934	0	0	0	0	0	0.234	0.650	0.507	0.856
WNT8A	WNT9B	9606.ENSP00000426653	9606.ENSP00000290015	0	0	0.072	0.815	0.096	0.080	0.500	0.162	0.617
WNT8A	WNT4	9606.ENSP00000426653	9606.ENSP00000290167	0	0	0	0.865	0	0	0.500	0.131	0.547
WNT8A	WNT1	9606.ENSP00000426653	9606.ENSP00000293549	0	0	0	0.858	0	0	0.500	0.441	0.708
WNT8A	LRP5	9606.ENSP00000426653	9606.ENSP00000294304	0	0	0	0	0.055	0.095	0.650	0.708	0.901
WNT8A	WNT10B	9606.ENSP00000426653	9606.ENSP00000301061	0	0	0	0.788	0.057	0	0.500	0.466	0.726
WNT8A	AXIN2	9606.ENSP00000426653	9606.ENSP00000302625	0	0	0	0	0.053	0.092	0	0.490	0.523
WNT8A	DVL3	9606.ENSP00000426653	9606.ENSP00000316054	0	0	0	0	0	0.132	0.500	0.255	0.648
WNT8A	FGF8	9606.ENSP00000426653	9606.ENSP00000321797	0	0	0	0	0.154	0.050	0	0.430	0.502
WNT8A	FZD2	9606.ENSP00000426653	9606.ENSP00000323901	0	0	0	0	0	0.234	0.650	0.475	0.847
WNT8A	GSK3B	9606.ENSP00000426653	9606.ENSP00000324806	0	0	0	0	0	0.112	0.500	0.366	0.694
WNT8A	WNT11	9606.ENSP00000426653	9606.ENSP00000325526	0	0	0	0.822	0	0	0.500	0.162	0.563
WNT8A	WNT8B	9606.ENSP00000426653	9606.ENSP00000340677	0	0	0.057	0.964	0.062	0	0.500	0.304	0.651
WNT8A	WNT7B	9606.ENSP00000426653	9606.ENSP00000341032	0	0	0.071	0.856	0	0	0.500	0.131	0.561
WNT8A	FZD9	9606.ENSP00000426653	9606.ENSP00000345785	0	0	0	0	0	0.234	0.650	0.640	0.895
WNT8A	FZD6	9606.ENSP00000426653	9606.ENSP00000351605	0	0	0	0	0	0.221	0.650	0.411	0.825
WNT8A	FZD5	9606.ENSP00000426653	9606.ENSP00000354607	0	0	0	0	0	0.602	0.650	0.656	0.947
WNT8A	WNT2B	9606.ENSP00000426653	9606.ENSP00000358698	0	0	0.076	0.856	0	0	0.500	0.415	0.706
WNT8A	FZD8	9606.ENSP00000426653	9606.ENSP00000363826	0	0	0	0	0	0.602	0.650	0.677	0.951
WNT8A	DVL1	9606.ENSP00000426653	9606.ENSP00000368166	0	0	0	0	0	0.132	0.500	0.457	0.743
WNT8A	WNT5B	9606.ENSP00000426653	9606.ENSP00000380379	0	0	0	0.860	0	0	0.500	0.129	0.545
WNT8A	CTNNB1	9606.ENSP00000426653	9606.ENSP00000495360	0	0	0	0	0	0.137	0.500	0.578	0.802
WNT8A	FZD4	9606.ENSP00000426653	9606.ENSP00000434034	0	0	0.226	0	0	0.234	0.650	0.676	0.923
WNT8B	DVL2	9606.ENSP00000340677	9606.ENSP00000005340	0	0	0	0	0	0.132	0.500	0.285	0.662
WNT8B	WNT16	9606.ENSP00000340677	9606.ENSP00000222462	0	0	0	0.838	0	0	0.500	0.149	0.556
WNT8B	WNT3	9606.ENSP00000340677	9606.ENSP00000225512	0	0	0	0.854	0.067	0	0.500	0.456	0.724
WNT8B	FZD10	9606.ENSP00000340677	9606.ENSP00000229030	0	0	0	0	0	0.234	0.650	0.430	0.834
WNT8B	WNT6	9606.ENSP00000340677	9606.ENSP00000233948	0	0	0	0.828	0.050	0	0.500	0.160	0.566
WNT8B	FZD3	9606.ENSP00000340677	9606.ENSP00000240093	0	0	0	0	0	0.234	0.650	0.434	0.835
WNT8B	APC	9606.ENSP00000340677	9606.ENSP00000257430	0	0	0	0	0	0.058	0.500	0.238	0.610
WNT8B	WNT10A	9606.ENSP00000340677	9606.ENSP00000258411	0	0	0	0.816	0.057	0	0.500	0.173	0.576
WNT8B	LRP6	9606.ENSP00000340677	9606.ENSP00000261349	0	0	0	0	0	0.095	0.650	0.608	0.865
WNT8B	AXIN1	9606.ENSP00000340677	9606.ENSP00000262320	0	0	0	0	0.053	0.092	0.500	0.418	0.716
WNT8B	WNT5A	9606.ENSP00000340677	9606.ENSP00000264634	0	0	0	0.865	0	0	0.500	0.122	0.542
WNT8B	LEF1	9606.ENSP00000340677	9606.ENSP00000265165	0	0	0	0	0	0.129	0	0.504	0.550
WNT8B	WNT2	9606.ENSP00000340677	9606.ENSP00000265441	0	0	0.067	0.865	0.042	0	0.500	0.438	0.715
WNT8B	WNT9A	9606.ENSP00000340677	9606.ENSP00000272164	0	0	0	0.819	0.072	0.080	0.500	0.163	0.595
WNT8B	TCF7L1	9606.ENSP00000340677	9606.ENSP00000282111	0	0	0	0	0	0.129	0	0.397	0.453
WNT8B	WNT3A	9606.ENSP00000340677	9606.ENSP00000284523	0	0	0	0.850	0.097	0	0.500	0.448	0.729
WNT8B	WNT7A	9606.ENSP00000340677	9606.ENSP00000285018	0	0	0	0.878	0	0	0.500	0.403	0.688
WNT8B	FZD7	9606.ENSP00000340677	9606.ENSP00000286201	0	0	0	0	0	0.234	0.650	0.426	0.832
WNT8B	FZD1	9606.ENSP00000340677	9606.ENSP00000287934	0	0	0	0	0	0.234	0.650	0.544	0.867
WNT8B	WNT9B	9606.ENSP00000340677	9606.ENSP00000290015	0	0	0.077	0.811	0.057	0.080	0.500	0.160	0.602
WNT8B	WNT4	9606.ENSP00000340677	9606.ENSP00000290167	0	0	0	0.876	0.042	0	0.500	0.127	0.545
WNT8B	WNT1	9606.ENSP00000340677	9606.ENSP00000293549	0	0	0	0.857	0.115	0	0.500	0.337	0.681
WNT8B	LRP5	9606.ENSP00000340677	9606.ENSP00000294304	0	0	0	0	0	0.095	0.650	0.637	0.875
WNT8B	WNT10B	9606.ENSP00000340677	9606.ENSP00000301061	0	0	0	0.801	0.059	0	0.500	0.192	0.587
WNT8B	AXIN2	9606.ENSP00000340677	9606.ENSP00000302625	0	0	0	0	0.060	0.092	0	0.488	0.525
WNT8B	DVL3	9606.ENSP00000340677	9606.ENSP00000316054	0	0	0	0	0	0.132	0.500	0.265	0.653
WNT8B	FGF8	9606.ENSP00000340677	9606.ENSP00000321797	0	0	0	0	0.143	0.050	0	0.433	0.498
WNT8B	FZD2	9606.ENSP00000340677	9606.ENSP00000323901	0	0	0	0	0	0.234	0.650	0.712	0.916
WNT8B	GSK3B	9606.ENSP00000340677	9606.ENSP00000324806	0	0	0	0	0	0.112	0.500	0.365	0.693
WNT8B	WNT11	9606.ENSP00000340677	9606.ENSP00000325526	0	0	0.078	0.820	0.122	0	0.500	0.153	0.611
WNT8B	WNT5B	9606.ENSP00000340677	9606.ENSP00000380379	0	0	0	0.863	0	0	0.500	0.131	0.546
WNT8B	WNT2B	9606.ENSP00000340677	9606.ENSP00000358698	0	0	0.064	0.863	0.042	0	0.500	0.133	0.559
WNT8B	WNT8A	9606.ENSP00000340677	9606.ENSP00000426653	0	0	0.057	0.964	0.062	0	0.500	0.304	0.651
WNT8B	WNT7B	9606.ENSP00000340677	9606.ENSP00000341032	0	0	0	0.878	0.061	0	0.500	0.414	0.700
WNT8B	DVL1	9606.ENSP00000340677	9606.ENSP00000368166	0	0	0	0	0	0.132	0.500	0.417	0.725
WNT8B	CTNNB1	9606.ENSP00000340677	9606.ENSP00000495360	0	0	0	0	0	0.137	0.500	0.543	0.785
WNT8B	FZD6	9606.ENSP00000340677	9606.ENSP00000351605	0	0	0	0	0	0.221	0.650	0.462	0.840
WNT8B	FZD4	9606.ENSP00000340677	9606.ENSP00000434034	0	0	0	0	0	0.234	0.650	0.475	0.847
WNT8B	FZD8	9606.ENSP00000340677	9606.ENSP00000363826	0	0	0	0	0	0.234	0.650	0.502	0.855
WNT8B	FZD5	9606.ENSP00000340677	9606.ENSP00000354607	0	0	0	0	0	0.234	0.650	0.505	0.855
WNT8B	FZD9	9606.ENSP00000340677	9606.ENSP00000345785	0	0	0	0	0.049	0.234	0.650	0.531	0.864
WNT9A	DVL2	9606.ENSP00000272164	9606.ENSP00000005340	0	0	0	0	0	0.129	0	0.443	0.494
WNT9A	WNT16	9606.ENSP00000272164	9606.ENSP00000222462	0	0	0	0.834	0.055	0.080	0.500	0.187	0.599
WNT9A	WNT3	9606.ENSP00000272164	9606.ENSP00000225512	0	0	0	0.805	0.087	0.080	0.500	0.185	0.611
WNT9A	FZD10	9606.ENSP00000272164	9606.ENSP00000229030	0	0	0	0	0	0.173	0.650	0.418	0.817
WNT9A	WNT6	9606.ENSP00000272164	9606.ENSP00000233948	0	0	0	0.841	0.055	0.080	0.500	0.454	0.731
WNT9A	FZD3	9606.ENSP00000272164	9606.ENSP00000240093	0	0	0	0	0	0.173	0.650	0.488	0.839
WNT9A	WNT10A	9606.ENSP00000272164	9606.ENSP00000258411	0	0	0.065	0.845	0.044	0	0.500	0.173	0.581
WNT9A	LRP6	9606.ENSP00000272164	9606.ENSP00000261349	0	0	0	0	0	0.091	0.650	0.448	0.809
WNT9A	AXIN1	9606.ENSP00000272164	9606.ENSP00000262320	0	0	0	0	0.053	0.068	0	0.531	0.550
WNT9A	WNT5A	9606.ENSP00000272164	9606.ENSP00000264634	0	0	0	0.833	0.055	0.080	0.500	0.449	0.728
WNT9A	LEF1	9606.ENSP00000272164	9606.ENSP00000265165	0	0	0	0	0	0.129	0	0.487	0.534
WNT9A	WNT2	9606.ENSP00000272164	9606.ENSP00000265441	0	0	0	0.841	0.055	0.080	0.500	0.132	0.572
WNT9A	GSK3B	9606.ENSP00000272164	9606.ENSP00000324806	0	0	0	0	0	0.104	0	0.359	0.401
WNT9A	TCF7L1	9606.ENSP00000272164	9606.ENSP00000282111	0	0	0	0	0	0.129	0	0.351	0.411
WNT9A	DVL3	9606.ENSP00000272164	9606.ENSP00000316054	0	0	0	0	0	0.129	0	0.354	0.413
WNT9A	WNT9B	9606.ENSP00000272164	9606.ENSP00000290015	0	0	0.059	0.960	0.062	0	0.500	0.077	0.538
WNT9A	DVL1	9606.ENSP00000272164	9606.ENSP00000368166	0	0	0	0	0.049	0.129	0	0.518	0.566
WNT9A	WNT10B	9606.ENSP00000272164	9606.ENSP00000301061	0	0	0	0.823	0	0	0.500	0.179	0.572
WNT9A	WNT7A	9606.ENSP00000272164	9606.ENSP00000285018	0	0	0	0.840	0.060	0.080	0.500	0.156	0.587
WNT9A	WNT7B	9606.ENSP00000272164	9606.ENSP00000341032	0	0	0	0.852	0.073	0.080	0.500	0.149	0.588
WNT9A	WNT5B	9606.ENSP00000272164	9606.ENSP00000380379	0	0	0	0.822	0.057	0.080	0.500	0.164	0.589
WNT9A	WNT8B	9606.ENSP00000272164	9606.ENSP00000340677	0	0	0	0.819	0.072	0.080	0.500	0.163	0.595
WNT9A	TCF7	9606.ENSP00000272164	9606.ENSP00000340347	0	0	0	0	0	0.129	0	0.562	0.603
WNT9A	AXIN2	9606.ENSP00000272164	9606.ENSP00000302625	0	0	0	0	0.053	0.068	0	0.590	0.606
WNT9A	WNT4	9606.ENSP00000272164	9606.ENSP00000290167	0	0	0	0.848	0.080	0.088	0.500	0.176	0.608
WNT9A	WNT8A	9606.ENSP00000272164	9606.ENSP00000426653	0	0	0.075	0.783	0.069	0.080	0.500	0.187	0.619
WNT9A	WNT2B	9606.ENSP00000272164	9606.ENSP00000358698	0	0	0	0.842	0.058	0.080	0.500	0.340	0.676
WNT9A	WNT1	9606.ENSP00000272164	9606.ENSP00000293549	0	0	0	0.850	0.060	0.080	0.500	0.431	0.721
WNT9A	WNT11	9606.ENSP00000272164	9606.ENSP00000325526	0	0	0	0.816	0.055	0.080	0.500	0.472	0.739
WNT9A	WNT3A	9606.ENSP00000272164	9606.ENSP00000284523	0	0	0	0.807	0.106	0.080	0.500	0.450	0.743
WNT9A	CTNNB1	9606.ENSP00000272164	9606.ENSP00000495360	0	0	0	0	0	0.113	0	0.742	0.761
WNT9A	FZD5	9606.ENSP00000272164	9606.ENSP00000354607	0	0	0	0	0	0.173	0.650	0.490	0.839
WNT9A	FZD7	9606.ENSP00000272164	9606.ENSP00000286201	0	0	0	0	0	0.173	0.650	0.542	0.855
WNT9A	FZD6	9606.ENSP00000272164	9606.ENSP00000351605	0	0	0	0	0	0.173	0.650	0.544	0.856
WNT9A	FZD2	9606.ENSP00000272164	9606.ENSP00000323901	0	0	0	0	0	0.173	0.650	0.545	0.856
WNT9A	FZD8	9606.ENSP00000272164	9606.ENSP00000363826	0	0	0	0	0.074	0.173	0.650	0.544	0.861
WNT9A	FZD9	9606.ENSP00000272164	9606.ENSP00000345785	0	0	0	0	0	0.173	0.650	0.576	0.866
WNT9A	FZD1	9606.ENSP00000272164	9606.ENSP00000287934	0	0	0	0	0	0.173	0.650	0.604	0.875
WNT9A	FZD4	9606.ENSP00000272164	9606.ENSP00000434034	0	0	0.203	0	0.049	0.173	0.650	0.518	0.875
WNT9A	LRP5	9606.ENSP00000272164	9606.ENSP00000294304	0	0	0	0	0.062	0.091	0.650	0.694	0.896
WNT9B	DVL2	9606.ENSP00000290015	9606.ENSP00000005340	0	0	0	0	0	0.129	0	0.469	0.518
WNT9B	WNT16	9606.ENSP00000290015	9606.ENSP00000222462	0	0	0	0.869	0.055	0.080	0.500	0.136	0.574
WNT9B	WNT3	9606.ENSP00000290015	9606.ENSP00000225512	0	0	0.071	0.819	0.098	0.080	0.500	0.193	0.632
WNT9B	FZD10	9606.ENSP00000290015	9606.ENSP00000229030	0	0	0	0	0	0.173	0.650	0.629	0.883
WNT9B	WNT6	9606.ENSP00000290015	9606.ENSP00000233948	0	0	0	0.844	0.060	0.080	0.500	0.155	0.586
WNT9B	FZD3	9606.ENSP00000290015	9606.ENSP00000240093	0	0	0	0	0	0.173	0.650	0.418	0.817
WNT9B	WNT10A	9606.ENSP00000290015	9606.ENSP00000258411	0	0	0	0.843	0.042	0	0.500	0.167	0.566
WNT9B	LRP6	9606.ENSP00000290015	9606.ENSP00000261349	0	0	0	0	0	0.091	0.650	0.707	0.898
WNT9B	AXIN1	9606.ENSP00000290015	9606.ENSP00000262320	0	0	0	0	0.053	0.068	0	0.517	0.536
WNT9B	WNT5A	9606.ENSP00000290015	9606.ENSP00000264634	0	0	0	0.836	0.055	0.080	0.500	0.400	0.704
WNT9B	LEF1	9606.ENSP00000290015	9606.ENSP00000265165	0	0	0	0	0	0.129	0	0.481	0.529
WNT9B	WNT2	9606.ENSP00000290015	9606.ENSP00000265441	0	0	0	0.852	0.055	0.080	0.500	0.149	0.580
WNT9B	WNT9A	9606.ENSP00000290015	9606.ENSP00000272164	0	0	0.059	0.960	0.062	0	0.500	0.077	0.538
WNT9B	WNT3A	9606.ENSP00000290015	9606.ENSP00000284523	0	0	0	0.811	0.091	0.080	0.500	0.465	0.746
WNT9B	WNT7A	9606.ENSP00000290015	9606.ENSP00000285018	0	0	0	0.852	0.055	0.080	0.500	0.147	0.580
WNT9B	FZD7	9606.ENSP00000290015	9606.ENSP00000286201	0	0	0	0	0	0.173	0.650	0.648	0.889
WNT9B	FZD1	9606.ENSP00000290015	9606.ENSP00000287934	0	0	0	0	0	0.173	0.650	0.518	0.848
WNT9B	DVL3	9606.ENSP00000290015	9606.ENSP00000316054	0	0	0	0	0	0.129	0	0.409	0.463
WNT9B	FGF8	9606.ENSP00000290015	9606.ENSP00000321797	0	0	0	0	0.060	0.050	0	0.467	0.482
WNT9B	DVL1	9606.ENSP00000290015	9606.ENSP00000368166	0	0	0	0	0	0.129	0	0.517	0.561
WNT9B	WNT10B	9606.ENSP00000290015	9606.ENSP00000301061	0	0	0	0.849	0.042	0	0.500	0.160	0.562
WNT9B	WNT7B	9606.ENSP00000290015	9606.ENSP00000341032	0	0	0	0.854	0.055	0.080	0.500	0.153	0.582
WNT9B	WNT5B	9606.ENSP00000290015	9606.ENSP00000380379	0	0	0	0.822	0.055	0.080	0.500	0.157	0.584
WNT9B	WNT11	9606.ENSP00000290015	9606.ENSP00000325526	0	0	0	0.816	0.055	0.080	0.500	0.166	0.588
WNT9B	WNT4	9606.ENSP00000290015	9606.ENSP00000290167	0	0	0	0.861	0.055	0.080	0.500	0.166	0.589
WNT9B	WNT2B	9606.ENSP00000290015	9606.ENSP00000358698	0	0	0	0.862	0.055	0.080	0.500	0.178	0.594
WNT9B	WNT8B	9606.ENSP00000290015	9606.ENSP00000340677	0	0	0.077	0.811	0.057	0.080	0.500	0.160	0.602
WNT9B	WNT8A	9606.ENSP00000290015	9606.ENSP00000426653	0	0	0.072	0.815	0.096	0.080	0.500	0.162	0.617
WNT9B	CTNNB1	9606.ENSP00000290015	9606.ENSP00000495360	0	0	0	0	0	0.113	0	0.599	0.629
WNT9B	AXIN2	9606.ENSP00000290015	9606.ENSP00000302625	0	0	0	0	0.053	0.068	0	0.617	0.633
WNT9B	WNT1	9606.ENSP00000290015	9606.ENSP00000293549	0	0	0	0.857	0.062	0.080	0.500	0.505	0.758
WNT9B	FZD9	9606.ENSP00000290015	9606.ENSP00000345785	0	0	0	0	0	0.173	0.650	0.455	0.828
WNT9B	FZD8	9606.ENSP00000290015	9606.ENSP00000363826	0	0	0	0	0	0.173	0.650	0.489	0.839
WNT9B	FZD2	9606.ENSP00000290015	9606.ENSP00000323901	0	0	0	0	0	0.173	0.650	0.493	0.840
WNT9B	FZD6	9606.ENSP00000290015	9606.ENSP00000351605	0	0	0	0	0	0.173	0.650	0.587	0.870
WNT9B	LRP5	9606.ENSP00000290015	9606.ENSP00000294304	0	0	0	0	0	0.091	0.650	0.695	0.894
WNT9B	FZD5	9606.ENSP00000290015	9606.ENSP00000354607	0	0	0	0	0	0.173	0.650	0.686	0.901
WNT9B	FZD4	9606.ENSP00000290015	9606.ENSP00000434034	0	0	0.261	0	0	0.173	0.650	0.619	0.907
